sem_bge,comp_bge,exp_bge,form_bge,sem_v2,skills_raw,edu_gap,edu_domain_compat,exp_domain_ratio,label
0.806493,0.125,0.5,0.5,0.806493,0.125,0.0,1.0,0.1875,0.494
0.813801,0.1667,0.5,0.5,0.813801,0.1667,0.0,0.45,0.25,0.7764
0.780323,0.2083,0.5,0.5,0.780323,0.2083,0.0,0.45,0.3125,1.0
0.804905,0.0833,0.5,0.5,0.804905,0.0833,0.0,1.0,0.125,0.3263
0.812245,0.2917,0.5,0.5,0.812245,0.2917,0.0,1.0,0.4375,0.8603
0.797801,0.1667,0.5,0.5,0.797801,0.1667,0.0,1.0,0.25,0.7315
0.826489,0.2917,0.5,0.5,0.826489,0.2917,0.0,1.0,0.4375,0.7136
0.835715,0.0833,0.5,0.5,0.835715,0.0833,0.0,1.0,0.125,0.8603
0.803985,0.25,0.5,0.5,0.803985,0.25,0.0,1.0,0.375,0.9581
0.835175,0.3333,0.5,0.5,0.835175,0.3333,0.0,1.0,0.5,0.9092
0.855992,0.1667,0.5,0.5,0.855992,0.1667,0.0,1.0,0.25,0.7874
0.841858,0.2083,0.5,0.5,0.841858,0.2083,0.0,1.0,0.3125,0.8603
0.814727,0.1667,0.5,0.5,0.814727,0.1667,0.0,1.0,0.25,0.9022
0.813423,0.125,0.5,0.5,0.813423,0.125,0.0,1.0,0.1875,0.8184
0.781545,0.2083,0.5,0.5,0.781545,0.2083,0.0,1.0,0.3125,0.7834
0.818416,0.125,0.5,0.5,0.818416,0.125,0.0,0.45,0.1875,0.3892
0.81668,0.2083,0.5,0.5,0.81668,0.2083,0.0,1.0,0.3125,0.9022
0.840079,0.25,0.5,0.5,0.840079,0.25,0.0,1.0,0.375,0.9581
0.81752,0.0833,0.5,0.5,0.81752,0.0833,0.0,1.0,0.125,0.9581
0.832006,0.2917,0.5,0.5,0.832006,0.2917,0.0,1.0,0.4375,0.9162
0.796146,0.0417,0.5,0.5,0.796146,0.0417,0.0,1.0,0.0625,0.4242
0.845764,0.3333,0.5,0.5,0.845764,0.3333,0.0,1.0,0.5,0.8184
0.825221,0.25,0.5,0.5,0.825221,0.25,0.0,1.0,0.375,0.8603
0.820371,0.375,0.5,0.5,0.820371,0.375,0.0,1.0,0.5625,0.8533
0.809095,0.2917,0.5,0.5,0.809095,0.2917,0.0,1.0,0.4375,0.7695
0.817633,0.1667,0.5,0.5,0.817633,0.1667,0.0,1.0,0.25,0.8044
0.805788,0.2083,0.5,0.5,0.805788,0.2083,0.0,1.0,0.3125,0.9581
0.845569,0.1667,0.5,0.5,0.845569,0.1667,0.0,1.0,0.25,0.9232
0.811451,0.125,0.5,0.5,0.811451,0.125,0.0,1.0,0.1875,0.5739
0.794867,0.125,0.5,0.5,0.794867,0.125,0.0,1.0,0.1875,0.6996
0.819352,0.1667,0.5,0.5,0.819352,0.1667,0.0,1.0,0.25,0.8184
0.814241,0.3333,0.5,0.5,0.814241,0.3333,0.0,1.0,0.5,0.8603
0.853937,0.25,0.5,0.5,0.853937,0.25,0.0,0.45,0.375,0.8393
0.812957,0.25,0.5,0.5,0.812957,0.25,0.0,1.0,0.375,0.8323
0.809454,0.2083,0.5,0.5,0.809454,0.2083,0.0,0.8,0.3125,0.8323
0.856489,0.25,0.5,0.5,0.856489,0.25,0.0,1.0,0.375,0.9581
0.832887,0.3333,0.5,0.5,0.832887,0.3333,0.0,1.0,0.5,0.9162
0.909371,0.25,0.5,0.5,0.909371,0.25,0.0,0.45,0.375,0.7136
0.823614,0.1667,0.5,0.5,0.823614,0.1667,0.0,1.0,0.25,0.6617
0.803988,0.1667,0.5,0.5,0.803988,0.1667,0.0,1.0,0.25,0.6647
0.823014,0.125,0.5,0.5,0.823014,0.125,0.0,1.0,0.1875,0.7974
0.806138,0.1667,0.5,0.5,0.806138,0.1667,0.0,1.0,0.25,0.9341
0.821595,0.3333,0.5,0.5,0.821595,0.3333,0.0,0.8,0.5,0.9511
0.832115,0.125,0.5,0.5,0.832115,0.125,0.0,1.0,0.1875,0.5289
0.811936,0.1667,0.5,0.5,0.811936,0.1667,0.0,1.0,0.25,0.8603
0.803597,0.0833,0.5,0.5,0.803597,0.0833,0.0,1.0,0.125,0.7974
0.782815,0.25,0.5,0.5,0.782815,0.25,0.0,1.0,0.375,0.9092
0.830649,0.2083,0.5,0.5,0.830649,0.2083,0.0,1.0,0.3125,0.8952
0.801444,0.2917,0.5,0.5,0.801444,0.2917,0.0,0.8,0.4375,0.8533
0.755481,0.1667,0.5,0.5,0.755481,0.1667,0.0,1.0,0.25,0.6437
0.813409,0.125,0.5,0.5,0.813409,0.125,0.0,1.0,0.1875,0.7136
0.799036,0.1667,0.5,0.5,0.799036,0.1667,0.0,1.0,0.25,0.8184
0.79852,0.2083,0.5,0.5,0.79852,0.2083,0.0,1.0,0.3125,0.9092
0.815354,0.2083,0.5,0.5,0.815354,0.2083,0.0,1.0,0.3125,0.7555
0.827477,0.2083,0.5,0.5,0.827477,0.2083,0.0,1.0,0.3125,0.7206
0.859081,0.3333,0.5,0.5,0.859081,0.3333,0.0,0.45,0.5,0.9651
0.779523,0.25,0.5,0.5,0.779523,0.25,0.0,1.0,0.375,0.8673
0.802962,0.125,0.5,0.5,0.802962,0.125,0.0,1.0,0.1875,1.0
0.827705,0.375,0.5,0.5,0.827705,0.375,0.0,1.0,0.5625,0.9651
0.812101,0.2917,0.5,0.5,0.812101,0.2917,0.0,1.0,0.4375,0.4551
0.815115,0.2917,0.5,0.5,0.815115,0.2917,0.0,1.0,0.4375,0.8044
0.78366,0.125,0.5,0.5,0.78366,0.125,0.0,1.0,0.1875,0.9581
0.801447,0.1667,0.5,0.5,0.801447,0.1667,0.0,1.0,0.25,0.9022
0.802554,0.0833,0.5,0.5,0.802554,0.0833,0.0,1.0,0.125,0.9022
0.811381,0.2083,0.5,0.5,0.811381,0.2083,0.0,1.0,0.3125,0.6297
0.832006,0.3333,0.5,0.5,0.832006,0.3333,0.0,1.0,0.5,0.9511
0.839552,0.1667,0.5,0.5,0.839552,0.1667,0.0,1.0,0.25,0.6407
0.847583,0.2083,0.5,0.5,0.847583,0.2083,0.0,1.0,0.3125,0.8743
0.820137,0.2083,0.5,0.5,0.820137,0.2083,0.0,1.0,0.3125,0.7764
0.818351,0.25,0.5,0.5,0.818351,0.25,0.0,1.0,0.375,0.7695
0.823661,0.2083,0.5,0.5,0.823661,0.2083,0.0,1.0,0.3125,0.9092
0.781177,0.1667,0.5,0.5,0.781177,0.1667,0.0,1.0,0.25,0.483
0.868765,0.3333,0.5,0.5,0.868765,0.3333,0.0,1.0,0.5,0.9022
0.779731,0.3333,0.5,0.5,0.779731,0.3333,0.0,0.45,0.5,0.9341
0.786005,0.125,0.5,0.5,0.786005,0.125,0.0,1.0,0.1875,0.5848
0.790841,0.2083,0.5,0.5,0.790841,0.2083,0.0,1.0,0.3125,0.8184
0.801416,0.125,0.5,0.5,0.801416,0.125,0.0,1.0,0.1875,0.5289
0.900719,0.125,0.5,0.5,0.900719,0.125,0.0,0.45,0.1875,0.9581
0.846116,0.125,0.5,0.5,0.846116,0.125,0.0,1.0,0.1875,0.8463
0.80691,0.125,0.5,0.5,0.80691,0.125,0.0,1.0,0.1875,0.9092
0.819352,0.2917,0.5,0.5,0.819352,0.2917,0.0,1.0,0.4375,0.7275
0.817828,0.2917,0.5,0.5,0.817828,0.2917,0.0,1.0,0.4375,0.9581
0.83733,0.125,0.5,0.5,0.83733,0.125,0.0,1.0,0.1875,0.5739
0.839779,0.125,0.5,0.5,0.839779,0.125,0.0,0.45,0.1875,0.9511
0.812818,0.125,0.5,0.5,0.812818,0.125,0.0,1.0,0.1875,0.6437
0.8969,0.25,0.5,0.5,0.8969,0.25,0.0,1.0,0.375,0.9581
0.872785,0.2083,0.5,0.5,0.872785,0.2083,0.0,1.0,0.3125,0.7555
0.824325,0.2083,0.5,0.5,0.824325,0.2083,0.0,1.0,0.3125,0.8673
0.811744,0.25,0.5,0.5,0.811744,0.25,0.0,1.0,0.375,0.6786
0.852005,0.375,0.5,0.5,0.852005,0.375,0.0,1.0,0.5625,0.9581
0.818672,0.1667,0.5,0.5,0.818672,0.1667,0.0,1.0,0.25,0.7804
0.810756,0.1667,0.5,0.5,0.810756,0.1667,0.0,1.0,0.25,0.8603
0.821165,0.2917,0.5,0.5,0.821165,0.2917,0.0,1.0,0.4375,1.0
0.843172,0.4167,0.5,0.5,0.843172,0.4167,0.0,1.0,0.625,0.9092
0.759431,0.125,0.5,0.5,0.759431,0.125,0.0,1.0,0.1875,1.0
0.822338,0.25,0.5,0.5,0.822338,0.25,0.0,1.0,0.375,0.8533
0.791738,0.1667,0.5,0.5,0.791738,0.1667,0.0,1.0,0.25,0.6926
0.796298,0.0833,0.5,0.5,0.796298,0.0833,0.0,1.0,0.125,0.8253
0.822833,0.0833,0.5,0.5,0.822833,0.0833,0.0,1.0,0.125,0.5569
0.822101,0.0,0.5,0.5,0.822101,0.0,0.0,1.0,0.0,0.3713
0.815717,0.125,0.5,0.5,0.815717,0.125,0.0,1.0,0.1875,0.7625
0.872501,0.3333,0.5,0.5,0.872501,0.3333,0.0,1.0,0.5,1.0
0.781156,0.125,0.5,0.5,0.781156,0.125,0.0,1.0,0.1875,0.4381
0.795742,0.1667,0.5,0.5,0.795742,0.1667,0.0,1.0,0.25,0.8463
0.838659,0.2917,0.5,0.5,0.838659,0.2917,0.0,1.0,0.4375,0.8852
0.902198,0.3333,0.5,0.5,0.902198,0.3333,0.0,1.0,0.5,0.8603
0.84204,0.2083,0.5,0.5,0.84204,0.2083,0.0,1.0,0.3125,0.6507
0.821977,0.125,0.5,0.5,0.821977,0.125,0.0,1.0,0.1875,0.6407
0.825527,0.25,0.5,0.5,0.825527,0.25,0.0,1.0,0.375,0.9092
0.807678,0.0833,0.5,0.5,0.807678,0.0833,0.0,1.0,0.125,0.9581
0.834358,0.1143,0.5,0.5,0.834358,0.1143,0.0,1.0,0.1714,0.2188
0.829004,0.1143,0.5,0.5,0.829004,0.1143,0.0,1.0,0.1714,0.2412
0.821368,0.0857,0.5,0.5,0.821368,0.0857,0.0,1.0,0.1285,0.0825
0.827209,0.1429,0.5,0.5,0.827209,0.1429,0.0,1.0,0.2143,0.1894
0.832536,0.0571,0.5,0.5,0.832536,0.0571,0.0,1.0,0.0857,0.2342
0.815624,0.2286,0.5,0.5,0.815624,0.2286,0.0,1.0,0.3429,0.229
0.829677,0.2,0.5,0.5,0.829677,0.2,0.0,1.0,0.3,0.2342
0.798503,0.0571,0.5,0.5,0.798503,0.0571,0.0,1.0,0.0857,0.1907
0.797861,0.1429,0.5,0.5,0.797861,0.1429,0.0,1.0,0.2143,0.2342
0.806124,0.0857,0.5,0.5,0.806124,0.0857,0.0,1.0,0.1285,0.1248
0.814974,0.1714,0.5,0.5,0.814974,0.1714,0.0,1.0,0.2571,0.6148
0.764235,0.0571,0.5,0.5,0.764235,0.0571,0.0,1.0,0.0857,0.1363
0.739904,0.1429,0.5,0.5,0.739904,0.1429,0.0,1.0,0.2143,0.1401
0.807451,0.0857,0.5,0.5,0.807451,0.0857,0.0,1.0,0.1285,0.1759
0.799454,0.0571,0.5,0.5,0.799454,0.0571,0.0,1.0,0.0857,0.1523
0.815589,0.1429,0.5,0.5,0.815589,0.1429,0.0,1.0,0.2143,0.1401
0.799884,0.0857,0.5,0.5,0.799884,0.0857,0.0,1.0,0.1285,0.1184
0.83509,0.0857,0.5,0.5,0.83509,0.0857,0.0,1.0,0.1285,0.2476
0.812776,0.1429,0.5,0.5,0.812776,0.1429,0.0,1.0,0.2143,0.1676
0.804257,0.0857,0.5,0.5,0.804257,0.0857,0.0,1.0,0.1285,0.1446
0.779255,0.0286,0.5,0.5,0.779255,0.0286,0.0,1.0,0.0429,0.0934
0.832743,0.3143,0.5,0.5,0.832743,0.3143,0.0,1.0,0.4715,0.2905
0.798438,0.1429,0.5,0.5,0.798438,0.1429,0.0,1.0,0.2143,0.2035
0.793821,0.1429,0.5,0.5,0.793821,0.1429,0.0,1.0,0.2143,0.199
0.827789,0.0286,0.5,0.5,0.827789,0.0286,0.0,1.0,0.0429,0.1587
0.808884,0.0857,0.5,0.5,0.808884,0.0857,0.0,1.0,0.1285,0.1356
0.809899,0.0571,0.5,0.5,0.809899,0.0571,0.0,1.0,0.0857,0.1248
0.832113,0.0571,0.5,0.5,0.832113,0.0571,0.0,1.0,0.0857,0.1401
0.788537,0.1143,0.5,0.5,0.788537,0.1143,0.0,1.0,0.1714,0.1721
0.810657,0.0857,0.5,0.5,0.810657,0.0857,0.0,1.0,0.1285,0.167
0.827011,0.0286,0.5,0.5,0.827011,0.0286,0.0,1.0,0.0429,0.1651
0.829749,0.1429,0.5,0.5,0.829749,0.1429,0.0,1.0,0.2143,0.3218
0.827375,0.0571,0.5,0.5,0.827375,0.0571,0.0,1.0,0.0857,0.0672
0.82194,0.1714,0.5,0.5,0.82194,0.1714,0.0,1.0,0.2571,0.1625
0.802479,0.0286,0.5,0.5,0.802479,0.0286,0.0,1.0,0.0429,0.1401
0.836903,0.1714,0.5,0.5,0.836903,0.1714,0.0,1.0,0.2571,0.373
0.80335,0.1143,0.5,0.5,0.80335,0.1143,0.0,1.0,0.1714,0.2476
0.827985,0.0286,0.5,0.5,0.827985,0.0286,0.0,1.0,0.0429,0.3013
0.822821,0.0286,0.5,0.5,0.822821,0.0286,0.0,1.0,0.0429,0.1759
0.797587,0.1429,0.5,0.5,0.797587,0.1429,0.0,1.0,0.2143,0.1804
0.824688,0.0,0.5,0.5,0.824688,0.0,0.0,1.0,0.0,0.1702
0.836905,0.1714,0.5,0.5,0.836905,0.1714,0.0,1.0,0.2571,0.2924
0.843205,0.0286,0.5,0.5,0.843205,0.0286,0.0,1.0,0.0429,0.2028
0.764003,0.0571,0.5,0.5,0.764003,0.0571,0.0,1.0,0.0857,0.0518
0.819127,0.1429,0.5,0.5,0.819127,0.1429,0.0,1.0,0.2143,0.1715
0.826696,0.0571,0.5,0.5,0.826696,0.0571,0.0,1.0,0.0857,0.1273
0.787736,0.1143,0.5,0.5,0.787736,0.1143,0.0,1.0,0.1714,0.1894
0.811985,0.1143,0.5,0.5,0.811985,0.1143,0.0,1.0,0.1714,0.1657
0.789638,0.0857,0.5,0.5,0.789638,0.0857,0.0,1.0,0.1285,0.1267
0.751258,0.1429,0.5,0.5,0.751258,0.1429,0.0,1.0,0.2143,0.2342
0.803466,0.0,0.5,0.5,0.803466,0.0,0.0,1.0,0.0,0.183
0.796038,0.2857,0.5,0.5,0.796038,0.2857,0.0,1.0,0.4285,0.5118
0.818746,0.0286,0.5,0.5,0.818746,0.0286,0.0,1.0,0.0429,0.0704
0.816237,0.1143,0.5,0.5,0.816237,0.1143,0.0,1.0,0.1714,0.2163
0.780855,0.0571,0.5,0.5,0.780855,0.0571,0.0,1.0,0.0857,0.1759
0.780745,0.1429,0.5,0.5,0.780745,0.1429,0.0,1.0,0.2143,0.2834
0.834225,0.0571,0.5,0.5,0.834225,0.0571,0.0,1.0,0.0857,0.2028
0.823838,0.0857,0.5,0.5,0.823838,0.0857,0.0,1.0,0.1285,0.0653
0.779006,0.0857,0.5,0.5,0.779006,0.0857,0.0,1.0,0.1285,0.0921
0.834003,0.0571,0.5,0.5,0.834003,0.0571,0.0,1.0,0.0857,0.1164
0.755123,0.0857,0.5,0.5,0.755123,0.0857,0.0,1.0,0.1285,0.1721
0.820102,0.0857,0.5,0.5,0.820102,0.0857,0.0,1.0,0.1285,0.1132
0.792569,0.0571,0.5,0.5,0.792569,0.0571,0.0,1.0,0.0857,0.1587
0.792308,0.1143,0.5,0.5,0.792308,0.1143,0.0,1.0,0.1714,0.1625
0.787206,0.0857,0.5,0.5,0.787206,0.0857,0.0,1.0,0.1285,0.1401
0.798989,0.0857,0.5,0.5,0.798989,0.0857,0.0,1.0,0.1285,0.1075
0.844345,0.1714,0.5,0.5,0.844345,0.1714,0.0,1.0,0.2571,0.6148
0.799676,0.0286,0.5,0.5,0.799676,0.0286,0.0,1.0,0.0429,0.1472
0.802901,0.0857,0.5,0.5,0.802901,0.0857,0.0,0.45,0.1285,0.142
0.812373,0.0857,0.5,0.5,0.812373,0.0857,0.0,1.0,0.1285,0.2028
0.801296,0.0571,0.5,0.5,0.801296,0.0571,0.0,1.0,0.0857,0.0787
0.812845,0.0571,0.5,0.5,0.812845,0.0571,0.0,1.0,0.0857,0.1228
0.875747,0.2,0.5,0.5,0.875747,0.2,0.0,1.0,0.3,0.5387
0.763585,0.1714,0.5,0.5,0.763585,0.1714,0.0,1.0,0.2571,0.2009
0.844949,0.0286,0.5,0.5,0.844949,0.0286,0.0,1.0,0.0429,0.1401
0.847425,0.0286,0.5,0.5,0.847425,0.0286,0.0,1.0,0.0429,0.1228
0.845988,0.1429,0.5,0.5,0.845988,0.1429,0.0,1.0,0.2143,0.1875
0.813218,0.1714,0.5,0.5,0.813218,0.1714,0.0,1.0,0.2571,0.1401
0.80885,0.0857,0.5,0.5,0.80885,0.0857,0.0,1.0,0.1285,0.19
0.834156,0.0571,0.5,0.5,0.834156,0.0571,0.0,1.0,0.0857,0.2502
0.862186,0.0571,0.5,0.5,0.862186,0.0571,0.0,1.0,0.0857,0.1472
0.762706,0.0,0.5,0.5,0.762706,0.0,0.0,1.0,0.0,0.1875
0.793154,0.1714,0.5,0.5,0.793154,0.1714,0.0,1.0,0.2571,0.2745
0.752049,0.1714,0.5,0.5,0.752049,0.1714,0.0,0.8,0.2571,0.1721
0.821259,0.1429,0.5,0.5,0.821259,0.1429,0.0,1.0,0.2143,0.2207
0.863834,0.0286,0.5,0.5,0.863834,0.0286,0.0,1.0,0.0429,0.1472
0.84585,0.1714,0.5,0.5,0.84585,0.1714,0.0,1.0,0.2571,0.3282
0.837747,0.1429,0.5,0.5,0.837747,0.1429,0.0,1.0,0.2143,0.2342
0.802606,0.1714,0.5,0.5,0.802606,0.1714,0.0,1.0,0.2571,0.3039
0.866798,0.2,0.5,0.5,0.866798,0.2,0.0,1.0,0.3,0.6955
0.782917,0.2286,0.5,0.5,0.782917,0.2286,0.0,1.0,0.3429,0.3372
0.807117,0.1143,0.5,0.5,0.807117,0.1143,0.0,1.0,0.1714,0.2163
0.81599,0.0857,0.5,0.5,0.81599,0.0857,0.0,1.0,0.1285,0.2521
0.787305,0.1429,0.5,0.5,0.787305,0.1429,0.0,1.0,0.2143,0.2028
0.786668,0.0857,0.5,0.5,0.786668,0.0857,0.0,1.0,0.1285,0.1651
0.775878,0.0857,0.5,0.5,0.775878,0.0857,0.0,1.0,0.1285,0.1401
0.842057,0.1714,0.5,0.5,0.842057,0.1714,0.0,1.0,0.2571,0.3372
0.78297,0.0,0.5,0.5,0.78297,0.0,0.0,1.0,0.0,0.1248
0.800226,0.1429,0.5,0.5,0.800226,0.1429,0.0,1.0,0.2143,0.6686
0.818039,0.0857,0.5,0.5,0.818039,0.0857,0.0,1.0,0.1285,0.2009
0.818847,0.2286,0.5,0.5,0.818847,0.2286,0.0,1.0,0.3429,0.5298
0.840621,0.1429,0.5,0.5,0.840621,0.1429,0.0,0.45,0.2143,0.2655
0.813608,0.0857,0.5,0.5,0.813608,0.0857,0.0,1.0,0.1285,0.1267
0.761438,0.1714,0.5,0.5,0.761438,0.1714,0.0,1.0,0.2571,0.1113
0.840023,0.2571,0.5,0.5,0.840023,0.2571,0.0,1.0,0.3856,0.476
0.783177,0.1143,0.5,0.5,0.783177,0.1143,0.0,1.0,0.1714,0.0857
0.827111,0.0857,0.5,0.5,0.827111,0.0857,0.0,1.0,0.1285,0.1401
0.800879,0.087,0.5,0.5,0.800879,0.087,0.0,1.0,0.1305,0.6282
0.804935,0.2609,0.5,0.5,0.804935,0.2609,0.0,1.0,0.3914,0.7855
0.839412,0.1304,0.5,0.5,0.839412,0.1304,0.0,1.0,0.1956,0.6782
0.791103,0.1739,0.5,0.5,0.791103,0.1739,0.0,1.0,0.2609,0.4137
0.854877,0.087,0.5,0.5,0.854877,0.087,0.0,1.0,0.1305,0.3279
0.827467,0.087,0.5,0.5,0.827467,0.087,0.0,1.0,0.1305,0.7569
0.764243,0.1739,0.5,0.5,0.764243,0.1739,0.0,1.0,0.2609,0.7283
0.814964,0.2174,0.5,0.5,0.814964,0.2174,0.0,1.0,0.3261,0.8069
0.82862,0.087,0.5,0.5,0.82862,0.087,0.0,1.0,0.1305,0.7855
0.790746,0.1739,0.5,0.5,0.790746,0.1739,0.0,1.0,0.2609,0.621
0.828742,0.0435,0.5,0.5,0.828742,0.0435,0.0,0.8,0.0653,0.7855
0.825964,0.2174,0.5,0.5,0.825964,0.2174,0.0,1.0,0.3261,0.6782
0.815522,0.1739,0.5,0.5,0.815522,0.1739,0.0,1.0,0.2609,0.5781
0.862746,0.1739,0.5,0.5,0.862746,0.1739,0.0,1.0,0.2609,0.5781
0.874262,0.1739,0.5,0.5,0.874262,0.1739,0.0,0.45,0.2609,0.8498
0.84211,0.1304,0.5,0.5,0.84211,0.1304,0.0,1.0,0.1956,0.7712
0.819139,0.1739,0.5,0.5,0.819139,0.1739,0.0,1.0,0.2609,0.7783
0.803901,0.087,0.5,0.5,0.803901,0.087,0.0,1.0,0.1305,0.8355
0.793555,0.1304,0.5,0.5,0.793555,0.1304,0.0,1.0,0.1956,0.3003
0.849337,0.087,0.5,0.5,0.849337,0.087,0.0,1.0,0.1305,0.7998
0.784983,0.087,0.5,0.5,0.784983,0.087,0.0,1.0,0.1305,0.6568
0.80866,0.087,0.5,0.5,0.80866,0.087,0.0,1.0,0.1305,0.4137
0.815266,0.2609,0.5,0.5,0.815266,0.2609,0.0,1.0,0.3914,0.9213
0.801872,0.087,0.5,0.5,0.801872,0.087,0.0,1.0,0.1305,0.1931
0.882383,0.1739,0.5,0.5,0.882383,0.1739,0.0,1.0,0.2609,0.8784
0.818977,0.1739,0.5,0.5,0.818977,0.1739,0.0,0.8,0.2609,0.8284
0.802137,0.2174,0.5,0.5,0.802137,0.2174,0.0,1.0,0.3261,0.4709
0.836126,0.3043,0.5,0.5,0.836126,0.3043,0.0,1.0,0.4565,0.907
0.799065,0.2609,0.5,0.5,0.799065,0.2609,0.0,1.0,0.3914,0.6353
0.794497,0.1739,0.5,0.5,0.794497,0.1739,0.0,1.0,0.2609,0.4494
0.836686,0.087,0.5,0.5,0.836686,0.087,0.0,1.0,0.1305,0.8355
0.839951,0.1739,0.5,0.5,0.839951,0.1739,0.0,1.0,0.2609,0.3075
0.772114,0.1739,0.5,0.5,0.772114,0.1739,0.0,1.0,0.2609,0.3647
0.833443,0.2174,0.5,0.5,0.833443,0.2174,0.0,1.0,0.3261,0.857
0.857546,0.2174,0.5,0.5,0.857546,0.2174,0.0,1.0,0.3261,0.8713
0.79848,0.1304,0.5,0.5,0.79848,0.1304,0.0,1.0,0.1956,0.2707
0.833344,0.0435,0.5,0.5,0.833344,0.0435,0.0,1.0,0.0653,0.8355
0.770106,0.2174,0.5,0.5,0.770106,0.2174,0.0,1.0,0.3261,0.8212
0.802836,0.1739,0.5,0.5,0.802836,0.1739,0.0,1.0,0.2609,0.4566
0.777704,0.087,0.5,0.5,0.777704,0.087,0.0,0.8,0.1305,0.285
0.752524,0.087,0.5,0.5,0.752524,0.087,0.0,1.0,0.1305,0.5781
0.793165,0.1739,0.5,0.5,0.793165,0.1739,0.0,1.0,0.2609,0.7426
0.829254,0.2609,0.5,0.5,0.829254,0.2609,0.0,1.0,0.3914,0.8427
0.808933,0.0435,0.5,0.5,0.808933,0.0435,0.0,1.0,0.0653,0.6435
0.805785,0.0,0.5,0.5,0.805785,0.0,0.0,1.0,0.0,0.429
0.766715,0.1739,0.5,0.5,0.766715,0.1739,0.0,1.0,0.2609,0.8355
0.813687,0.1739,0.5,0.5,0.813687,0.1739,0.0,1.0,0.2609,0.8498
0.811587,0.087,0.5,0.5,0.811587,0.087,0.0,1.0,0.1305,0.5577
0.809083,0.1739,0.5,0.5,0.809083,0.1739,0.0,1.0,0.2609,0.2196
0.827455,0.1304,0.5,0.5,0.827455,0.1304,0.0,0.45,0.1956,0.6711
0.861749,0.1304,0.5,0.5,0.861749,0.1304,0.0,1.0,0.1956,0.5996
0.845097,0.1739,0.5,0.5,0.845097,0.1739,0.0,1.0,0.2609,0.3064
0.786578,0.1304,0.5,0.5,0.786578,0.1304,0.0,1.0,0.1956,0.6139
0.836569,0.2609,0.5,0.5,0.836569,0.2609,0.0,1.0,0.3914,0.7569
0.745628,0.087,0.5,0.5,0.745628,0.087,0.0,1.0,0.1305,0.0919
0.873583,0.087,0.5,0.5,0.873583,0.087,0.0,0.8,0.1305,0.9499
0.824162,0.2174,0.5,0.5,0.824162,0.2174,0.0,1.0,0.3261,0.8069
0.83061,0.1304,0.5,0.5,0.83061,0.1304,0.0,1.0,0.1956,0.857
0.763686,0.087,0.5,0.5,0.763686,0.087,0.0,1.0,0.1305,0.8641
0.822832,0.1739,0.5,0.5,0.822832,0.1739,0.0,1.0,0.2609,0.4852
0.818776,0.0435,0.5,0.5,0.818776,0.0435,0.0,1.0,0.0653,0.8284
0.856379,0.0435,0.5,0.5,0.856379,0.0435,0.0,1.0,0.0653,0.7712
0.800395,0.0,0.5,0.5,0.800395,0.0,0.0,1.0,0.0,0.5853
0.817586,0.2174,0.5,0.5,0.817586,0.2174,0.0,1.0,0.3261,0.7211
0.808039,0.1739,0.5,0.5,0.808039,0.1739,0.0,1.0,0.2609,0.7855
0.84008,0.1739,0.5,0.5,0.84008,0.1739,0.0,1.0,0.2609,0.9142
0.784628,0.1304,0.5,0.5,0.784628,0.1304,0.0,1.0,0.1956,0.6639
0.833925,0.2609,0.5,0.5,0.833925,0.2609,0.0,1.0,0.3914,0.621
0.839169,0.2174,0.5,0.5,0.839169,0.2174,0.0,1.0,0.3261,0.7426
0.836717,0.1304,0.5,0.5,0.836717,0.1304,0.0,1.0,0.1956,0.7068
0.81562,0.1304,0.5,0.5,0.81562,0.1304,0.0,1.0,0.1956,0.764
0.747715,0.2174,0.5,0.5,0.747715,0.2174,0.0,1.0,0.3261,0.3851
0.803827,0.087,0.5,0.5,0.803827,0.087,0.0,1.0,0.1305,0.6925
0.813527,0.1739,0.5,0.5,0.813527,0.1739,0.0,1.0,0.2609,0.764
0.770822,0.2609,0.5,0.5,0.770822,0.2609,0.0,1.0,0.3914,0.3422
0.784473,0.2609,0.5,0.5,0.784473,0.2609,0.0,1.0,0.3914,0.4065
0.819129,0.2609,0.5,0.5,0.819129,0.2609,0.0,1.0,0.3914,0.8141
0.836974,0.2609,0.5,0.5,0.836974,0.2609,0.0,1.0,0.3914,0.9642
0.811449,0.2609,0.5,0.5,0.811449,0.2609,0.0,1.0,0.3914,0.907
0.810209,0.2174,0.5,0.5,0.810209,0.2174,0.0,1.0,0.3261,0.8141
0.769211,0.1304,0.5,0.5,0.769211,0.1304,0.0,1.0,0.1956,0.4065
0.781818,0.087,0.5,0.5,0.781818,0.087,0.0,1.0,0.1305,0.5751
0.810332,0.087,0.5,0.5,0.810332,0.087,0.0,1.0,0.1305,0.7497
0.879979,0.1739,0.5,0.5,0.879979,0.1739,0.0,1.0,0.2609,0.8927
0.831237,0.3913,0.5,0.5,0.831237,0.3913,0.0,1.0,0.5869,0.8498
0.800384,0.3043,0.5,0.5,0.800384,0.3043,0.0,1.0,0.4565,0.5495
0.823667,0.2174,0.5,0.5,0.823667,0.2174,0.0,1.0,0.3261,0.907
0.883392,0.2609,0.5,0.5,0.883392,0.2609,0.0,1.0,0.3914,0.6997
0.785734,0.0435,0.5,0.5,0.785734,0.0435,0.0,1.0,0.0653,0.6507
0.790002,0.0435,0.5,0.5,0.790002,0.0435,0.0,1.0,0.0653,0.2921
0.726794,0.1304,0.5,0.5,0.726794,0.1304,0.0,1.0,0.1956,0.2145
0.776887,0.1304,0.5,0.5,0.776887,0.1304,0.0,1.0,0.1956,0.4433
0.767881,0.1304,0.5,0.5,0.767881,0.1304,0.0,1.0,0.1956,0.3779
0.767356,0.1739,0.5,0.5,0.767356,0.1739,0.0,1.0,0.2609,0.7068
0.767883,0.1304,0.5,0.5,0.767883,0.1304,0.0,1.0,0.1956,0.2554
0.7786,0.087,0.5,0.5,0.7786,0.087,0.0,1.0,0.1305,0.3493
0.697925,0.0435,0.5,0.5,0.697925,0.0435,0.0,1.0,0.0653,0.049
0.837794,0.1739,0.5,0.5,0.837794,0.1739,0.0,1.0,0.2609,0.7283
0.744532,0.0,0.5,0.5,0.744532,0.0,0.0,1.0,0.0,0.3779
0.764585,0.2174,0.5,0.5,0.764585,0.2174,0.0,1.0,0.3261,0.3636
0.811858,0.087,0.5,0.5,0.811858,0.087,0.0,1.0,0.1305,0.7211
0.758675,0.2609,0.5,0.5,0.758675,0.2609,0.0,1.0,0.3914,0.428
0.710107,0.1304,0.5,0.5,0.710107,0.1304,0.0,1.0,0.1956,0.3075
0.761066,0.087,0.5,0.5,0.761066,0.087,0.0,1.0,0.1305,0.1042
0.757518,0.087,0.5,0.5,0.757518,0.087,0.0,1.0,0.1305,0.7426
0.770742,0.0435,0.5,0.5,0.770742,0.0435,0.0,1.0,0.0653,0.3207
0.800783,0.1304,0.5,0.5,0.800783,0.1304,0.0,1.0,0.1956,0.2268
0.828299,0.087,0.5,0.5,0.828299,0.087,0.0,0.45,0.1305,0.907
0.805379,0.2609,0.5,0.5,0.805379,0.2609,0.0,1.0,0.3914,0.7426
0.780694,0.0435,0.5,0.5,0.780694,0.0435,0.0,1.0,0.0653,0.9499
0.819728,0.1739,0.5,0.5,0.819728,0.1739,0.0,1.0,0.2609,0.7354
0.73987,0.1304,0.5,0.5,0.73987,0.1304,0.0,1.0,0.1956,0.2288
0.742928,0.1739,0.5,0.5,0.742928,0.1739,0.0,1.0,0.2609,0.7926
0.802722,0.2174,0.5,0.5,0.802722,0.2174,0.0,1.0,0.3261,0.7283
0.775154,0.2609,0.5,0.5,0.775154,0.2609,0.0,1.0,0.3914,0.9785
0.809477,0.2174,0.5,0.5,0.809477,0.2174,0.0,1.0,0.3261,0.7855
0.847391,0.1304,0.5,0.5,0.847391,0.1304,0.0,1.0,0.1956,0.7283
0.838602,0.1304,0.5,0.5,0.838602,0.1304,0.0,0.45,0.1956,0.8284
0.775689,0.1304,0.5,0.5,0.775689,0.1304,0.0,1.0,0.1956,0.5495
0.833872,0.1739,0.5,0.5,0.833872,0.1739,0.0,1.0,0.2609,0.3708
0.824772,0.125,0.5,0.5,0.824772,0.125,0.0,1.0,0.1875,0.4686
0.816539,0.125,0.5,0.5,0.816539,0.125,0.0,1.0,0.1875,0.3791
0.77492,0.1562,0.5,0.5,0.77492,0.1562,0.0,1.0,0.2343,0.372
0.817813,0.0938,0.5,0.5,0.817813,0.0938,0.0,1.0,0.1407,0.0957
0.797274,0.1875,0.5,0.5,0.797274,0.1875,0.0,1.0,0.2812,0.6404
0.801936,0.125,0.5,0.5,0.801936,0.125,0.0,1.0,0.1875,0.3552
0.775135,0.0312,0.5,0.5,0.775135,0.0312,0.0,1.0,0.0468,0.2365
0.802478,0.1562,0.5,0.5,0.802478,0.1562,0.0,1.0,0.2343,0.6156
0.824741,0.125,0.5,0.5,0.824741,0.125,0.0,1.0,0.1875,0.6218
0.822017,0.1562,0.5,0.5,0.822017,0.1562,0.0,1.0,0.2343,0.5279
0.755695,0.2812,0.5,0.5,0.755695,0.2812,0.0,1.0,0.4218,0.8946
0.795125,0.0625,0.5,0.5,0.795125,0.0625,0.0,1.0,0.0938,0.3171
0.78629,0.125,0.5,0.5,0.78629,0.125,0.0,1.0,0.1875,0.55
0.794455,0.2188,0.5,0.5,0.794455,0.2188,0.0,1.0,0.3282,0.6271
0.814201,0.0312,0.5,0.5,0.814201,0.0312,0.0,1.0,0.0468,0.3038
0.793262,0.1562,0.5,0.5,0.793262,0.1562,0.0,1.0,0.2343,0.3614
0.802555,0.1875,0.5,0.5,0.802555,0.1875,0.0,1.0,0.2812,0.2958
0.81061,0.0312,0.5,0.5,0.81061,0.0312,0.0,1.0,0.0468,0.4632
0.823275,0.25,0.5,0.5,0.823275,0.25,0.0,1.0,0.375,0.705
0.795517,0.125,0.5,0.5,0.795517,0.125,0.0,1.0,0.1875,0.7892
0.818249,0.25,0.5,0.5,0.818249,0.25,0.0,1.0,0.375,0.388
0.780652,0.0312,0.5,0.5,0.780652,0.0312,0.0,1.0,0.0468,0.2329
0.803149,0.2812,0.5,0.5,0.803149,0.2812,0.0,1.0,0.4218,0.5438
0.752536,0.0938,0.5,0.5,0.752536,0.0938,0.0,1.0,0.1407,0.2374
0.800327,0.0938,0.5,0.5,0.800327,0.0938,0.0,0.45,0.1407,0.4482
0.850135,0.0938,0.5,0.5,0.850135,0.0938,0.0,1.0,0.1407,0.4314
0.789154,0.0,0.5,0.5,0.789154,0.0,0.0,1.0,0.0,0.4163
0.834033,0.125,0.5,0.5,0.834033,0.125,0.0,1.0,0.1875,0.504
0.78302,0.0625,0.5,0.5,0.78302,0.0625,0.0,1.0,0.0938,0.2861
0.797259,0.0938,0.5,0.5,0.797259,0.0938,0.0,1.0,0.1407,0.5412
0.818297,0.125,0.5,0.5,0.818297,0.125,0.0,1.0,0.1875,0.5492
0.794667,0.0625,0.5,0.5,0.794667,0.0625,0.0,1.0,0.0938,0.3012
0.803637,0.0938,0.5,0.5,0.803637,0.0938,0.0,1.0,0.1407,0.3694
0.814166,0.0938,0.5,0.5,0.814166,0.0938,0.0,1.0,0.1407,0.504
0.733975,0.0625,0.5,0.5,0.733975,0.0625,0.0,1.0,0.0938,0.194
0.797302,0.125,0.5,0.5,0.797302,0.125,0.0,0.8,0.1875,0.1081
0.816281,0.0312,0.5,0.5,0.816281,0.0312,0.0,1.0,0.0468,0.0877
0.814737,0.2188,0.5,0.5,0.814737,0.2188,0.0,1.0,0.3282,0.6094
0.832931,0.0312,0.5,0.5,0.832931,0.0312,0.0,0.8,0.0468,0.6368
0.791742,0.125,0.5,0.5,0.791742,0.125,0.0,1.0,0.1875,0.4446
0.772974,0.0938,0.5,0.5,0.772974,0.0938,0.0,1.0,0.1407,0.566
0.87299,0.25,0.5,0.5,0.87299,0.25,0.0,1.0,0.375,0.7236
0.784086,0.1562,0.5,0.5,0.784086,0.1562,0.0,1.0,0.2343,0.2453
0.80946,0.125,0.5,0.5,0.80946,0.125,0.0,1.0,0.1875,0.5182
0.795795,0.2812,0.5,0.5,0.795795,0.2812,0.0,1.0,0.4218,0.6466
0.800636,0.0938,0.5,0.5,0.800636,0.0938,0.0,1.0,0.1407,0.4686
0.755902,0.0938,0.5,0.5,0.755902,0.0938,0.0,0.8,0.1407,0.1621
0.841998,0.1875,0.5,0.5,0.841998,0.1875,0.0,1.0,0.2812,0.4154
0.823217,0.0625,0.5,0.5,0.823217,0.0625,0.0,1.0,0.0938,0.4322
0.792826,0.0625,0.5,0.5,0.792826,0.0625,0.0,1.0,0.0938,0.473
0.800807,0.0938,0.5,0.5,0.800807,0.0938,0.0,1.0,0.1407,0.5368
0.806855,0.0312,0.5,0.5,0.806855,0.0312,0.0,1.0,0.0468,0.566
0.843587,0.0312,0.5,0.5,0.843587,0.0312,0.0,1.0,0.0468,0.597
0.809113,0.0938,0.5,0.5,0.809113,0.0938,0.0,1.0,0.1407,0.4066
0.813412,0.1875,0.5,0.5,0.813412,0.1875,0.0,1.0,0.2812,0.4721
0.808238,0.0938,0.5,0.5,0.808238,0.0938,0.0,1.0,0.1407,0.4907
0.764783,0.0312,0.5,0.5,0.764783,0.0312,0.0,0.8,0.0468,0.085
0.790588,0.0938,0.5,0.5,0.790588,0.0938,0.0,1.0,0.1407,0.2205
0.803169,0.0938,0.5,0.5,0.803169,0.0938,0.0,1.0,0.1407,0.4402
0.832921,0.125,0.5,0.5,0.832921,0.125,0.0,1.0,0.1875,0.5961
0.797279,0.0938,0.5,0.5,0.797279,0.0938,0.0,1.0,0.1407,0.504
0.792211,0.0312,0.5,0.5,0.792211,0.0312,0.0,1.0,0.0468,0.0824
0.778468,0.2812,0.5,0.5,0.778468,0.2812,0.0,1.0,0.4218,0.5164
0.781136,0.0312,0.5,0.5,0.781136,0.0312,0.0,1.0,0.0468,0.4048
0.787419,0.0625,0.5,0.5,0.787419,0.0625,0.0,1.0,0.0938,0.318
0.817969,0.0625,0.5,0.5,0.817969,0.0625,0.0,1.0,0.0938,0.295
0.802579,0.0312,0.5,0.5,0.802579,0.0312,0.0,1.0,0.0468,0.2374
0.81103,0.0938,0.5,0.5,0.81103,0.0938,0.0,1.0,0.1407,0.1771
0.764847,0.1562,0.5,0.5,0.764847,0.1562,0.0,1.0,0.2343,0.209
0.790307,0.2188,0.5,0.5,0.790307,0.2188,0.0,0.8,0.3282,0.6714
0.694926,0.1562,0.5,0.5,0.694926,0.1562,0.0,1.0,0.2343,0.3012
0.785033,0.0625,0.5,0.5,0.785033,0.0625,0.0,1.0,0.0938,0.2055
0.789214,0.1875,0.5,0.5,0.789214,0.1875,0.0,0.8,0.2812,0.3322
0.815842,0.1875,0.5,0.5,0.815842,0.1875,0.0,1.0,0.2812,0.5775
0.753325,0.0938,0.5,0.5,0.753325,0.0938,0.0,1.0,0.1407,0.1931
0.834874,0.1562,0.5,0.5,0.834874,0.1562,0.0,1.0,0.2343,0.4562
0.779015,0.0938,0.5,0.5,0.779015,0.0938,0.0,1.0,0.1407,0.4783
0.809626,0.0,0.5,0.5,0.809626,0.0,0.0,1.0,0.0,0.4942
0.763299,0.1875,0.5,0.5,0.763299,0.1875,0.0,0.45,0.2812,0.4128
0.792339,0.1875,0.5,0.5,0.792339,0.1875,0.0,1.0,0.2812,0.4996
0.768321,0.0938,0.5,0.5,0.768321,0.0938,0.0,0.8,0.1407,0.4039
0.80664,0.2188,0.5,0.5,0.80664,0.2188,0.0,1.0,0.3282,0.4872
0.756194,0.125,0.5,0.5,0.756194,0.125,0.0,1.0,0.1875,0.5306
0.781686,0.1875,0.5,0.5,0.781686,0.1875,0.0,1.0,0.2812,0.4756
0.809656,0.0312,0.5,0.5,0.809656,0.0312,0.0,1.0,0.0468,0.2081
0.778505,0.3438,0.5,0.5,0.778505,0.3438,0.0,1.0,0.5157,0.597
0.717774,0.1562,0.5,0.5,0.717774,0.1562,0.0,1.0,0.2343,0.5492
0.790811,0.0625,0.5,0.5,0.790811,0.0625,0.0,1.0,0.0938,0.3764
0.864413,0.0,0.5,0.5,0.864413,0.0,0.0,1.0,0.0,0.5058
0.811251,0.0938,0.5,0.5,0.811251,0.0938,0.0,1.0,0.1407,0.6953
0.754992,0.125,0.5,0.5,0.754992,0.125,0.0,1.0,0.1875,0.2932
0.804574,0.0312,0.5,0.5,0.804574,0.0312,0.0,1.0,0.0468,0.3144
0.777044,0.2188,0.5,0.5,0.777044,0.2188,0.0,0.45,0.3282,0.5598
0.810308,0.1562,0.5,0.5,0.810308,0.1562,0.0,1.0,0.2343,0.6032
0.758101,0.1562,0.5,0.5,0.758101,0.1562,0.0,1.0,0.2343,0.6466
0.787696,0.125,0.5,0.5,0.787696,0.125,0.0,1.0,0.1875,0.5252
0.788256,0.0312,0.5,0.5,0.788256,0.0312,0.0,1.0,0.0468,0.1807
0.787951,0.1875,0.5,0.5,0.787951,0.1875,0.0,1.0,0.2812,0.4136
0.785262,0.0625,0.5,0.5,0.785262,0.0625,0.0,1.0,0.0938,0.4792
0.82248,0.2188,0.5,0.5,0.82248,0.2188,0.0,1.0,0.3282,0.7582
0.805047,0.0938,0.5,0.5,0.805047,0.0938,0.0,1.0,0.1407,0.4172
0.814114,0.125,0.5,0.5,0.814114,0.125,0.0,1.0,0.1875,0.5058
0.809562,0.0606,0.5,0.5,0.809562,0.0606,0.0,1.0,0.0909,0.4789
0.824736,0.0303,0.5,0.5,0.824736,0.0303,0.0,0.8,0.0455,0.3015
0.79254,0.0909,0.5,0.5,0.79254,0.0909,0.0,1.0,0.1363,0.316
0.772799,0.0303,0.5,0.5,0.772799,0.0303,0.0,1.0,0.0455,0.2024
0.785322,0.0606,0.5,0.5,0.785322,0.0606,0.0,1.0,0.0909,0.2176
0.805409,0.0,0.5,0.5,0.805409,0.0,0.0,1.0,0.0,0.5031
0.814025,0.0606,0.5,0.5,0.814025,0.0606,0.0,1.0,0.0909,0.2924
0.80486,0.0,0.5,0.5,0.80486,0.0,0.0,0.45,0.0,0.2626
0.847644,0.0303,0.5,0.5,0.847644,0.0303,0.0,1.0,0.0455,0.2772
0.768449,0.0303,0.5,0.5,0.768449,0.0303,0.0,1.0,0.0455,0.2315
0.806292,0.0,0.5,0.5,0.806292,0.0,0.0,1.0,0.0,0.2003
0.767375,0.0606,0.5,0.5,0.767375,0.0606,0.0,1.0,0.0909,0.2772
0.787479,0.0303,0.5,0.5,0.787479,0.0303,0.0,1.0,0.0455,0.1351
0.8114,0.0303,0.5,0.5,0.8114,0.0303,0.0,1.0,0.0455,0.2821
0.831996,0.0,0.5,0.5,0.831996,0.0,0.0,1.0,0.0,0.3403
0.734705,0.0303,0.5,0.5,0.734705,0.0303,0.0,1.0,0.0455,0.1102
0.81037,0.0,0.5,0.5,0.81037,0.0,0.0,1.0,0.0,0.1878
0.810357,0.0,0.5,0.5,0.810357,0.0,0.0,1.0,0.0,0.3597
0.78885,0.0909,0.5,0.5,0.78885,0.0909,0.0,1.0,0.1363,0.2024
0.817552,0.0909,0.5,0.5,0.817552,0.0909,0.0,1.0,0.1363,0.3479
0.745394,0.0,0.5,0.5,0.745394,0.0,0.0,1.0,0.0,0.2335
0.818732,0.0606,0.5,0.5,0.818732,0.0606,0.0,1.0,0.0909,0.3361
0.8275,0.0303,0.5,0.5,0.8275,0.0303,0.0,1.0,0.0455,0.3015
0.791868,0.0606,0.5,0.5,0.791868,0.0606,0.0,1.0,0.0909,0.2557
0.796052,0.0,0.5,0.5,0.796052,0.0,0.0,1.0,0.0,0.535
0.780047,0.0606,0.5,0.5,0.780047,0.0606,0.0,0.45,0.0909,0.3583
0.820039,0.0606,0.5,0.5,0.820039,0.0606,0.0,1.0,0.0909,0.1691
0.803218,0.0303,0.5,0.5,0.803218,0.0303,0.0,1.0,0.0455,0.2994
0.797259,0.0909,0.5,0.5,0.797259,0.0909,0.0,1.0,0.1363,0.1691
0.789025,0.0,0.5,0.5,0.789025,0.0,0.0,1.0,0.0,0.2848
0.755271,0.0,0.5,0.5,0.755271,0.0,0.0,1.0,0.0,0.246
0.806124,0.1212,0.5,0.5,0.806124,0.1212,0.0,1.0,0.1818,0.4061
0.736094,0.0606,0.5,0.5,0.736094,0.0606,0.0,1.0,0.0909,0.2592
0.688091,0.0,0.5,0.5,0.688091,0.0,0.0,1.0,0.0,0.2606
0.811162,0.0606,0.5,0.5,0.811162,0.0606,0.0,0.8,0.0909,0.194
0.777635,0.0606,0.5,0.5,0.777635,0.0606,0.0,1.0,0.0909,0.2606
0.811747,0.0606,0.5,0.5,0.811747,0.0606,0.0,1.0,0.0909,0.5807
0.784578,0.0303,0.5,0.5,0.784578,0.0303,0.0,1.0,0.0455,0.131
0.812573,0.0,0.5,0.5,0.812573,0.0,0.0,1.0,0.0,0.2481
0.807199,0.0303,0.5,0.5,0.807199,0.0303,0.0,1.0,0.0455,0.1836
0.797552,0.0606,0.5,0.5,0.797552,0.0606,0.0,1.0,0.0909,0.2654
0.814689,0.0909,0.5,0.5,0.814689,0.0909,0.0,1.0,0.1363,0.2024
0.786327,0.0909,0.5,0.5,0.786327,0.0909,0.0,1.0,0.1363,0.2869
0.806005,0.0,0.5,0.5,0.806005,0.0,0.0,1.0,0.0,0.2148
0.761672,0.0303,0.5,0.5,0.761672,0.0303,0.0,0.45,0.0455,0.2772
0.815413,0.0303,0.5,0.5,0.815413,0.0303,0.0,1.0,0.0455,0.3818
0.796012,0.0303,0.5,0.5,0.796012,0.0303,0.0,1.0,0.0455,0.2772
0.767039,0.0303,0.5,0.5,0.767039,0.0303,0.0,1.0,0.0455,0.2626
0.822711,0.0,0.5,0.5,0.822711,0.0,0.0,1.0,0.0,0.2481
0.811816,0.0606,0.5,0.5,0.811816,0.0606,0.0,1.0,0.0909,0.2703
0.836464,0.0303,0.5,0.5,0.836464,0.0303,0.0,0.8,0.0455,0.2723
0.799692,0.0606,0.5,0.5,0.799692,0.0606,0.0,1.0,0.0909,0.2432
0.807792,0.0,0.5,0.5,0.807792,0.0,0.0,1.0,0.0,0.3382
0.777954,0.0,0.5,0.5,0.777954,0.0,0.0,1.0,0.0,0.2869
0.780368,0.0606,0.5,0.5,0.780368,0.0606,0.0,1.0,0.0909,0.3354
0.791784,0.0,0.5,0.5,0.791784,0.0,0.0,0.8,0.0,0.2315
0.824311,0.0,0.5,0.5,0.824311,0.0,0.0,1.0,0.0,0.2703
0.791754,0.0606,0.5,0.5,0.791754,0.0606,0.0,1.0,0.0909,0.3091
0.778584,0.0303,0.5,0.5,0.778584,0.0303,0.0,1.0,0.0455,0.183
0.783909,0.0606,0.5,0.5,0.783909,0.0606,0.0,1.0,0.0909,0.2772
0.783212,0.0606,0.5,0.5,0.783212,0.0606,0.0,1.0,0.0909,0.3285
0.786131,0.0606,0.5,0.5,0.786131,0.0606,0.0,1.0,0.0909,0.2315
0.789409,0.0606,0.5,0.5,0.789409,0.0606,0.0,0.45,0.0909,0.2703
0.79261,0.0909,0.5,0.5,0.79261,0.0909,0.0,1.0,0.1363,0.5177
0.743679,0.0303,0.5,0.5,0.743679,0.0303,0.0,1.0,0.0455,0.3597
0.81059,0.0303,0.5,0.5,0.81059,0.0303,0.0,1.0,0.0455,0.219
0.775285,0.0,0.5,0.5,0.775285,0.0,0.0,1.0,0.0,0.1961
0.777559,0.0303,0.5,0.5,0.777559,0.0303,0.0,0.45,0.0455,0.246
0.79535,0.0303,0.5,0.5,0.79535,0.0303,0.0,1.0,0.0455,0.28
0.808185,0.0,0.5,0.5,0.808185,0.0,0.0,0.8,0.0,0.2481
0.801132,0.0606,0.5,0.5,0.801132,0.0606,0.0,1.0,0.0909,0.246
0.811828,0.1515,0.5,0.5,0.811828,0.1515,0.0,1.0,0.2273,0.2412
0.797336,0.0606,0.5,0.5,0.797336,0.0606,0.0,1.0,0.0909,0.2474
0.791812,0.1212,0.5,0.5,0.791812,0.1212,0.0,1.0,0.1818,0.4324
0.774346,0.0909,0.5,0.5,0.774346,0.0909,0.0,1.0,0.1363,0.2204
0.794113,0.0909,0.5,0.5,0.794113,0.0909,0.0,1.0,0.1363,0.2467
0.827243,0.0303,0.5,0.5,0.827243,0.0303,0.0,1.0,0.0455,0.2003
0.762566,0.0,0.5,0.5,0.762566,0.0,0.0,1.0,0.0,0.3091
0.805135,0.1212,0.5,0.5,0.805135,0.1212,0.0,1.0,0.1818,0.28
0.786715,0.0303,0.5,0.5,0.786715,0.0303,0.0,1.0,0.0455,0.4837
0.791003,0.0606,0.5,0.5,0.791003,0.0606,0.0,1.0,0.0909,0.2315
0.793586,0.0303,0.5,0.5,0.793586,0.0303,0.0,1.0,0.0455,0.2606
0.781422,0.0,0.5,0.5,0.781422,0.0,0.0,1.0,0.0,0.1164
0.780826,0.0909,0.5,0.5,0.780826,0.0909,0.0,0.45,0.1363,0.1622
0.703145,0.0606,0.5,0.5,0.703145,0.0606,0.0,1.0,0.0909,0.203
0.730579,0.0303,0.5,0.5,0.730579,0.0303,0.0,1.0,0.0455,0.192
0.753585,0.0303,0.5,0.5,0.753585,0.0303,0.0,1.0,0.0455,0.2252
0.729013,0.0606,0.5,0.5,0.729013,0.0606,0.0,1.0,0.0909,0.1975
0.746992,0.0606,0.5,0.5,0.746992,0.0606,0.0,1.0,0.0909,0.2432
0.754671,0.0909,0.5,0.5,0.754671,0.0909,0.0,1.0,0.1363,0.2772
0.787001,0.0303,0.5,0.5,0.787001,0.0303,0.0,0.45,0.0455,0.2315
0.748862,0.0,0.5,0.5,0.748862,0.0,0.0,1.0,0.0,0.1975
0.749879,0.0606,0.5,0.5,0.749879,0.0606,0.0,1.0,0.0909,0.2252
0.781516,0.0303,0.5,0.5,0.781516,0.0303,0.0,1.0,0.0455,0.2564
0.774333,0.0303,0.5,0.5,0.774333,0.0303,0.0,1.0,0.0455,0.35
0.756989,0.1212,0.5,0.5,0.756989,0.1212,0.0,1.0,0.1818,0.5634
0.74258,0.0909,0.5,0.5,0.74258,0.0909,0.0,1.0,0.1363,0.1788
0.766619,0.0303,0.5,0.5,0.766619,0.0303,0.0,1.0,0.0455,0.2481
0.73674,0.0606,0.5,0.5,0.73674,0.0606,0.0,0.45,0.0909,0.1975
0.780977,0.1212,0.5,0.5,0.780977,0.1212,0.0,1.0,0.1818,0.2675
0.756838,0.0909,0.5,0.5,0.756838,0.0909,0.0,1.0,0.1363,0.2772
0.691336,0.0909,0.5,0.5,0.691336,0.0909,0.0,1.0,0.1363,0.1455
0.755511,0.0303,0.5,0.5,0.755511,0.0303,0.0,1.0,0.0455,0.3645
0.75674,0.0606,0.5,0.5,0.75674,0.0606,0.0,1.0,0.0909,0.2315
0.784808,0.0606,0.5,0.5,0.784808,0.0606,0.0,1.0,0.0909,0.1629
0.773228,0.0606,0.5,0.5,0.773228,0.0606,0.0,1.0,0.0909,0.1746
0.791456,0.0606,0.5,0.5,0.791456,0.0606,0.0,1.0,0.0909,0.3209
0.812707,0.0909,0.5,0.5,0.812707,0.0909,0.0,1.0,0.1363,0.2467
0.756071,0.0303,0.5,0.5,0.756071,0.0303,0.0,1.0,0.0455,0.1622
0.749383,0.0606,0.5,0.5,0.749383,0.0606,0.0,1.0,0.0909,0.1913
0.720768,0.0303,0.5,0.5,0.720768,0.0303,0.0,1.0,0.0455,0.1933
0.763261,0.0,0.5,0.5,0.763261,0.0,0.0,1.0,0.0,0.1767
0.804748,0.0909,0.5,0.5,0.804748,0.0909,0.0,0.8,0.1363,0.3063
0.789038,0.0,0.5,0.5,0.789038,0.0,0.0,1.0,0.0,0.2266
0.782536,0.0,0.5,0.5,0.782536,0.0,0.0,1.0,0.0,0.2585
0.757763,0.0303,0.5,0.5,0.757763,0.0303,0.0,1.0,0.0455,0.2772
0.73164,0.0,0.5,0.5,0.73164,0.0,0.0,1.0,0.0,0.2141
0.860999,0.3,0.5,0.5,0.860999,0.3,0.0,1.0,0.45,0.7471
0.826158,0.2667,0.5,0.5,0.826158,0.2667,0.0,1.0,0.4001,0.887
0.88136,0.2,0.5,0.5,0.88136,0.2,0.0,1.0,0.3,0.7579
0.836129,0.1667,0.5,0.5,0.836129,0.1667,0.0,1.0,0.25,0.7502
0.872761,0.0333,0.5,0.5,0.872761,0.0333,0.0,1.0,0.05,0.5081
0.918932,0.3,0.5,0.5,0.918932,0.3,0.0,1.0,0.45,0.9354
0.872737,0.0667,0.5,0.5,0.872737,0.0667,0.0,1.0,0.1001,0.5081
0.891694,0.2667,0.5,0.5,0.891694,0.2667,0.0,0.45,0.4001,0.5511
0.852857,0.1667,0.5,0.5,0.852857,0.1667,0.0,1.0,0.25,0.6264
0.867049,0.1333,0.5,0.5,0.867049,0.1333,0.0,1.0,0.2,0.7794
0.846324,0.0667,0.5,0.5,0.846324,0.0667,0.0,1.0,0.1001,0.3989
0.826769,0.1333,0.5,0.5,0.826769,0.1333,0.0,1.0,0.2,0.6587
0.794638,0.2,0.5,0.5,0.794638,0.2,0.0,1.0,0.3,0.6072
0.839664,0.1667,0.5,0.5,0.839664,0.1667,0.0,1.0,0.25,0.8117
0.845583,0.1667,0.5,0.5,0.845583,0.1667,0.0,1.0,0.25,0.731
0.853982,0.1333,0.5,0.5,0.853982,0.1333,0.0,1.0,0.2,0.342
0.900026,0.1667,0.5,0.5,0.900026,0.1667,0.0,1.0,0.25,0.9193
0.830958,0.1,0.5,0.5,0.830958,0.1,0.0,1.0,0.15,0.5457
0.856746,0.1667,0.5,0.5,0.856746,0.1667,0.0,1.0,0.25,0.7902
0.869989,0.1333,0.5,0.5,0.869989,0.1333,0.0,1.0,0.2,0.7095
0.918944,0.3,0.5,0.5,0.918944,0.3,0.0,1.0,0.45,0.8278
0.860842,0.1,0.5,0.5,0.860842,0.1,0.0,1.0,0.15,0.6964
0.855566,0.2,0.5,0.5,0.855566,0.2,0.0,1.0,0.3,0.7041
0.881827,0.2333,0.5,0.5,0.881827,0.2333,0.0,1.0,0.3499,0.8709
0.837268,0.1333,0.5,0.5,0.837268,0.1333,0.0,1.0,0.2,0.9301
0.844236,0.3,0.5,0.5,0.844236,0.3,0.0,1.0,0.45,0.8009
0.822536,0.0667,0.5,0.5,0.822536,0.0667,0.0,1.0,0.1001,0.8655
0.907319,0.3,0.5,0.5,0.907319,0.3,0.0,1.0,0.45,0.6049
0.841361,0.1,0.5,0.5,0.841361,0.1,0.0,1.0,0.15,0.6164
0.84639,0.2,0.5,0.5,0.84639,0.2,0.0,1.0,0.3,0.648
0.830867,0.0667,0.5,0.5,0.830867,0.0667,0.0,1.0,0.1001,0.3182
0.888837,0.1333,0.5,0.5,0.888837,0.1333,0.0,1.0,0.2,0.4151
0.862001,0.2,0.5,0.5,0.862001,0.2,0.0,1.0,0.3,0.7202
0.829327,0.2667,0.5,0.5,0.829327,0.2667,0.0,1.0,0.4001,0.8547
0.810131,0.0667,0.5,0.5,0.810131,0.0667,0.0,1.0,0.1001,0.1299
0.830039,0.2,0.5,0.5,0.830039,0.2,0.0,1.0,0.3,0.8601
0.873238,0.2667,0.5,0.5,0.873238,0.2667,0.0,1.0,0.4001,0.618
0.801709,0.1,0.5,0.5,0.801709,0.1,0.0,1.0,0.15,0.5304
0.878931,0.0333,0.5,0.5,0.878931,0.0333,0.0,1.0,0.05,0.6833
0.912187,0.2667,0.5,0.5,0.912187,0.2667,0.0,1.0,0.4001,0.804
0.892991,0.3,0.5,0.5,0.892991,0.3,0.0,1.0,0.45,0.9354
0.883796,0.3,0.5,0.5,0.883796,0.3,0.0,1.0,0.45,0.8332
0.876765,0.2,0.5,0.5,0.876765,0.2,0.0,1.0,0.3,0.8278
0.859039,0.1333,0.5,0.5,0.859039,0.1333,0.0,1.0,0.2,0.5865
0.876386,0.2,0.5,0.5,0.876386,0.2,0.0,1.0,0.3,0.7018
0.855391,0.1667,0.5,0.5,0.855391,0.1667,0.0,1.0,0.25,0.7041
0.771139,0.1333,0.5,0.5,0.771139,0.1333,0.0,1.0,0.2,0.7633
0.865702,0.1333,0.5,0.5,0.865702,0.1333,0.0,1.0,0.2,0.7848
0.814319,0.1667,0.5,0.5,0.814319,0.1667,0.0,1.0,0.25,0.6995
0.790832,0.1,0.5,0.5,0.790832,0.1,0.0,1.0,0.15,0.731
0.848812,0.3333,0.5,0.5,0.848812,0.3333,0.0,1.0,0.5,0.774
0.91285,0.1,0.5,0.5,0.91285,0.1,0.0,1.0,0.15,0.8547
0.852129,0.3333,0.5,0.5,0.852129,0.3333,0.0,1.0,0.5,0.7148
0.850871,0.2333,0.5,0.5,0.850871,0.2333,0.0,1.0,0.3499,0.6749
0.879325,0.3333,0.5,0.5,0.879325,0.3333,0.0,1.0,0.5,0.8063
0.872249,0.2,0.5,0.5,0.872249,0.2,0.0,1.0,0.3,0.6503
0.885473,0.2,0.5,0.5,0.885473,0.2,0.0,1.0,0.3,0.8493
0.868961,0.1333,0.5,0.5,0.868961,0.1333,0.0,1.0,0.2,0.6556
0.844906,0.1333,0.5,0.5,0.844906,0.1333,0.0,1.0,0.2,0.8709
0.856825,0.1,0.5,0.5,0.856825,0.1,0.0,0.45,0.15,0.8117
0.826706,0.1333,0.5,0.5,0.826706,0.1333,0.0,1.0,0.2,0.5404
0.85663,0.1333,0.5,0.5,0.85663,0.1333,0.0,1.0,0.2,0.5834
0.828595,0.2,0.5,0.5,0.828595,0.2,0.0,1.0,0.3,0.2414
0.862157,0.1667,0.5,0.5,0.862157,0.1667,0.0,1.0,0.25,0.5588
0.885158,0.3,0.5,0.5,0.885158,0.3,0.0,1.0,0.45,0.5673
0.892838,0.2,0.5,0.5,0.892838,0.2,0.0,1.0,0.3,0.7902
0.819445,0.2667,0.5,0.5,0.819445,0.2667,0.0,1.0,0.4001,0.5111
0.831169,0.1667,0.5,0.5,0.831169,0.1667,0.0,1.0,0.25,0.648
0.873195,0.2,0.5,0.5,0.873195,0.2,0.0,1.0,0.3,0.8009
0.862872,0.2,0.5,0.5,0.862872,0.2,0.0,1.0,0.3,0.618
0.897185,0.1667,0.5,0.5,0.897185,0.1667,0.0,1.0,0.25,0.6695
0.783297,0.0,0.5,0.5,0.783297,0.0,0.0,1.0,0.0,0.7471
0.885227,0.0667,0.5,0.5,0.885227,0.0667,0.0,1.0,0.1001,0.6426
0.872832,0.1667,0.5,0.5,0.872832,0.1667,0.0,1.0,0.25,0.6749
0.904844,0.1,0.5,0.5,0.904844,0.1,0.0,1.0,0.15,0.7341
0.875755,0.2,0.5,0.5,0.875755,0.2,0.0,1.0,0.3,0.7794
0.8661,0.3,0.5,0.5,0.8661,0.3,0.0,1.0,0.45,0.8547
0.844756,0.2333,0.5,0.5,0.844756,0.2333,0.0,1.0,0.3499,0.5995
0.86567,0.1667,0.5,0.5,0.86567,0.1667,0.0,1.0,0.25,0.6249
0.844362,0.2333,0.5,0.5,0.844362,0.2333,0.0,0.45,0.3499,0.7202
0.852267,0.2333,0.5,0.5,0.852267,0.2333,0.0,1.0,0.3499,0.7663
0.877036,0.2667,0.5,0.5,0.877036,0.2667,0.0,1.0,0.4001,0.8601
0.825514,0.2,0.5,0.5,0.825514,0.2,0.0,1.0,0.3,0.8709
0.866503,0.1667,0.5,0.5,0.866503,0.1667,0.0,1.0,0.25,0.7525
0.872726,0.2,0.5,0.5,0.872726,0.2,0.0,1.0,0.3,0.6503
0.852283,0.1333,0.5,0.5,0.852283,0.1333,0.0,1.0,0.2,0.7502
0.823782,0.2333,0.5,0.5,0.823782,0.2333,0.0,1.0,0.3499,0.455
0.858493,0.2333,0.5,0.5,0.858493,0.2333,0.0,1.0,0.3499,0.5327
0.827253,0.2667,0.5,0.5,0.827253,0.2667,0.0,1.0,0.4001,1.0
0.93232,0.2667,0.5,0.5,0.93232,0.2667,0.0,1.0,0.4001,0.8655
0.817681,0.2,0.5,0.5,0.817681,0.2,0.0,1.0,0.3,0.661
0.891203,0.2667,0.5,0.5,0.891203,0.2667,0.0,1.0,0.4001,0.8278
0.830393,0.2667,0.5,0.5,0.830393,0.2667,0.0,1.0,0.4001,0.7794
0.813255,0.2667,0.5,0.5,0.813255,0.2667,0.0,1.0,0.4001,0.731
0.857189,0.0667,0.5,0.5,0.857189,0.0667,0.0,1.0,0.1001,0.731
0.876825,0.2,0.5,0.5,0.876825,0.2,0.0,1.0,0.3,0.8171
0.840265,0.1667,0.5,0.5,0.840265,0.1667,0.0,1.0,0.25,0.5965
0.891302,0.1,0.5,0.5,0.891302,0.1,0.0,1.0,0.15,0.5834
0.878367,0.0667,0.5,0.5,0.878367,0.0667,0.0,1.0,0.1001,0.3951
0.699331,0.1,0.5,0.5,0.699331,0.1,0.0,0.8,0.15,0.5
0.85915,0.3667,0.5,0.5,0.85915,0.3667,0.0,1.0,0.5501,0.8117
0.849172,0.2667,0.5,0.5,0.849172,0.2667,0.0,1.0,0.4001,0.6587
0.873764,0.1667,0.5,0.5,0.873764,0.1667,0.0,1.0,0.25,0.6587
0.85537,0.2667,0.5,0.5,0.85537,0.2667,0.0,1.0,0.4001,0.8601
0.822473,0.2,0.5,0.5,0.822473,0.2,0.0,1.0,0.3,0.6718
0.827605,0.0667,0.5,0.5,0.827605,0.0667,0.0,1.0,0.1001,0.618
0.800901,0.1333,0.5,0.5,0.800901,0.1333,0.0,1.0,0.2,0.4927
0.798259,0.2333,0.5,0.5,0.798259,0.2333,0.0,1.0,0.3499,0.844
0.849685,0.0333,0.5,0.5,0.849685,0.0333,0.0,1.0,0.05,0.7095
0.828867,0.3,0.5,0.5,0.828867,0.3,0.0,1.0,0.45,0.7417
0.889572,0.1667,0.5,0.5,0.889572,0.1667,0.0,1.0,0.25,0.7471
0.900749,0.3333,0.5,0.5,0.900749,0.3333,0.0,1.0,0.5,0.8278
0.789486,0.1,0.5,0.5,0.789486,0.1,0.0,1.0,0.15,0.6641
0.849351,0.0667,0.5,0.5,0.849351,0.0667,0.0,1.0,0.1001,0.5865
0.861464,0.1333,0.5,0.5,0.861464,0.1333,0.0,1.0,0.2,0.7041
0.837771,0.1,0.5,0.5,0.837771,0.1,0.0,1.0,0.15,0.3613
0.898938,0.2333,0.5,0.5,0.898938,0.2333,0.0,1.0,0.3499,0.9193
0.889835,0.2,0.5,0.5,0.889835,0.2,0.0,1.0,0.3,0.6756
0.854069,0.1,0.5,0.5,0.854069,0.1,0.0,1.0,0.15,0.7256
0.847661,0.1667,0.5,0.5,0.847661,0.1667,0.0,1.0,0.25,0.8224
0.747107,0.093,0.5,0.5,0.747107,0.093,0.0,1.0,0.1395,0.2708
0.781526,0.1395,0.5,0.5,0.781526,0.1395,0.0,1.0,0.2093,0.1181
0.777268,0.0698,0.5,0.5,0.777268,0.0698,0.0,0.8,0.1047,0.1453
0.767335,0.0465,0.5,0.5,0.767335,0.0465,0.0,1.0,0.0698,0.1154
0.762427,0.093,0.5,0.5,0.762427,0.093,0.0,1.0,0.1395,0.4802
0.789203,0.0465,0.5,0.5,0.789203,0.0465,0.0,1.0,0.0698,0.1603
0.759932,0.1163,0.5,0.5,0.759932,0.1163,0.0,1.0,0.1744,0.2276
0.765358,0.0465,0.5,0.5,0.765358,0.0465,0.0,0.8,0.0698,0.125
0.730469,0.0698,0.5,0.5,0.730469,0.0698,0.0,1.0,0.1047,0.1362
0.818816,0.0465,0.5,0.5,0.818816,0.0465,0.0,1.0,0.0698,0.0785
0.793855,0.0233,0.5,0.5,0.793855,0.0233,0.0,1.0,0.035,0.148
0.758697,0.0698,0.5,0.5,0.758697,0.0698,0.0,1.0,0.1047,0.125
0.79041,0.093,0.5,0.5,0.79041,0.093,0.0,1.0,0.1395,0.2222
0.765269,0.0698,0.5,0.5,0.765269,0.0698,0.0,1.0,0.1047,0.1571
0.76145,0.0465,0.5,0.5,0.76145,0.0465,0.0,1.0,0.0698,0.2334
0.817653,0.0698,0.5,0.5,0.817653,0.0698,0.0,1.0,0.1047,0.3809
0.801116,0.093,0.5,0.5,0.801116,0.093,0.0,1.0,0.1395,0.4354
0.754406,0.093,0.5,0.5,0.754406,0.093,0.0,1.0,0.1395,0.4653
0.756463,0.0698,0.5,0.5,0.756463,0.0698,0.0,1.0,0.1047,0.5
0.826574,0.0465,0.5,0.5,0.826574,0.0465,0.0,1.0,0.0698,0.2821
0.797858,0.0465,0.5,0.5,0.797858,0.0465,0.0,1.0,0.0698,0.1442
0.775932,0.0698,0.5,0.5,0.775932,0.0698,0.0,1.0,0.1047,0.1736
0.800356,0.0233,0.5,0.5,0.800356,0.0233,0.0,1.0,0.035,0.1624
0.759163,0.0698,0.5,0.5,0.759163,0.0698,0.0,1.0,0.1047,0.148
0.795459,0.093,0.5,0.5,0.795459,0.093,0.0,1.0,0.1395,0.125
0.776119,0.0698,0.5,0.5,0.776119,0.0698,0.0,1.0,0.1047,0.2185
0.775432,0.0698,0.5,0.5,0.775432,0.0698,0.0,1.0,0.1047,0.1362
0.791674,0.093,0.5,0.5,0.791674,0.093,0.0,0.45,0.1395,0.1779
0.789762,0.0465,0.5,0.5,0.789762,0.0465,0.0,1.0,0.0698,0.1886
0.790905,0.0465,0.5,0.5,0.790905,0.0465,0.0,1.0,0.0698,0.125
0.750496,0.0233,0.5,0.5,0.750496,0.0233,0.0,1.0,0.035,0.1271
0.791176,0.0465,0.5,0.5,0.791176,0.0465,0.0,1.0,0.0698,0.125
0.785477,0.0465,0.5,0.5,0.785477,0.0465,0.0,1.0,0.0698,0.1341
0.775047,0.0233,0.5,0.5,0.775047,0.0233,0.0,1.0,0.035,0.1266
0.775047,0.0233,0.5,0.5,0.775047,0.0233,0.0,1.0,0.035,0.1266
0.799347,0.0233,0.5,0.5,0.799347,0.0233,0.0,1.0,0.035,0.1677
0.782569,0.0698,0.5,0.5,0.782569,0.0698,0.0,1.0,0.1047,0.1811
0.737106,0.0698,0.5,0.5,0.737106,0.0698,0.0,1.0,0.1047,0.125
0.758636,0.0698,0.5,0.5,0.758636,0.0698,0.0,1.0,0.1047,0.125
0.800918,0.093,0.5,0.5,0.800918,0.093,0.0,1.0,0.1395,0.2393
0.73588,0.0233,0.5,0.5,0.73588,0.0233,0.0,1.0,0.035,0.0994
0.806112,0.093,0.5,0.5,0.806112,0.093,0.0,1.0,0.1395,0.4167
0.78173,0.0698,0.5,0.5,0.78173,0.0698,0.0,1.0,0.1047,0.2596
0.791486,0.0233,0.5,0.5,0.791486,0.0233,0.0,1.0,0.035,0.1811
0.768379,0.0465,0.5,0.5,0.768379,0.0465,0.0,1.0,0.0698,0.3178
0.80237,0.0698,0.5,0.5,0.80237,0.0698,0.0,1.0,0.1047,0.1587
0.759217,0.0465,0.5,0.5,0.759217,0.0465,0.0,1.0,0.0698,0.125
0.791692,0.093,0.5,0.5,0.791692,0.093,0.0,1.0,0.1395,0.2559
0.770186,0.0465,0.5,0.5,0.770186,0.0465,0.0,1.0,0.0698,0.1362
0.72234,0.0698,0.5,0.5,0.72234,0.0698,0.0,0.8,0.1047,0.3584
0.779283,0.0698,0.5,0.5,0.779283,0.0698,0.0,1.0,0.1047,0.1218
0.76755,0.0233,0.5,0.5,0.76755,0.0233,0.0,1.0,0.035,0.0759
0.817671,0.0698,0.5,0.5,0.817671,0.0698,0.0,1.0,0.1047,0.2821
0.767952,0.0465,0.5,0.5,0.767952,0.0465,0.0,1.0,0.0698,0.1928
0.764197,0.1628,0.5,0.5,0.764197,0.1628,0.0,1.0,0.2442,0.1886
0.743259,0.093,0.5,0.5,0.743259,0.093,0.0,1.0,0.1395,0.1341
0.766243,0.0465,0.5,0.5,0.766243,0.0465,0.0,1.0,0.0698,0.125
0.762214,0.0465,0.5,0.5,0.762214,0.0465,0.0,1.0,0.0698,0.2244
0.736401,0.0465,0.5,0.5,0.736401,0.0465,0.0,0.8,0.0698,0.125
0.773552,0.0698,0.5,0.5,0.773552,0.0698,0.0,1.0,0.1047,0.2137
0.761315,0.1628,0.5,0.5,0.761315,0.1628,0.0,1.0,0.2442,0.1474
0.743393,0.0465,0.5,0.5,0.743393,0.0465,0.0,1.0,0.0698,0.1154
0.753047,0.0233,0.5,0.5,0.753047,0.0233,0.0,1.0,0.035,0.2671
0.858672,0.093,0.5,0.5,0.858672,0.093,0.0,1.0,0.1395,0.4503
0.774394,0.0233,0.5,0.5,0.774394,0.0233,0.0,1.0,0.035,0.211
0.780057,0.093,0.5,0.5,0.780057,0.093,0.0,1.0,0.1395,0.1533
0.74401,0.0,0.5,0.5,0.74401,0.0,0.0,1.0,0.0,0.1437
0.731985,0.093,0.5,0.5,0.731985,0.093,0.0,0.45,0.1395,0.2409
0.845111,0.186,0.5,0.5,0.845111,0.186,0.0,1.0,0.279,0.6074
0.747634,0.0,0.5,0.5,0.747634,0.0,0.0,1.0,0.0,0.1042
0.776072,0.0698,0.5,0.5,0.776072,0.0698,0.0,1.0,0.1047,0.1923
0.771183,0.0233,0.5,0.5,0.771183,0.0233,0.0,1.0,0.035,0.2094
0.762431,0.0698,0.5,0.5,0.762431,0.0698,0.0,1.0,0.1047,0.234
0.770037,0.0465,0.5,0.5,0.770037,0.0465,0.0,1.0,0.0698,0.1549
0.76369,0.0698,0.5,0.5,0.76369,0.0698,0.0,1.0,0.1047,0.125
0.778332,0.0698,0.5,0.5,0.778332,0.0698,0.0,1.0,0.1047,0.125
0.801305,0.0698,0.5,0.5,0.801305,0.0698,0.0,1.0,0.1047,0.398
0.777092,0.0465,0.5,0.5,0.777092,0.0465,0.0,1.0,0.0698,0.1362
0.749489,0.0465,0.5,0.5,0.749489,0.0465,0.0,1.0,0.0698,0.2911
0.737622,0.0465,0.5,0.5,0.737622,0.0465,0.0,0.8,0.0698,0.1362
0.76423,0.093,0.5,0.5,0.76423,0.093,0.0,1.0,0.1395,0.2041
0.789865,0.0698,0.5,0.5,0.789865,0.0698,0.0,1.0,0.1047,0.125
0.787032,0.093,0.5,0.5,0.787032,0.093,0.0,1.0,0.1395,0.2169
0.769317,0.0465,0.5,0.5,0.769317,0.0465,0.0,1.0,0.0698,0.1362
0.833217,0.1395,0.5,0.5,0.833217,0.1395,0.0,1.0,0.2093,0.6074
0.798864,0.093,0.5,0.5,0.798864,0.093,0.0,1.0,0.1395,0.1453
0.759194,0.0465,0.5,0.5,0.759194,0.0465,0.0,0.45,0.0698,0.1106
0.733896,0.0465,0.5,0.5,0.733896,0.0465,0.0,1.0,0.0698,0.1362
0.765574,0.0233,0.5,0.5,0.765574,0.0233,0.0,1.0,0.035,0.3162
0.729597,0.0465,0.5,0.5,0.729597,0.0465,0.0,1.0,0.0698,0.5
0.787004,0.0698,0.5,0.5,0.787004,0.0698,0.0,1.0,0.1047,0.2131
0.741631,0.0465,0.5,0.5,0.741631,0.0465,0.0,1.0,0.0698,0.1362
0.804361,0.0465,0.5,0.5,0.804361,0.0465,0.0,1.0,0.0698,0.25
0.802172,0.0233,0.5,0.5,0.802172,0.0233,0.0,1.0,0.035,0.1683
0.763369,0.0233,0.5,0.5,0.763369,0.0233,0.0,1.0,0.035,0.1736
0.787317,0.0698,0.5,0.5,0.787317,0.0698,0.0,1.0,0.1047,0.1346
0.769126,0.0698,0.5,0.5,0.769126,0.0698,0.0,0.45,0.1047,0.1362
0.759631,0.093,0.5,0.5,0.759631,0.093,0.0,1.0,0.1395,0.4728
0.753225,0.0698,0.5,0.5,0.753225,0.0698,0.0,1.0,0.1047,0.1699
0.77405,0.093,0.5,0.5,0.77405,0.093,0.0,1.0,0.1395,0.1832
0.779924,0.0698,0.5,0.5,0.779924,0.0698,0.0,1.0,0.1047,0.1138
0.760843,0.0233,0.5,0.5,0.760843,0.0233,0.0,1.0,0.035,0.1266
0.766821,0.0698,0.5,0.5,0.766821,0.0698,0.0,1.0,0.1047,0.2372
0.781189,0.093,0.5,0.5,0.781189,0.093,0.0,1.0,0.1395,0.2153
0.787057,0.0465,0.5,0.5,0.787057,0.0465,0.0,1.0,0.0698,0.101
0.793061,0.0698,0.5,0.5,0.793061,0.0698,0.0,1.0,0.1047,0.2041
0.805966,0.1628,0.5,0.5,0.805966,0.1628,0.0,1.0,0.2442,0.5043
0.771025,0.0233,0.5,0.5,0.771025,0.0233,0.0,1.0,0.035,0.0994
0.7394,0.0465,0.5,0.5,0.7394,0.0465,0.0,1.0,0.0698,0.2933
0.759478,0.0465,0.5,0.5,0.759478,0.0465,0.0,1.0,0.0698,0.2222
0.774958,0.0465,0.5,0.5,0.774958,0.0465,0.0,1.0,0.0698,0.187
0.770677,0.0698,0.5,0.5,0.770677,0.0698,0.0,1.0,0.1047,0.2618
0.761635,0.0465,0.5,0.5,0.761635,0.0465,0.0,0.45,0.0698,0.1736
0.799042,0.0465,0.5,0.5,0.799042,0.0465,0.0,1.0,0.0698,0.1042
0.841603,0.1163,0.5,0.5,0.841603,0.1163,0.0,1.0,0.1744,0.5588
0.761978,0.1579,0.5,0.5,0.761978,0.1579,0.0,0.8,0.2369,0.4194
0.845206,0.2105,0.5,0.5,0.845206,0.2105,0.0,0.8,0.3157,0.7799
0.829685,0.1053,0.5,0.5,0.829685,0.1053,0.0,0.8,0.158,0.5458
0.816298,0.2105,0.5,0.5,0.816298,0.2105,0.0,0.8,0.3157,0.6722
0.806643,0.0526,0.5,0.5,0.806643,0.0526,0.0,0.8,0.0789,0.2943
0.75105,0.0789,0.5,0.5,0.75105,0.0789,0.0,0.8,0.1183,0.291
0.851323,0.1316,0.5,0.5,0.851323,0.1316,0.0,0.8,0.1974,0.4475
0.834045,0.0789,0.5,0.5,0.834045,0.0789,0.0,0.8,0.1183,0.1177
0.867733,0.1579,0.5,0.5,0.867733,0.1579,0.0,0.8,0.2369,0.2722
0.829797,0.0263,0.5,0.5,0.829797,0.0263,0.0,0.8,0.0394,0.2977
0.79653,0.1579,0.5,0.5,0.79653,0.1579,0.0,0.8,0.2369,0.4054
0.810058,0.1579,0.5,0.5,0.810058,0.1579,0.0,0.8,0.2369,0.3184
0.793784,0.0789,0.5,0.5,0.793784,0.0789,0.0,0.8,0.1183,0.2702
0.8471,0.0526,0.5,0.5,0.8471,0.0526,0.0,0.8,0.0789,0.6488
0.833216,0.0526,0.5,0.5,0.833216,0.0526,0.0,0.8,0.0789,0.2241
0.746482,0.1316,0.5,0.5,0.746482,0.1316,0.0,0.8,0.1974,0.3585
0.848015,0.1579,0.5,0.5,0.848015,0.1579,0.0,0.8,0.2369,0.5084
0.834081,0.1053,0.5,0.5,0.834081,0.1053,0.0,0.8,0.158,0.396
0.812868,0.1579,0.5,0.5,0.812868,0.1579,0.0,0.8,0.2369,0.705
0.835633,0.1316,0.5,0.5,0.835633,0.1316,0.0,0.8,0.1974,0.6676
0.810576,0.1579,0.5,0.5,0.810576,0.1579,0.0,0.8,0.2369,0.4689
0.789957,0.0526,0.5,0.5,0.789957,0.0526,0.0,0.8,0.0789,0.3866
0.826004,0.1579,0.5,0.5,0.826004,0.1579,0.0,0.8,0.2369,0.5926
0.82639,0.1579,0.5,0.5,0.82639,0.1579,0.0,0.8,0.2369,0.3819
0.858536,0.0789,0.5,0.5,0.858536,0.0789,0.0,0.8,0.1183,0.5833
0.813535,0.0789,0.5,0.5,0.813535,0.0789,0.0,0.8,0.1183,0.3632
0.850095,0.1316,0.5,0.5,0.850095,0.1316,0.0,0.8,0.1974,0.5365
0.882005,0.1579,0.5,0.5,0.882005,0.1579,0.0,0.8,0.2369,0.588
0.747072,0.0263,0.5,0.5,0.747072,0.0263,0.0,0.8,0.0394,0.3324
0.835203,0.1579,0.5,0.5,0.835203,0.1579,0.0,0.8,0.2369,0.7003
0.764622,0.0526,0.5,0.5,0.764622,0.0526,0.0,0.8,0.0789,0.2227
0.796428,0.0789,0.5,0.5,0.796428,0.0789,0.0,0.8,0.1183,0.3425
0.771939,0.0,0.5,0.5,0.771939,0.0,0.0,0.8,0.0,0.2027
0.800347,0.0789,0.5,0.5,0.800347,0.0789,0.0,0.8,0.1183,0.3371
0.854117,0.1579,0.5,0.5,0.854117,0.1579,0.0,0.8,0.2369,0.6957
0.815143,0.1579,0.5,0.5,0.815143,0.1579,0.0,0.8,0.2369,0.7378
0.779234,0.0789,0.5,0.5,0.779234,0.0789,0.0,0.8,0.1183,0.293
0.807067,0.0263,0.5,0.5,0.807067,0.0263,0.0,0.8,0.0394,0.2227
0.830944,0.0789,0.5,0.5,0.830944,0.0789,0.0,0.8,0.1183,0.2441
0.830335,0.1316,0.5,0.5,0.830335,0.1316,0.0,0.8,0.1974,0.602
0.848281,0.2105,0.5,0.5,0.848281,0.2105,0.0,0.8,0.3157,0.5365
0.745303,0.0789,0.5,0.5,0.745303,0.0789,0.0,0.8,0.1183,0.4181
0.738859,0.0789,0.5,0.5,0.738859,0.0789,0.0,0.8,0.1183,0.3425
0.80002,0.1053,0.5,0.5,0.80002,0.1053,0.0,0.8,0.158,0.7585
0.76934,0.1053,0.5,0.5,0.76934,0.1053,0.0,0.8,0.158,0.186
0.72959,0.1579,0.5,0.5,0.72959,0.1579,0.0,0.8,0.2369,0.5251
0.820218,0.0526,0.5,0.5,0.820218,0.0526,0.0,0.8,0.0789,0.6161
0.787946,0.1579,0.5,0.5,0.787946,0.1579,0.0,0.8,0.2369,0.3846
0.830408,0.1053,0.5,0.5,0.830408,0.1053,0.0,0.8,0.158,0.4054
0.755267,0.0526,0.5,0.5,0.755267,0.0526,0.0,0.8,0.0789,0.2448
0.763363,0.1053,0.5,0.5,0.763363,0.1053,0.0,0.8,0.158,0.194
0.810882,0.1842,0.5,0.5,0.810882,0.1842,0.0,0.8,0.2763,0.4127
0.74537,0.0789,0.5,0.5,0.74537,0.0789,0.0,0.8,0.1183,0.0863
0.818646,0.1316,0.5,0.5,0.818646,0.1316,0.0,0.8,0.1974,0.4548
0.844737,0.1579,0.5,0.5,0.844737,0.1579,0.0,0.8,0.2369,0.499
0.826233,0.1316,0.5,0.5,0.826233,0.1316,0.0,0.8,0.1974,0.6629
0.788941,0.0789,0.5,0.5,0.788941,0.0789,0.0,0.8,0.1183,0.4943
0.802942,0.0789,0.5,0.5,0.802942,0.0789,0.0,0.8,0.1183,0.8127
0.810746,0.1316,0.5,0.5,0.810746,0.1316,0.0,0.8,0.1974,0.3023
0.771327,0.0789,0.5,0.5,0.771327,0.0789,0.0,0.8,0.1183,0.4214
0.763391,0.0526,0.5,0.5,0.763391,0.0526,0.0,0.8,0.0789,0.3913
0.759626,0.2368,0.5,0.5,0.759626,0.2368,0.0,0.8,0.3552,0.2488
0.791445,0.1316,0.5,0.5,0.791445,0.1316,0.0,0.8,0.1974,0.3679
0.737356,0.2105,0.5,0.5,0.737356,0.2105,0.0,0.8,0.3157,0.5579
0.856833,0.2895,0.5,0.5,0.856833,0.2895,0.0,0.8,0.4342,0.5365
0.816893,0.1842,0.5,0.5,0.816893,0.1842,0.0,0.8,0.2763,0.6395
0.848364,0.1579,0.5,0.5,0.848364,0.1579,0.0,0.8,0.2369,0.4803
0.810343,0.1316,0.5,0.5,0.810343,0.1316,0.0,0.8,0.1974,0.2676
0.792111,0.1053,0.5,0.5,0.792111,0.1053,0.0,0.8,0.158,0.289
0.753773,0.1579,0.5,0.5,0.753773,0.1579,0.0,0.8,0.2369,0.4288
0.76859,0.2105,0.5,0.5,0.76859,0.2105,0.0,0.8,0.3157,0.7284
0.755971,0.0789,0.5,0.5,0.755971,0.0789,0.0,0.8,0.1183,0.513
0.803358,0.1316,0.5,0.5,0.803358,0.1316,0.0,0.8,0.1974,0.3492
0.773696,0.0526,0.5,0.5,0.773696,0.0526,0.0,0.8,0.0789,0.2983
0.737101,0.1316,0.5,0.5,0.737101,0.1316,0.0,0.8,0.1974,0.1672
0.737946,0.1842,0.5,0.5,0.737946,0.1842,0.0,0.8,0.2763,0.3097
0.743058,0.1842,0.5,0.5,0.743058,0.1842,0.0,0.8,0.2763,0.212
0.744489,0.1053,0.5,0.5,0.744489,0.1053,0.0,0.8,0.158,0.2769
0.762761,0.1053,0.5,0.5,0.762761,0.1053,0.0,0.8,0.158,0.3819
0.794045,0.0789,0.5,0.5,0.794045,0.0789,0.0,0.8,0.1183,0.5973
0.791253,0.1053,0.5,0.5,0.791253,0.1053,0.0,0.8,0.158,0.1344
0.827833,0.1053,0.5,0.5,0.827833,0.1053,0.0,0.8,0.158,0.3612
0.816781,0.1579,0.5,0.5,0.816781,0.1579,0.0,0.8,0.2369,0.705
0.734819,0.1053,0.5,0.5,0.734819,0.1053,0.0,0.8,0.158,0.3518
0.782795,0.1053,0.5,0.5,0.782795,0.1053,0.0,0.8,0.158,0.5692
0.784443,0.0526,0.5,0.5,0.784443,0.0526,0.0,0.8,0.0789,0.5365
0.769526,0.1053,0.5,0.5,0.769526,0.1053,0.0,0.8,0.158,0.3438
0.765653,0.0526,0.5,0.5,0.765653,0.0526,0.0,0.8,0.0789,0.2963
0.798237,0.0789,0.5,0.5,0.798237,0.0789,0.0,0.8,0.1183,0.307
0.790039,0.1316,0.5,0.5,0.790039,0.1316,0.0,0.8,0.1974,0.198
0.770656,0.1316,0.5,0.5,0.770656,0.1316,0.0,0.8,0.1974,0.5177
0.800459,0.1053,0.5,0.5,0.800459,0.1053,0.0,0.8,0.158,0.1672
0.74115,0.1053,0.5,0.5,0.74115,0.1053,0.0,0.8,0.158,0.3659
0.737872,0.0789,0.5,0.5,0.737872,0.0789,0.0,0.8,0.1183,0.2214
0.769043,0.1316,0.5,0.5,0.769043,0.1316,0.0,0.8,0.1974,0.2722
0.748712,0.0526,0.5,0.5,0.748712,0.0526,0.0,0.8,0.0789,0.2696
0.753254,0.0263,0.5,0.5,0.753254,0.0263,0.0,0.8,0.0394,0.2769
0.759821,0.0263,0.5,0.5,0.759821,0.0263,0.0,0.8,0.0394,0.192
0.724877,0.0789,0.5,0.5,0.724877,0.0789,0.0,0.8,0.1183,0.1692
0.707156,0.1053,0.5,0.5,0.707156,0.1053,0.0,0.8,0.158,0.3726
0.821249,0.1579,0.5,0.5,0.821249,0.1579,0.0,0.8,0.2369,0.5645
0.753968,0.1579,0.5,0.5,0.753968,0.1579,0.0,0.8,0.2369,0.8829
0.759137,0.0789,0.5,0.5,0.759137,0.0789,0.0,0.8,0.1183,0.1579
0.786491,0.0526,0.5,0.5,0.786491,0.0526,0.0,0.8,0.0789,0.2388
0.813544,0.1579,0.5,0.5,0.813544,0.1579,0.0,0.8,0.2369,0.7144
0.789121,0.1053,0.5,0.5,0.789121,0.1053,0.0,0.8,0.158,0.305
0.79135,0.1316,0.5,0.5,0.79135,0.1316,0.0,0.8,0.1974,0.4662
0.794064,0.1579,0.5,0.5,0.794064,0.1579,0.0,0.8,0.2369,0.4428
0.786779,0.0263,0.5,0.5,0.786779,0.0263,0.0,0.8,0.0394,0.1425
0.817665,0.0789,0.5,0.5,0.817665,0.0789,0.0,0.8,0.1183,0.4736
0.720374,0.0526,0.5,0.5,0.720374,0.0526,0.0,0.8,0.0789,0.2281
0.738465,0.1316,0.5,0.5,0.738465,0.1316,0.0,0.8,0.1974,0.1184
0.760785,0.0526,0.5,0.5,0.760785,0.0526,0.0,0.8,0.0789,0.1632
0.755613,0.0263,0.5,0.5,0.755613,0.0263,0.0,0.8,0.0394,0.2187
0.742389,0.0,0.5,0.5,0.742389,0.0,0.0,0.8,0.0,0.1117
0.82424,0.1579,0.5,0.5,0.82424,0.1579,0.0,0.8,0.2369,0.3987
0.79554,0.0526,0.5,0.5,0.79554,0.0526,0.0,0.8,0.0789,0.4803
0.769302,0.0962,0.5,0.5,0.769302,0.0962,0.0,1.0,0.1443,0.4534
0.795868,0.0962,0.5,0.5,0.795868,0.0962,0.0,1.0,0.1443,0.3689
0.764045,0.0385,0.5,0.5,0.764045,0.0385,0.0,1.0,0.0577,0.1242
0.711674,0.0577,0.5,0.5,0.711674,0.0577,0.0,0.45,0.0866,0.447
0.796415,0.0577,0.5,0.5,0.796415,0.0577,0.0,1.0,0.0866,0.2425
0.763243,0.0385,0.5,0.5,0.763243,0.0385,0.0,1.0,0.0577,0.1726
0.774113,0.0769,0.5,0.5,0.774113,0.0769,0.0,0.8,0.1153,0.1338
0.700569,0.0192,0.5,0.5,0.700569,0.0192,0.0,0.45,0.0288,0.1562
0.742899,0.0385,0.5,0.5,0.742899,0.0385,0.0,1.0,0.0577,0.2402
0.790632,0.0962,0.5,0.5,0.790632,0.0962,0.0,1.0,0.1443,0.1936
0.78196,0.0769,0.5,0.5,0.78196,0.0769,0.0,1.0,0.1153,0.0826
0.74807,0.0769,0.5,0.5,0.74807,0.0769,0.0,1.0,0.1153,0.1849
0.767931,0.0577,0.5,0.5,0.767931,0.0577,0.0,1.0,0.0866,0.179
0.766219,0.0577,0.5,0.5,0.766219,0.0577,0.0,1.0,0.0866,0.1562
0.739421,0.0385,0.5,0.5,0.739421,0.0385,0.0,1.0,0.0577,0.1712
0.773829,0.0577,0.5,0.5,0.773829,0.0577,0.0,1.0,0.0866,0.2379
0.746822,0.0,0.5,0.5,0.746822,0.0,0.0,0.45,0.0,0.2027
0.758402,0.0577,0.5,0.5,0.758402,0.0577,0.0,1.0,0.0866,0.1151
0.762486,0.0,0.5,0.5,0.762486,0.0,0.0,1.0,0.0,0.2032
0.736788,0.0385,0.5,0.5,0.736788,0.0385,0.0,1.0,0.0577,0.1018
0.748274,0.0577,0.5,0.5,0.748274,0.0577,0.0,1.0,0.0866,0.2457
0.812792,0.0385,0.5,0.5,0.812792,0.0385,0.0,1.0,0.0577,0.0731
0.770824,0.0769,0.5,0.5,0.770824,0.0769,0.0,1.0,0.1153,0.1767
0.775507,0.0385,0.5,0.5,0.775507,0.0385,0.0,1.0,0.0577,0.1913
0.697411,0.0962,0.5,0.5,0.697411,0.0962,0.0,1.0,0.1443,0.1164
0.757318,0.0385,0.5,0.5,0.757318,0.0385,0.0,1.0,0.0577,0.2027
0.721262,0.0577,0.5,0.5,0.721262,0.0577,0.0,1.0,0.0866,0.1626
0.754953,0.0,0.5,0.5,0.754953,0.0,0.0,1.0,0.0,0.1849
0.716881,0.0577,0.5,0.5,0.716881,0.0577,0.0,1.0,0.0866,0.2247
0.752767,0.0769,0.5,0.5,0.752767,0.0769,0.0,1.0,0.1153,0.1114
0.747215,0.1154,0.5,0.5,0.747215,0.1154,0.0,1.0,0.1731,0.1543
0.738432,0.1154,0.5,0.5,0.738432,0.1154,0.0,1.0,0.1731,0.2215
0.739862,0.0769,0.5,0.5,0.739862,0.0769,0.0,1.0,0.1153,0.2119
0.747441,0.0577,0.5,0.5,0.747441,0.0577,0.0,1.0,0.0866,0.1904
0.78557,0.0192,0.5,0.5,0.78557,0.0192,0.0,1.0,0.0288,0.3447
0.764035,0.0577,0.5,0.5,0.764035,0.0577,0.0,1.0,0.0866,0.0868
0.746857,0.0577,0.5,0.5,0.746857,0.0577,0.0,1.0,0.0866,0.1
0.793153,0.0577,0.5,0.5,0.793153,0.0577,0.0,1.0,0.0866,0.1447
0.720863,0.0577,0.5,0.5,0.720863,0.0577,0.0,1.0,0.0866,0.1274
0.764866,0.0577,0.5,0.5,0.764866,0.0577,0.0,1.0,0.0866,0.0767
0.777566,0.0385,0.5,0.5,0.777566,0.0385,0.0,1.0,0.0577,0.1388
0.71013,0.0385,0.5,0.5,0.71013,0.0385,0.0,1.0,0.0577,0.1708
0.772523,0.0577,0.5,0.5,0.772523,0.0577,0.0,1.0,0.0866,0.2425
0.778005,0.0577,0.5,0.5,0.778005,0.0577,0.0,1.0,0.0866,0.2187
0.75783,0.0769,0.5,0.5,0.75783,0.0769,0.0,1.0,0.1153,0.1927
0.774948,0.0769,0.5,0.5,0.774948,0.0769,0.0,1.0,0.1153,0.3548
0.76081,0.0577,0.5,0.5,0.76081,0.0577,0.0,0.45,0.0866,0.284
0.731969,0.0385,0.5,0.5,0.731969,0.0385,0.0,1.0,0.0577,0.2954
0.759287,0.0577,0.5,0.5,0.759287,0.0577,0.0,1.0,0.0866,0.2393
0.700314,0.0577,0.5,0.5,0.700314,0.0577,0.0,1.0,0.0866,0.1753
0.732271,0.0577,0.5,0.5,0.732271,0.0577,0.0,1.0,0.0866,0.1913
0.776817,0.1154,0.5,0.5,0.776817,0.1154,0.0,1.0,0.1731,0.2265
0.738993,0.0577,0.5,0.5,0.738993,0.0577,0.0,1.0,0.0866,0.1164
0.745453,0.0577,0.5,0.5,0.745453,0.0577,0.0,1.0,0.0866,0.0986
0.780286,0.0385,0.5,0.5,0.780286,0.0385,0.0,1.0,0.0577,0.1895
0.715106,0.0962,0.5,0.5,0.715106,0.0962,0.0,1.0,0.1443,0.1689
0.762304,0.1154,0.5,0.5,0.762304,0.1154,0.0,1.0,0.1731,0.2169
0.726227,0.0577,0.5,0.5,0.726227,0.0577,0.0,1.0,0.0866,0.5397
0.736674,0.0385,0.5,0.5,0.736674,0.0385,0.0,1.0,0.0577,0.2571
0.751722,0.0962,0.5,0.5,0.751722,0.0962,0.0,1.0,0.1443,0.1721
0.766136,0.0769,0.5,0.5,0.766136,0.0769,0.0,1.0,0.1153,0.1767
0.747496,0.0577,0.5,0.5,0.747496,0.0577,0.0,1.0,0.0866,0.0991
0.781679,0.0962,0.5,0.5,0.781679,0.0962,0.0,1.0,0.1443,0.1356
0.778746,0.0714,0.5,0.5,0.778746,0.0714,0.0,1.0,0.1071,0.5067
0.841654,0.1429,0.5,0.5,0.841654,0.1429,0.0,0.8,0.2143,0.6711
0.75168,0.1429,0.5,0.5,0.75168,0.1429,0.0,1.0,0.2143,0.5126
0.744753,0.25,0.5,0.5,0.744753,0.25,0.0,0.45,0.375,0.7475
0.796496,0.1786,0.5,0.5,0.796496,0.1786,0.0,1.0,0.2679,0.6711
0.733858,0.1071,0.5,0.5,0.733858,0.1071,0.0,1.0,0.1607,0.5185
0.752219,0.1071,0.5,0.5,0.752219,0.1071,0.0,1.0,0.1607,0.4606
0.776511,0.1786,0.5,0.5,0.776511,0.1786,0.0,1.0,0.2679,0.3364
0.733536,0.0714,0.5,0.5,0.733536,0.0714,0.0,1.0,0.1071,0.2894
0.861461,0.1786,0.5,0.5,0.861461,0.1786,0.0,1.0,0.2679,0.8062
0.756322,0.0357,0.5,0.5,0.756322,0.0357,0.0,1.0,0.0536,0.2794
0.781602,0.1071,0.5,0.5,0.781602,0.1071,0.0,1.0,0.1607,0.7005
0.776984,0.1071,0.5,0.5,0.776984,0.1071,0.0,1.0,0.1607,0.6896
0.750453,0.1071,0.5,0.5,0.750453,0.1071,0.0,1.0,0.1607,0.4715
0.77074,0.0714,0.5,0.5,0.77074,0.0714,0.0,0.45,0.1071,0.4312
0.749553,0.0714,0.5,0.5,0.749553,0.0714,0.0,1.0,0.1071,0.5596
0.81461,0.2143,0.5,0.5,0.81461,0.2143,0.0,1.0,0.3215,0.6359
0.800654,0.1071,0.5,0.5,0.800654,0.1071,0.0,0.45,0.1607,0.4128
0.789655,0.0357,0.5,0.5,0.789655,0.0357,0.0,1.0,0.0536,0.5126
0.752679,0.1071,0.5,0.5,0.752679,0.1071,0.0,1.0,0.1607,0.3926
0.757191,0.1786,0.5,0.5,0.757191,0.1786,0.0,1.0,0.2679,0.3784
0.730496,0.1429,0.5,0.5,0.730496,0.1429,0.0,1.0,0.2143,0.5419
0.80641,0.0417,0.5,0.5,0.80641,0.0417,0.0,1.0,0.0625,0.0751
0.831682,0.0,0.5,0.5,0.831682,0.0,0.0,1.0,0.0,0.1821
0.825503,0.0,0.5,0.5,0.825503,0.0,0.0,1.0,0.0,0.0983
0.804723,0.0833,0.5,0.5,0.804723,0.0833,0.0,1.0,0.125,0.317
0.727769,0.0417,0.5,0.5,0.727769,0.0417,0.0,1.0,0.0625,0.1416
0.830887,0.0417,0.5,0.5,0.830887,0.0417,0.0,1.0,0.0625,0.0983
0.805901,0.0833,0.5,0.5,0.805901,0.0833,0.0,1.0,0.125,0.7505
0.778819,0.0417,0.5,0.5,0.778819,0.0417,0.0,1.0,0.0625,0.394
0.809527,0.0417,0.5,0.5,0.809527,0.0417,0.0,1.0,0.0625,0.1724
0.847035,0.0,0.5,0.5,0.847035,0.0,0.0,1.0,0.0,0.2447
0.81108,0.125,0.5,0.5,0.81108,0.125,0.0,1.0,0.1875,0.1185
0.81108,0.125,0.5,0.5,0.81108,0.125,0.0,1.0,0.1875,0.1185
0.833792,0.1667,0.5,0.5,0.833792,0.1667,0.0,0.45,0.25,0.5694
0.774591,0.0,0.5,0.5,0.774591,0.0,0.0,1.0,0.0,0.6021
0.843419,0.0417,0.5,0.5,0.843419,0.0417,0.0,1.0,0.0625,0.4277
0.798311,0.0833,0.5,0.5,0.798311,0.0833,0.0,1.0,0.125,0.1985
0.811529,0.0417,0.5,0.5,0.811529,0.0417,0.0,1.0,0.0625,0.1724
0.819299,0.0417,0.5,0.5,0.819299,0.0417,0.0,0.45,0.0625,0.764
0.810439,0.25,0.5,0.5,0.810439,0.25,0.0,1.0,0.375,0.7678
0.803291,0.0833,0.5,0.5,0.803291,0.0833,0.0,1.0,0.125,0.1387
0.845842,0.0417,0.5,0.5,0.845842,0.0417,0.0,1.0,0.0625,0.1185
0.754263,0.0833,0.5,0.5,0.754263,0.0833,0.0,0.8,0.125,0.2755
0.812881,0.0833,0.5,0.5,0.812881,0.0833,0.0,1.0,0.125,0.1185
0.836754,0.125,0.5,0.5,0.836754,0.125,0.0,1.0,0.1875,0.3401
0.8083,0.0833,0.5,0.5,0.8083,0.0833,0.0,1.0,0.125,0.2659
0.819331,0.1667,0.5,0.5,0.819331,0.1667,0.0,1.0,0.25,0.3333
0.783148,0.125,0.5,0.5,0.783148,0.125,0.0,1.0,0.1875,0.4104
0.835071,0.125,0.5,0.5,0.835071,0.125,0.0,1.0,0.1875,0.6696
0.823184,0.125,0.5,0.5,0.823184,0.125,0.0,1.0,0.1875,0.3902
0.764342,0.0833,0.5,0.5,0.764342,0.0833,0.0,1.0,0.125,0.4605
0.811666,0.1667,0.5,0.5,0.811666,0.1667,0.0,0.8,0.25,0.5559
0.767206,0.0,0.5,0.5,0.767206,0.0,0.0,1.0,0.0,0.5385
0.80272,0.0,0.5,0.5,0.80272,0.0,0.0,1.0,0.0,0.1724
0.785826,0.0833,0.5,0.5,0.785826,0.0833,0.0,1.0,0.125,0.4075
0.83379,0.0,0.5,0.5,0.83379,0.0,0.0,1.0,0.0,0.1185
0.809557,0.125,0.5,0.5,0.809557,0.125,0.0,1.0,0.1875,0.1416
0.801288,0.0833,0.5,0.5,0.801288,0.0833,0.0,0.8,0.125,0.1724
0.805148,0.0417,0.5,0.5,0.805148,0.0417,0.0,1.0,0.0625,0.1185
0.815949,0.0833,0.5,0.5,0.815949,0.0833,0.0,1.0,0.125,0.1676
0.802214,0.0833,0.5,0.5,0.802214,0.0833,0.0,1.0,0.125,0.1185
0.819462,0.0417,0.5,0.5,0.819462,0.0417,0.0,1.0,0.0625,0.1185
0.799871,0.0417,0.5,0.5,0.799871,0.0417,0.0,1.0,0.0625,0.026
0.851508,0.0833,0.5,0.5,0.851508,0.0833,0.0,1.0,0.125,0.2264
0.800913,0.125,0.5,0.5,0.800913,0.125,0.0,1.0,0.1875,0.3141
0.802022,0.125,0.5,0.5,0.802022,0.125,0.0,1.0,0.1875,0.1696
0.773073,0.0833,0.5,0.5,0.773073,0.0833,0.0,1.0,0.125,0.026
0.830843,0.0,0.5,0.5,0.830843,0.0,0.0,1.0,0.0,0.5434
0.797103,0.0417,0.5,0.5,0.797103,0.0417,0.0,1.0,0.0625,0.0751
0.825513,0.0417,0.5,0.5,0.825513,0.0417,0.0,1.0,0.0625,0.1888
0.827484,0.0417,0.5,0.5,0.827484,0.0417,0.0,1.0,0.0625,0.1416
0.834204,0.0417,0.5,0.5,0.834204,0.0417,0.0,1.0,0.0625,0.1724
0.812189,0.0833,0.5,0.5,0.812189,0.0833,0.0,1.0,0.125,0.7004
0.829038,0.0417,0.5,0.5,0.829038,0.0417,0.0,1.0,0.0625,0.1445
0.823823,0.0417,0.5,0.5,0.823823,0.0417,0.0,1.0,0.0625,0.2187
0.806669,0.0417,0.5,0.5,0.806669,0.0417,0.0,1.0,0.0625,0.183
0.77576,0.125,0.5,0.5,0.77576,0.125,0.0,1.0,0.1875,0.0983
0.841839,0.125,0.5,0.5,0.841839,0.125,0.0,1.0,0.1875,0.8584
0.803998,0.0417,0.5,0.5,0.803998,0.0417,0.0,1.0,0.0625,0.0983
0.83591,0.0417,0.5,0.5,0.83591,0.0417,0.0,1.0,0.0625,0.29
0.801998,0.0833,0.5,0.5,0.801998,0.0833,0.0,1.0,0.125,0.1416
0.815189,0.0,0.5,0.5,0.815189,0.0,0.0,1.0,0.0,0.1753
0.83829,0.0417,0.5,0.5,0.83829,0.0417,0.0,1.0,0.0625,0.1985
0.787523,0.0833,0.5,0.5,0.787523,0.0833,0.0,1.0,0.125,0.1185
0.802177,0.125,0.5,0.5,0.802177,0.125,0.0,1.0,0.1875,0.236
0.810142,0.0417,0.5,0.5,0.810142,0.0417,0.0,1.0,0.0625,0.3102
0.818498,0.125,0.5,0.5,0.818498,0.125,0.0,1.0,0.1875,0.2592
0.890112,0.1667,0.5,0.5,0.890112,0.1667,0.0,0.8,0.25,0.4451
0.831003,0.0833,0.5,0.5,0.831003,0.0833,0.0,1.0,0.125,0.3401
0.817432,0.0417,0.5,0.5,0.817432,0.0417,0.0,1.0,0.0625,0.2187
0.835683,0.25,0.5,0.5,0.835683,0.25,0.0,1.0,0.375,0.9528
0.888584,0.0833,0.5,0.5,0.888584,0.0833,0.0,1.0,0.125,0.7977
0.813776,0.0,0.5,0.5,0.813776,0.0,0.0,1.0,0.0,0.0983
0.798236,0.0417,0.5,0.5,0.798236,0.0417,0.0,1.0,0.0625,0.1927
0.82161,0.0833,0.5,0.5,0.82161,0.0833,0.0,1.0,0.125,0.2861
0.805182,0.0833,0.5,0.5,0.805182,0.0833,0.0,1.0,0.125,0.1416
0.844998,0.0417,0.5,0.5,0.844998,0.0417,0.0,1.0,0.0625,0.1185
0.815029,0.0417,0.5,0.5,0.815029,0.0417,0.0,1.0,0.0625,0.1724
0.842596,0.2917,0.5,0.5,0.842596,0.2917,0.0,1.0,0.4375,0.4547
0.807063,0.0417,0.5,0.5,0.807063,0.0417,0.0,0.45,0.0625,0.0751
0.77796,0.0,0.5,0.5,0.77796,0.0,0.0,1.0,0.0,0.1445
0.803325,0.0417,0.5,0.5,0.803325,0.0417,0.0,1.0,0.0625,0.1185
0.790869,0.0833,0.5,0.5,0.790869,0.0833,0.0,1.0,0.125,0.2524
0.836915,0.125,0.5,0.5,0.836915,0.125,0.0,0.45,0.1875,0.5491
0.828184,0.0417,0.5,0.5,0.828184,0.0417,0.0,1.0,0.0625,0.0983
0.81374,0.1667,0.5,0.5,0.81374,0.1667,0.0,1.0,0.25,0.4884
0.806508,0.0417,0.5,0.5,0.806508,0.0417,0.0,1.0,0.0625,0.5116
0.814958,0.0833,0.5,0.5,0.814958,0.0833,0.0,1.0,0.125,0.3401
0.85102,0.0833,0.5,0.5,0.85102,0.0833,0.0,1.0,0.125,0.2023
0.829995,0.0833,0.5,0.5,0.829995,0.0833,0.0,1.0,0.125,0.2736
0.735207,0.0833,0.5,0.5,0.735207,0.0833,0.0,1.0,0.125,0.3738
0.80823,0.125,0.5,0.5,0.80823,0.125,0.0,1.0,0.1875,0.1908
0.818404,0.0833,0.5,0.5,0.818404,0.0833,0.0,1.0,0.125,0.3709
0.789607,0.0833,0.5,0.5,0.789607,0.0833,0.0,0.45,0.125,0.4104
0.760647,0.0833,0.5,0.5,0.760647,0.0833,0.0,1.0,0.125,0.1985
0.829441,0.0833,0.5,0.5,0.829441,0.0833,0.0,1.0,0.125,0.4672
0.826696,0.0417,0.5,0.5,0.826696,0.0417,0.0,1.0,0.0625,0.1416
0.823707,0.0833,0.5,0.5,0.823707,0.0833,0.0,1.0,0.125,0.1185
0.851625,0.0417,0.5,0.5,0.851625,0.0417,0.0,1.0,0.0625,0.5019
0.801751,0.0417,0.5,0.5,0.801751,0.0417,0.0,0.8,0.0625,0.8044
0.840918,0.125,0.5,0.5,0.840918,0.125,0.0,1.0,0.1875,0.5019
0.820071,0.125,0.5,0.5,0.820071,0.125,0.0,1.0,0.1875,0.1561
0.777223,0.0417,0.5,0.5,0.777223,0.0417,0.0,1.0,0.0625,0.2254
0.884001,0.0417,0.5,0.5,0.884001,0.0417,0.0,1.0,0.0625,0.5954
0.805127,0.125,0.5,0.5,0.805127,0.125,0.0,1.0,0.1875,0.3025
0.799663,0.0417,0.5,0.5,0.799663,0.0417,0.0,1.0,0.0625,0.1224
0.805767,0.0417,0.5,0.5,0.805767,0.0417,0.0,0.45,0.0625,0.2023
0.798927,0.0,0.5,0.5,0.798927,0.0,0.0,1.0,0.0,0.1185
0.813285,0.0833,0.5,0.5,0.813285,0.0833,0.0,1.0,0.125,0.5019
0.786773,0.0417,0.5,0.5,0.786773,0.0417,0.0,1.0,0.0625,0.5
0.82587,0.0417,0.5,0.5,0.82587,0.0417,0.0,1.0,0.0625,0.1185
0.793124,0.125,0.5,0.5,0.793124,0.125,0.0,1.0,0.1875,0.5491
0.835514,0.0417,0.5,0.5,0.835514,0.0417,0.0,1.0,0.0625,0.211
0.84384,0.0833,0.5,0.5,0.84384,0.0833,0.0,1.0,0.125,0.737
0.829921,0.0417,0.5,0.5,0.829921,0.0417,0.0,1.0,0.0625,0.1185
0.792089,0.0417,0.5,0.5,0.792089,0.0417,0.0,1.0,0.0625,0.1484
0.826442,0.0,0.5,0.5,0.826442,0.0,0.0,1.0,0.0,0.2023
0.827759,0.1053,0.5,0.5,0.827759,0.1053,0.0,1.0,0.158,0.4997
0.790136,0.1053,0.5,0.5,0.790136,0.1053,0.0,1.0,0.158,0.2197
0.825624,0.0789,0.5,0.5,0.825624,0.0789,0.0,1.0,0.1183,0.3587
0.872474,0.1053,0.5,0.5,0.872474,0.1053,0.0,1.0,0.158,0.6188
0.835714,0.0789,0.5,0.5,0.835714,0.0789,0.0,1.0,0.1183,0.2537
0.799686,0.1579,0.5,0.5,0.799686,0.1579,0.0,1.0,0.2369,0.4952
0.822265,0.0263,0.5,0.5,0.822265,0.0263,0.0,1.0,0.0394,0.4548
0.799457,0.0789,0.5,0.5,0.799457,0.0789,0.0,1.0,0.1183,0.2133
0.846431,0.0263,0.5,0.5,0.846431,0.0263,0.0,1.0,0.0394,0.3254
0.787774,0.0789,0.5,0.5,0.787774,0.0789,0.0,1.0,0.1183,0.5894
0.815377,0.0789,0.5,0.5,0.815377,0.0789,0.0,1.0,0.1183,0.435
0.83566,0.0789,0.5,0.5,0.83566,0.0789,0.0,1.0,0.1183,0.157
0.875688,0.0526,0.5,0.5,0.875688,0.0526,0.0,0.45,0.0789,0.5509
0.809805,0.0526,0.5,0.5,0.809805,0.0526,0.0,1.0,0.0789,0.6118
0.794772,0.1053,0.5,0.5,0.794772,0.1053,0.0,1.0,0.158,0.6791
0.817569,0.0789,0.5,0.5,0.817569,0.0789,0.0,1.0,0.1183,0.5426
0.836201,0.0526,0.5,0.5,0.836201,0.0526,0.0,1.0,0.0789,0.2844
0.805069,0.1053,0.5,0.5,0.805069,0.1053,0.0,1.0,0.158,0.2556
0.860756,0.0263,0.5,0.5,0.860756,0.0263,0.0,1.0,0.0394,0.6861
0.844844,0.0,0.5,0.5,0.844844,0.0,0.0,1.0,0.0,0.2044
0.850616,0.0526,0.5,0.5,0.850616,0.0526,0.0,1.0,0.0789,0.3139
0.847849,0.0526,0.5,0.5,0.847849,0.0526,0.0,1.0,0.0789,0.3543
0.872392,0.1316,0.5,0.5,0.872392,0.1316,0.0,0.45,0.1974,0.3274
0.80085,0.0526,0.5,0.5,0.80085,0.0526,0.0,1.0,0.0789,0.4504
0.827171,0.0263,0.5,0.5,0.827171,0.0263,0.0,0.8,0.0394,0.1339
0.792109,0.1579,0.5,0.5,0.792109,0.1579,0.0,1.0,0.2369,0.7489
0.831447,0.0789,0.5,0.5,0.831447,0.0789,0.0,1.0,0.1183,0.4619
0.831486,0.1053,0.5,0.5,0.831486,0.1053,0.0,1.0,0.158,0.5086
0.84288,0.1053,0.5,0.5,0.84288,0.1053,0.0,1.0,0.158,0.5759
0.809808,0.1316,0.5,0.5,0.809808,0.1316,0.0,1.0,0.1974,0.3472
0.800552,0.1316,0.5,0.5,0.800552,0.1316,0.0,1.0,0.1974,0.4029
0.807079,0.0789,0.5,0.5,0.807079,0.0789,0.0,0.8,0.1183,0.5669
0.811927,0.0789,0.5,0.5,0.811927,0.0789,0.0,1.0,0.1183,0.5445
0.797947,0.0789,0.5,0.5,0.797947,0.0789,0.0,1.0,0.1183,0.6861
0.831844,0.1579,0.5,0.5,0.831844,0.1579,0.0,0.45,0.2369,0.8206
0.796684,0.1053,0.5,0.5,0.796684,0.1053,0.0,1.0,0.158,0.7892
0.828846,0.0789,0.5,0.5,0.828846,0.0789,0.0,1.0,0.1183,0.3741
0.81423,0.0789,0.5,0.5,0.81423,0.0789,0.0,1.0,0.1183,0.3587
0.825237,0.1316,0.5,0.5,0.825237,0.1316,0.0,0.45,0.1974,0.271
0.810739,0.0789,0.5,0.5,0.810739,0.0789,0.0,1.0,0.1183,0.2063
0.846032,0.1316,0.5,0.5,0.846032,0.1316,0.0,1.0,0.1974,0.4619
0.830125,0.0789,0.5,0.5,0.830125,0.0789,0.0,1.0,0.1183,0.8187
0.821656,0.1053,0.5,0.5,0.821656,0.1053,0.0,1.0,0.158,0.4215
0.775258,0.1316,0.5,0.5,0.775258,0.1316,0.0,1.0,0.1974,0.4369
0.844161,0.1316,0.5,0.5,0.844161,0.1316,0.0,1.0,0.1974,0.6528
0.845058,0.1579,0.5,0.5,0.845058,0.1579,0.0,1.0,0.2369,0.3562
0.876565,0.0789,0.5,0.5,0.876565,0.0789,0.0,0.45,0.1183,0.5266
0.800635,0.1053,0.5,0.5,0.800635,0.1053,0.0,1.0,0.158,0.3901
0.819511,0.0526,0.5,0.5,0.819511,0.0526,0.0,1.0,0.0789,0.5445
0.823209,0.0526,0.5,0.5,0.823209,0.0526,0.0,1.0,0.0789,0.4728
0.81502,0.1053,0.5,0.5,0.81502,0.1053,0.0,1.0,0.158,0.2242
0.812849,0.1316,0.5,0.5,0.812849,0.1316,0.0,1.0,0.1974,0.5625
0.832319,0.0789,0.5,0.5,0.832319,0.0789,0.0,1.0,0.1183,0.1839
0.819888,0.0,0.5,0.5,0.819888,0.0,0.0,1.0,0.0,0.1461
0.783028,0.1316,0.5,0.5,0.783028,0.1316,0.0,1.0,0.1974,0.7104
0.810614,0.1053,0.5,0.5,0.810614,0.1053,0.0,1.0,0.158,0.704
0.847343,0.1053,0.5,0.5,0.847343,0.1053,0.0,1.0,0.158,0.376
0.839824,0.0789,0.5,0.5,0.839824,0.0789,0.0,0.8,0.1183,0.4728
0.792114,0.0526,0.5,0.5,0.792114,0.0526,0.0,1.0,0.0789,0.3209
0.790888,0.0526,0.5,0.5,0.790888,0.0526,0.0,1.0,0.0789,0.3901
0.838259,0.0,0.5,0.5,0.838259,0.0,0.0,1.0,0.0,0.5625
0.76629,0.0263,0.5,0.5,0.76629,0.0263,0.0,1.0,0.0394,0.6278
0.801586,0.0263,0.5,0.5,0.801586,0.0263,0.0,1.0,0.0394,0.6188
0.797674,0.1053,0.5,0.5,0.797674,0.1053,0.0,1.0,0.158,0.4817
0.860775,0.0526,0.5,0.5,0.860775,0.0526,0.0,1.0,0.0789,0.3677
0.838242,0.2105,0.5,0.5,0.838242,0.2105,0.0,1.0,0.3157,0.6637
0.852106,0.1053,0.5,0.5,0.852106,0.1053,0.0,1.0,0.158,0.3113
0.845496,0.0,0.5,0.5,0.845496,0.0,0.0,1.0,0.0,0.5894
0.868852,0.1842,0.5,0.5,0.868852,0.1842,0.0,1.0,0.2763,0.4773
0.842424,0.0526,0.5,0.5,0.842424,0.0526,0.0,1.0,0.0789,0.1198
0.819016,0.0526,0.5,0.5,0.819016,0.0526,0.0,0.8,0.0789,0.5919
0.794851,0.0,0.5,0.5,0.794851,0.0,0.0,0.45,0.0,0.0903
0.793567,0.0789,0.5,0.5,0.793567,0.0789,0.0,1.0,0.1183,0.2172
0.822168,0.0263,0.5,0.5,0.822168,0.0263,0.0,1.0,0.0394,0.1614
0.824926,0.0526,0.5,0.5,0.824926,0.0526,0.0,1.0,0.0789,0.6009
0.82393,0.1053,0.5,0.5,0.82393,0.1053,0.0,1.0,0.158,0.5849
0.807781,0.0526,0.5,0.5,0.807781,0.0526,0.0,1.0,0.0789,0.41
0.834901,0.1316,0.5,0.5,0.834901,0.1316,0.0,1.0,0.1974,0.6233
0.852,0.1053,0.5,0.5,0.852,0.1053,0.0,1.0,0.158,0.6368
0.809676,0.0263,0.5,0.5,0.809676,0.0263,0.0,1.0,0.0394,0.2806
0.804649,0.0,0.5,0.5,0.804649,0.0,0.0,1.0,0.0,0.1127
0.857617,0.1579,0.5,0.5,0.857617,0.1579,0.0,1.0,0.2369,0.524
0.775876,0.0526,0.5,0.5,0.775876,0.0526,0.0,1.0,0.0789,0.0615
0.831194,0.1053,0.5,0.5,0.831194,0.1053,0.0,0.45,0.158,0.4145
0.812723,0.0526,0.5,0.5,0.812723,0.0526,0.0,1.0,0.0789,0.4279
0.794123,0.1053,0.5,0.5,0.794123,0.1053,0.0,1.0,0.158,0.3472
0.87208,0.1053,0.5,0.5,0.87208,0.1053,0.0,1.0,0.158,0.3696
0.838087,0.1579,0.5,0.5,0.838087,0.1579,0.0,1.0,0.2369,0.7265
0.809553,0.0526,0.5,0.5,0.809553,0.0526,0.0,1.0,0.0789,0.5426
0.845262,0.1053,0.5,0.5,0.845262,0.1053,0.0,1.0,0.158,0.417
0.822138,0.1053,0.5,0.5,0.822138,0.1053,0.0,0.8,0.158,0.5445
0.903593,0.0789,0.5,0.5,0.903593,0.0789,0.0,1.0,0.1183,0.6477
0.837183,0.1842,0.5,0.5,0.837183,0.1842,0.0,1.0,0.2763,0.4395
0.776931,0.1316,0.5,0.5,0.776931,0.1316,0.0,1.0,0.1974,0.3882
0.840514,0.0263,0.5,0.5,0.840514,0.0263,0.0,1.0,0.0394,0.4753
0.797563,0.0789,0.5,0.5,0.797563,0.0789,0.0,0.45,0.1183,0.2492
0.796362,0.1053,0.5,0.5,0.796362,0.1053,0.0,0.8,0.158,0.2044
0.845094,0.1053,0.5,0.5,0.845094,0.1053,0.0,1.0,0.158,0.713
0.860687,0.0789,0.5,0.5,0.860687,0.0789,0.0,0.45,0.1183,0.2056
0.822062,0.0263,0.5,0.5,0.822062,0.0263,0.0,1.0,0.0394,0.3857
0.835296,0.1316,0.5,0.5,0.835296,0.1316,0.0,1.0,0.1974,0.4773
0.842891,0.1316,0.5,0.5,0.842891,0.1316,0.0,1.0,0.1974,0.4862
0.788518,0.0,0.5,0.5,0.788518,0.0,0.0,1.0,0.0,0.1076
0.813096,0.1579,0.5,0.5,0.813096,0.1579,0.0,1.0,0.2369,0.713
0.841951,0.0789,0.5,0.5,0.841951,0.0789,0.0,1.0,0.1183,0.2486
0.816475,0.1316,0.5,0.5,0.816475,0.1316,0.0,1.0,0.1974,0.6682
0.862467,0.1053,0.5,0.5,0.862467,0.1053,0.0,0.45,0.158,0.6726
0.761739,0.1053,0.5,0.5,0.761739,0.1053,0.0,1.0,0.158,0.4843
0.797777,0.0263,0.5,0.5,0.797777,0.0263,0.0,1.0,0.0394,0.5356
0.815355,0.1053,0.5,0.5,0.815355,0.1053,0.0,1.0,0.158,0.3203
0.847041,0.1053,0.5,0.5,0.847041,0.1053,0.0,1.0,0.158,0.7534
0.800787,0.1316,0.5,0.5,0.800787,0.1316,0.0,1.0,0.1974,0.3312
0.835575,0.1579,0.5,0.5,0.835575,0.1579,0.0,1.0,0.2369,0.8161
0.829134,0.1316,0.5,0.5,0.829134,0.1316,0.0,1.0,0.1974,0.164
0.849097,0.0789,0.5,0.5,0.849097,0.0789,0.0,1.0,0.1183,0.4126
0.800247,0.2188,0.5,0.5,0.800247,0.2188,0.0,1.0,0.3282,0.7818
0.75618,0.0938,0.5,0.5,0.75618,0.0938,0.0,1.0,0.1407,0.3853
0.806645,0.1875,0.5,0.5,0.806645,0.1875,0.0,1.0,0.2812,0.3733
0.844799,0.1562,0.5,0.5,0.844799,0.1562,0.0,1.0,0.2343,0.5044
0.764047,0.0938,0.5,0.5,0.764047,0.0938,0.0,1.0,0.1407,0.2782
0.809445,0.1562,0.5,0.5,0.809445,0.1562,0.0,1.0,0.2343,0.4796
0.806301,0.125,0.5,0.5,0.806301,0.125,0.0,1.0,0.1875,0.446
0.76467,0.125,0.5,0.5,0.76467,0.125,0.0,1.0,0.1875,0.5412
0.720242,0.1875,0.5,0.5,0.720242,0.1875,0.0,1.0,0.2812,0.1815
0.701567,0.0625,0.5,0.5,0.701567,0.0625,0.0,0.45,0.0938,0.239
0.80567,0.0625,0.5,0.5,0.80567,0.0625,0.0,1.0,0.0938,0.4628
0.732949,0.125,0.5,0.5,0.732949,0.125,0.0,1.0,0.1875,0.3062
0.801296,0.0625,0.5,0.5,0.801296,0.0625,0.0,1.0,0.0938,0.4237
0.738472,0.125,0.5,0.5,0.738472,0.125,0.0,0.8,0.1875,0.295
0.769543,0.0938,0.5,0.5,0.769543,0.0938,0.0,1.0,0.1407,0.5915
0.760195,0.0625,0.5,0.5,0.760195,0.0625,0.0,1.0,0.0938,0.6251
0.802269,0.1562,0.5,0.5,0.802269,0.1562,0.0,1.0,0.2343,0.4988
0.718919,0.1562,0.5,0.5,0.718919,0.1562,0.0,1.0,0.2343,0.438
0.774694,0.125,0.5,0.5,0.774694,0.125,0.0,1.0,0.1875,0.8601
0.720295,0.1875,0.5,0.5,0.720295,0.1875,0.0,1.0,0.2812,0.4181
0.735905,0.25,0.5,0.5,0.735905,0.25,0.0,1.0,0.375,0.3989
0.744365,0.125,0.5,0.5,0.744365,0.125,0.0,1.0,0.1875,0.239
0.736819,0.0938,0.5,0.5,0.736819,0.0938,0.0,1.0,0.1407,0.3373
0.72471,0.1875,0.5,0.5,0.72471,0.1875,0.0,1.0,0.2812,0.5803
0.775291,0.2812,0.5,0.5,0.775291,0.2812,0.0,1.0,0.4218,0.5388
0.740845,0.2812,0.5,0.5,0.740845,0.2812,0.0,1.0,0.4218,0.5635
0.748329,0.0938,0.5,0.5,0.748329,0.0938,0.0,1.0,0.1407,0.2726
0.799706,0.1875,0.5,0.5,0.799706,0.1875,0.0,0.45,0.2812,0.4708
0.804118,0.125,0.5,0.5,0.804118,0.125,0.0,1.0,0.1875,0.4317
0.777193,0.1562,0.5,0.5,0.777193,0.1562,0.0,1.0,0.2343,0.446
0.745544,0.3125,0.5,0.5,0.745544,0.3125,0.0,1.0,0.4688,0.6587
0.80242,0.0938,0.5,0.5,0.80242,0.0938,0.0,1.0,0.1407,0.5212
0.794589,0.2188,0.5,0.5,0.794589,0.2188,0.0,1.0,0.3282,0.4125
0.731504,0.1875,0.5,0.5,0.731504,0.1875,0.0,1.0,0.2812,0.3341
0.770299,0.0,0.5,0.5,0.770299,0.0,0.0,1.0,0.0,0.4093
0.774967,0.2188,0.5,0.5,0.774967,0.2188,0.0,1.0,0.3282,0.3733
0.780011,0.0938,0.5,0.5,0.780011,0.0938,0.0,1.0,0.1407,0.6587
0.798882,0.0625,0.5,0.5,0.798882,0.0625,0.0,0.45,0.0938,0.5412
0.778794,0.0312,0.5,0.5,0.778794,0.0312,0.0,1.0,0.0468,0.1966
0.809233,0.125,0.5,0.5,0.809233,0.125,0.0,1.0,0.1875,0.3453
0.785809,0.125,0.5,0.5,0.785809,0.125,0.0,1.0,0.1875,0.239
0.818816,0.125,0.5,0.5,0.818816,0.125,0.0,1.0,0.1875,0.2726
0.855775,0.125,0.5,0.5,0.855775,0.125,0.0,1.0,0.1875,0.5412
0.774587,0.1562,0.5,0.5,0.774587,0.1562,0.0,1.0,0.2343,0.4484
0.782646,0.0938,0.5,0.5,0.782646,0.0938,0.0,1.0,0.1407,0.4652
0.802581,0.1875,0.5,0.5,0.802581,0.1875,0.0,1.0,0.2812,0.1942
0.786532,0.2188,0.5,0.5,0.786532,0.2188,0.0,1.0,0.3282,0.5747
0.777575,0.25,0.5,0.5,0.777575,0.25,0.0,1.0,0.375,0.6443
0.803323,0.1562,0.5,0.5,0.803323,0.1562,0.0,1.0,0.2343,0.5659
0.844572,0.1562,0.5,0.5,0.844572,0.1562,0.0,0.45,0.2343,0.4908
0.77198,0.2812,0.5,0.5,0.77198,0.2812,0.0,1.0,0.4218,0.7258
0.694521,0.0625,0.5,0.5,0.694521,0.0625,0.0,1.0,0.0938,0.275
0.849536,0.1875,0.5,0.5,0.849536,0.1875,0.0,0.45,0.2812,0.5356
0.835101,0.125,0.5,0.5,0.835101,0.125,0.0,1.0,0.1875,0.8209
0.82742,0.2188,0.5,0.5,0.82742,0.2188,0.0,1.0,0.3282,0.6531
0.748084,0.1562,0.5,0.5,0.748084,0.1562,0.0,1.0,0.2343,0.6363
0.794269,0.1562,0.5,0.5,0.794269,0.1562,0.0,1.0,0.2343,0.7482
0.809841,0.0938,0.5,0.5,0.809841,0.0938,0.0,1.0,0.1407,0.7818
0.884201,0.2188,0.5,0.5,0.884201,0.2188,0.0,0.45,0.3282,0.8681
0.829585,0.0938,0.5,0.5,0.829585,0.0938,0.0,1.0,0.1407,0.4237
0.833322,0.125,0.5,0.5,0.833322,0.125,0.0,0.45,0.1875,0.6922
0.783884,0.0938,0.5,0.5,0.783884,0.0938,0.0,1.0,0.1407,0.4852
0.800521,0.1875,0.5,0.5,0.800521,0.1875,0.0,1.0,0.2812,0.5556
0.826902,0.1562,0.5,0.5,0.826902,0.1562,0.0,1.0,0.2343,0.5524
0.736722,0.1562,0.5,0.5,0.736722,0.1562,0.0,1.0,0.2343,0.5412
0.788045,0.1875,0.5,0.5,0.788045,0.1875,0.0,1.0,0.2812,0.558
0.878174,0.0625,0.5,0.5,0.878174,0.0625,0.0,1.0,0.0938,0.6227
0.809416,0.1562,0.5,0.5,0.809416,0.1562,0.0,1.0,0.2343,0.2782
0.838344,0.0625,0.5,0.5,0.838344,0.0625,0.0,1.0,0.0938,0.4484
0.775273,0.2188,0.5,0.5,0.775273,0.2188,0.0,1.0,0.3282,0.474
0.819985,0.25,0.5,0.5,0.819985,0.25,0.0,1.0,0.375,0.3565
0.751846,0.0,0.5,0.5,0.751846,0.0,0.0,1.0,0.0,0.239
0.881788,0.1875,0.5,0.5,0.881788,0.1875,0.0,1.0,0.2812,0.6531
0.864986,0.0625,0.5,0.5,0.864986,0.0625,0.0,1.0,0.0938,0.6699
0.83668,0.125,0.5,0.5,0.83668,0.125,0.0,1.0,0.1875,0.4572
0.814174,0.125,0.5,0.5,0.814174,0.125,0.0,1.0,0.1875,0.5659
0.816689,0.1562,0.5,0.5,0.816689,0.1562,0.0,1.0,0.2343,0.7058
0.774812,0.0625,0.5,0.5,0.774812,0.0625,0.0,1.0,0.0938,0.5468
0.808909,0.0312,0.5,0.5,0.808909,0.0312,0.0,1.0,0.0468,0.239
0.799248,0.3125,0.5,0.5,0.799248,0.3125,0.0,1.0,0.4688,0.8209
0.847197,0.1875,0.5,0.5,0.847197,0.1875,0.0,1.0,0.2812,0.502
0.732215,0.1562,0.5,0.5,0.732215,0.1562,0.0,1.0,0.2343,0.5076
0.828036,0.0625,0.5,0.5,0.828036,0.0625,0.0,1.0,0.0938,0.6587
0.822772,0.0625,0.5,0.5,0.822772,0.0625,0.0,1.0,0.0938,0.3733
0.808767,0.125,0.5,0.5,0.808767,0.125,0.0,1.0,0.1875,0.717
0.760565,0.0938,0.5,0.5,0.760565,0.0938,0.0,1.0,0.1407,0.4069
0.821018,0.0938,0.5,0.5,0.821018,0.0938,0.0,1.0,0.1407,0.6419
0.810285,0.1875,0.5,0.5,0.810285,0.1875,0.0,1.0,0.2812,0.5548
0.774911,0.1562,0.5,0.5,0.774911,0.1562,0.0,1.0,0.2343,0.5915
0.803577,0.25,0.5,0.5,0.803577,0.25,0.0,1.0,0.375,0.5324
0.84186,0.0938,0.5,0.5,0.84186,0.0938,0.0,0.45,0.1407,0.7538
0.777285,0.0938,0.5,0.5,0.777285,0.0938,0.0,1.0,0.1407,0.5468
0.808076,0.0938,0.5,0.5,0.808076,0.0938,0.0,1.0,0.1407,0.6555
0.83558,0.125,0.5,0.5,0.83558,0.125,0.0,1.0,0.1875,0.51
0.863068,0.25,0.5,0.5,0.863068,0.25,0.0,1.0,0.375,0.6363
0.770097,0.0,0.5,0.5,0.770097,0.0,0.0,1.0,0.0,0.6275
0.843271,0.1111,0.5,0.5,0.843271,0.1111,0.0,0.8,0.1667,0.6221
0.920574,0.1111,0.5,0.5,0.920574,0.1111,0.0,0.8,0.1667,0.5648
0.726854,0.1389,0.5,0.5,0.726854,0.1389,0.0,0.8,0.2083,0.1659
0.791265,0.1667,0.5,0.5,0.791265,0.1667,0.0,0.8,0.25,0.3041
0.834762,0.0556,0.5,0.5,0.834762,0.0556,0.0,0.8,0.0834,0.2488
0.754566,0.1111,0.5,0.5,0.754566,0.1111,0.0,0.8,0.1667,0.2903
0.763896,0.1111,0.5,0.5,0.763896,0.1111,0.0,0.8,0.1667,0.3766
0.780928,0.1389,0.5,0.5,0.780928,0.1389,0.0,0.8,0.2083,0.1481
0.794521,0.0278,0.5,0.5,0.794521,0.0278,0.0,0.8,0.0417,0.2166
0.809658,0.1389,0.5,0.5,0.809658,0.1389,0.0,0.8,0.2083,0.1461
0.76067,0.1667,0.5,0.5,0.76067,0.1667,0.0,0.8,0.25,0.1613
0.753167,0.1944,0.5,0.5,0.753167,0.1944,0.0,0.8,0.2916,0.4147
0.769778,0.0833,0.5,0.5,0.769778,0.0833,0.0,0.8,0.125,0.1047
0.840733,0.1667,0.5,0.5,0.840733,0.1667,0.0,0.8,0.25,0.3548
0.787353,0.0833,0.5,0.5,0.787353,0.0833,0.0,0.8,0.125,0.2028
0.783691,0.0833,0.5,0.5,0.783691,0.0833,0.0,0.8,0.125,0.3272
0.763373,0.1389,0.5,0.5,0.763373,0.1389,0.0,0.8,0.2083,0.2192
0.82464,0.1389,0.5,0.5,0.82464,0.1389,0.0,0.8,0.2083,0.2028
0.749914,0.0833,0.5,0.5,0.749914,0.0833,0.0,0.8,0.125,0.1027
0.767588,0.0278,0.5,0.5,0.767588,0.0278,0.0,0.8,0.0417,0.1692
0.824909,0.0833,0.5,0.5,0.824909,0.0833,0.0,0.8,0.125,0.1461
0.757083,0.0833,0.5,0.5,0.757083,0.0833,0.0,0.8,0.125,0.2811
0.804847,0.1111,0.5,0.5,0.804847,0.1111,0.0,0.8,0.1667,0.2627
0.778527,0.0556,0.5,0.5,0.778527,0.0556,0.0,0.8,0.0834,0.1935
0.772317,0.1111,0.5,0.5,0.772317,0.1111,0.0,0.8,0.1667,0.1659
0.753496,0.1389,0.5,0.5,0.753496,0.1389,0.0,0.8,0.2083,0.3825
0.808774,0.0833,0.5,0.5,0.808774,0.0833,0.0,0.8,0.125,0.2311
0.730255,0.0556,0.5,0.5,0.730255,0.0556,0.0,0.8,0.0834,0.0849
0.782219,0.1111,0.5,0.5,0.782219,0.1111,0.0,0.8,0.1667,0.2232
0.767518,0.1111,0.5,0.5,0.767518,0.1111,0.0,0.8,0.1667,0.1382
0.808743,0.1389,0.5,0.5,0.808743,0.1389,0.0,0.8,0.2083,0.1619
0.805489,0.1111,0.5,0.5,0.805489,0.1111,0.0,0.8,0.1667,0.235
0.797792,0.0833,0.5,0.5,0.797792,0.0833,0.0,0.8,0.125,0.1659
0.761969,0.1111,0.5,0.5,0.761969,0.1111,0.0,0.8,0.1667,0.7696
0.758704,0.0278,0.5,0.5,0.758704,0.0278,0.0,0.8,0.0417,0.1244
0.775312,0.1111,0.5,0.5,0.775312,0.1111,0.0,0.8,0.1667,0.2429
0.796573,0.1071,0.5,0.5,0.796573,0.1071,0.0,1.0,0.1607,0.2392
0.823454,0.0714,0.5,0.5,0.823454,0.0714,0.0,0.8,0.1071,0.4235
0.831192,0.1429,0.5,0.5,0.831192,0.1429,0.0,0.8,0.2143,0.4962
0.873836,0.1429,0.5,0.5,0.873836,0.1429,0.0,1.0,0.2143,0.7041
0.819723,0.2857,0.5,0.5,0.819723,0.2857,0.0,1.0,0.4285,0.8698
0.840729,0.25,0.5,0.5,0.840729,0.25,0.0,1.0,0.375,0.9172
0.841046,0.0714,0.5,0.5,0.841046,0.0714,0.0,1.0,0.1071,0.5148
0.863862,0.1071,0.5,0.5,0.863862,0.1071,0.0,1.0,0.1607,0.7041
0.860636,0.1429,0.5,0.5,0.860636,0.1429,0.0,0.8,0.2143,0.8757
0.785214,0.3214,0.5,0.5,0.785214,0.3214,0.0,1.0,0.4821,0.9172
0.800046,0.25,0.5,0.5,0.800046,0.25,0.0,1.0,0.375,0.8284
0.822923,0.0,0.5,0.5,0.822923,0.0,0.0,1.0,0.0,0.2857
0.805834,0.1071,0.5,0.5,0.805834,0.1071,0.0,1.0,0.1607,0.432
0.82857,0.0714,0.5,0.5,0.82857,0.0714,0.0,1.0,0.1071,0.6179
0.820837,0.1429,0.5,0.5,0.820837,0.1429,0.0,1.0,0.2143,0.787
0.84875,0.2143,0.5,0.5,0.84875,0.2143,0.0,1.0,0.3215,0.8817
0.850389,0.1786,0.5,0.5,0.850389,0.1786,0.0,1.0,0.2679,0.8402
0.801062,0.1786,0.5,0.5,0.801062,0.1786,0.0,1.0,0.2679,0.2012
0.871049,0.3214,0.5,0.5,0.871049,0.3214,0.0,0.45,0.4821,0.9112
0.870953,0.25,0.5,0.5,0.870953,0.25,0.0,1.0,0.375,0.9527
0.76357,0.0714,0.5,0.5,0.76357,0.0714,0.0,1.0,0.1071,0.3407
0.843497,0.25,0.5,0.5,0.843497,0.25,0.0,1.0,0.375,0.9172
0.84135,0.25,0.5,0.5,0.84135,0.25,0.0,1.0,0.375,0.929
0.848542,0.2857,0.5,0.5,0.848542,0.2857,0.0,1.0,0.4285,0.929
0.868607,0.1786,0.5,0.5,0.868607,0.1786,0.0,1.0,0.2679,0.7811
0.835246,0.2143,0.5,0.5,0.835246,0.2143,0.0,1.0,0.3215,0.8817
0.809364,0.1429,0.5,0.5,0.809364,0.1429,0.0,1.0,0.2143,0.4793
0.857134,0.2857,0.5,0.5,0.857134,0.2857,0.0,1.0,0.4285,0.9231
0.85821,0.2143,0.5,0.5,0.85821,0.2143,0.0,1.0,0.3215,0.4024
0.827344,0.2857,0.5,0.5,0.827344,0.2857,0.0,1.0,0.4285,0.9053
0.802464,0.2143,0.5,0.5,0.802464,0.2143,0.0,1.0,0.3215,0.3314
0.726701,0.0357,0.5,0.5,0.726701,0.0357,0.0,1.0,0.0536,0.5892
0.828107,0.1786,0.5,0.5,0.828107,0.1786,0.0,1.0,0.2679,0.8757
0.862809,0.1071,0.5,0.5,0.862809,0.1071,0.0,1.0,0.1607,0.5292
0.747406,0.1786,0.5,0.5,0.747406,0.1786,0.0,1.0,0.2679,0.7278
0.793329,0.1071,0.5,0.5,0.793329,0.1071,0.0,1.0,0.1607,0.8284
0.831413,0.2857,0.5,0.5,0.831413,0.2857,0.0,1.0,0.4285,0.8343
0.760671,0.0357,0.5,0.5,0.760671,0.0357,0.0,1.0,0.0536,0.5232
0.844362,0.2143,0.5,0.5,0.844362,0.2143,0.0,1.0,0.3215,0.6746
0.778597,0.1429,0.5,0.5,0.778597,0.1429,0.0,1.0,0.2143,0.5359
0.843523,0.3571,0.5,0.5,0.843523,0.3571,0.0,1.0,0.5356,0.8402
0.822102,0.3214,0.5,0.5,0.822102,0.3214,0.0,1.0,0.4821,0.8876
0.843121,0.1786,0.5,0.5,0.843121,0.1786,0.0,1.0,0.2679,0.6036
0.799779,0.2143,0.5,0.5,0.799779,0.2143,0.0,1.0,0.3215,0.5976
0.83765,0.0357,0.5,0.5,0.83765,0.0357,0.0,1.0,0.0536,0.6627
0.864477,0.2143,0.5,0.5,0.864477,0.2143,0.0,1.0,0.3215,0.8284
0.847515,0.2143,0.5,0.5,0.847515,0.2143,0.0,1.0,0.3215,0.8698
0.764279,0.0714,0.5,0.5,0.764279,0.0714,0.0,1.0,0.1071,0.5359
0.841093,0.0357,0.5,0.5,0.841093,0.0357,0.0,1.0,0.0536,0.8284
0.819529,0.25,0.5,0.5,0.819529,0.25,0.0,1.0,0.375,0.9053
0.831713,0.1429,0.5,0.5,0.831713,0.1429,0.0,1.0,0.2143,0.8402
0.804362,0.1786,0.5,0.5,0.804362,0.1786,0.0,1.0,0.2679,0.8462
0.83839,0.1786,0.5,0.5,0.83839,0.1786,0.0,0.8,0.2679,0.7337
0.808091,0.0,0.5,0.5,0.808091,0.0,0.0,1.0,0.0,0.6864
0.83785,0.1786,0.5,0.5,0.83785,0.1786,0.0,1.0,0.2679,0.8284
0.760783,0.3214,0.5,0.5,0.760783,0.3214,0.0,1.0,0.4821,0.8402
0.80372,0.2143,0.5,0.5,0.80372,0.2143,0.0,1.0,0.3215,0.7929
0.851071,0.2857,0.5,0.5,0.851071,0.2857,0.0,1.0,0.4285,0.8698
0.859193,0.25,0.5,0.5,0.859193,0.25,0.0,1.0,0.375,0.8343
0.864789,0.1786,0.5,0.5,0.864789,0.1786,0.0,1.0,0.2679,0.8757
0.846859,0.1786,0.5,0.5,0.846859,0.1786,0.0,1.0,0.2679,0.9172
0.855818,0.1429,0.5,0.5,0.855818,0.1429,0.0,1.0,0.2143,1.0
0.850591,0.1429,0.5,0.5,0.850591,0.1429,0.0,1.0,0.2143,0.8757
0.844666,0.2143,0.5,0.5,0.844666,0.2143,0.0,1.0,0.3215,0.8284
0.835676,0.1786,0.5,0.5,0.835676,0.1786,0.0,0.45,0.2679,0.7929
0.845701,0.0714,0.5,0.5,0.845701,0.0714,0.0,0.45,0.1071,0.7396
0.842667,0.1786,0.5,0.5,0.842667,0.1786,0.0,1.0,0.2679,0.8284
0.800155,0.1429,0.5,0.5,0.800155,0.1429,0.0,1.0,0.2143,0.8402
0.807696,0.1786,0.5,0.5,0.807696,0.1786,0.0,1.0,0.2679,0.7456
0.856376,0.0714,0.5,0.5,0.856376,0.0714,0.0,1.0,0.1071,0.7929
0.815347,0.3214,0.5,0.5,0.815347,0.3214,0.0,0.8,0.4821,0.9172
0.807894,0.1429,0.5,0.5,0.807894,0.1429,0.0,1.0,0.2143,0.8698
0.784763,0.2143,0.5,0.5,0.784763,0.2143,0.0,0.45,0.3215,0.5207
0.853498,0.1429,0.5,0.5,0.853498,0.1429,0.0,1.0,0.2143,0.8757
0.818559,0.3929,0.5,0.5,0.818559,0.3929,0.0,1.0,0.5894,0.8284
0.826181,0.1071,0.5,0.5,0.826181,0.1071,0.0,1.0,0.1607,0.8757
0.82457,0.0714,0.5,0.5,0.82457,0.0714,0.0,1.0,0.1071,0.8225
0.82296,0.1429,0.5,0.5,0.82296,0.1429,0.0,1.0,0.2143,0.7515
0.782244,0.2143,0.5,0.5,0.782244,0.2143,0.0,1.0,0.3215,0.8757
0.836443,0.2143,0.5,0.5,0.836443,0.2143,0.0,1.0,0.3215,0.8343
0.847116,0.1429,0.5,0.5,0.847116,0.1429,0.0,1.0,0.2143,0.8343
0.839657,0.1071,0.5,0.5,0.839657,0.1071,0.0,1.0,0.1607,0.574
0.834572,0.3214,0.5,0.5,0.834572,0.3214,0.0,1.0,0.4821,0.8343
0.827831,0.2143,0.5,0.5,0.827831,0.2143,0.0,1.0,0.3215,0.8521
0.850362,0.1071,0.5,0.5,0.850362,0.1071,0.0,1.0,0.1607,0.8284
0.848107,0.3214,0.5,0.5,0.848107,0.3214,0.0,0.45,0.4821,0.9172
0.831427,0.1786,0.5,0.5,0.831427,0.1786,0.0,0.8,0.2679,0.8343
0.785049,0.1071,0.5,0.5,0.785049,0.1071,0.0,1.0,0.1607,0.3254
0.819968,0.1429,0.5,0.5,0.819968,0.1429,0.0,1.0,0.2143,0.6661
0.805515,0.0,0.5,0.5,0.805515,0.0,0.0,1.0,0.0,0.47
0.8291,0.1429,0.5,0.5,0.8291,0.1429,0.0,0.45,0.2143,0.8757
0.860768,0.1429,0.5,0.5,0.860768,0.1429,0.0,1.0,0.2143,0.6982
0.793635,0.1429,0.5,0.5,0.793635,0.1429,0.0,1.0,0.2143,0.6923
0.823046,0.1071,0.5,0.5,0.823046,0.1071,0.0,1.0,0.1607,0.8757
0.824017,0.2857,0.5,0.5,0.824017,0.2857,0.0,0.45,0.4285,0.7929
0.778048,0.1786,0.5,0.5,0.778048,0.1786,0.0,0.45,0.2679,0.4353
0.812097,0.1429,0.5,0.5,0.812097,0.1429,0.0,1.0,0.2143,0.3077
0.761268,0.0714,0.5,0.5,0.761268,0.0714,0.0,1.0,0.1071,0.2012
0.756367,0.2143,0.5,0.5,0.756367,0.2143,0.0,1.0,0.3215,0.2959
0.676855,0.1429,0.5,0.5,0.676855,0.1429,0.0,1.0,0.2143,0.2096
0.771729,0.1071,0.5,0.5,0.771729,0.1071,0.0,1.0,0.1607,0.1674
0.783851,0.1786,0.5,0.5,0.783851,0.1786,0.0,0.8,0.2679,0.7041
0.745642,0.1786,0.5,0.5,0.745642,0.1786,0.0,0.8,0.2679,0.2857
0.785355,0.1071,0.5,0.5,0.785355,0.1071,0.0,1.0,0.1607,0.3373
0.763312,0.1429,0.5,0.5,0.763312,0.1429,0.0,1.0,0.2143,0.8166
0.743231,0.1429,0.5,0.5,0.743231,0.1429,0.0,1.0,0.2143,0.4117
0.785409,0.1071,0.5,0.5,0.785409,0.1071,0.0,1.0,0.1607,0.4184
0.731735,0.1786,0.5,0.5,0.731735,0.1786,0.0,1.0,0.2679,0.3846
0.847254,0.2857,0.5,0.5,0.847254,0.2857,0.0,1.0,0.4285,0.9172
0.759877,0.1786,0.5,0.5,0.759877,0.1786,0.0,1.0,0.2679,0.503
0.787653,0.0714,0.5,0.5,0.787653,0.0714,0.0,0.45,0.1071,0.3846
0.785547,0.1071,0.5,0.5,0.785547,0.1071,0.0,1.0,0.1607,0.6686
0.802863,0.1786,0.5,0.5,0.802863,0.1786,0.0,1.0,0.2679,0.8402
0.883464,0.1429,0.5,0.5,0.883464,0.1429,0.0,1.0,0.2143,0.7929
0.758715,0.1071,0.5,0.5,0.758715,0.1071,0.0,1.0,0.1607,0.4142
0.773817,0.1786,0.5,0.5,0.773817,0.1786,0.0,1.0,0.2679,0.4793
0.800865,0.0357,0.5,0.5,0.800865,0.0357,0.0,1.0,0.0536,0.9231
0.86431,0.1786,0.5,0.5,0.86431,0.1786,0.0,1.0,0.2679,0.7929
0.838538,0.1765,0.5,0.5,0.838538,0.1765,0.0,0.45,0.2647,0.4976
0.799458,0.0294,0.5,0.5,0.799458,0.0294,0.0,0.45,0.0441,0.2079
0.855991,0.3235,0.5,0.5,0.855991,0.3235,0.0,0.45,0.4853,0.869
0.836026,0.1471,0.5,0.5,0.836026,0.1471,0.0,1.0,0.2207,0.3604
0.840548,0.1765,0.5,0.5,0.840548,0.1765,0.0,1.0,0.2647,0.5398
0.848179,0.0882,0.5,0.5,0.848179,0.0882,0.0,0.45,0.1323,0.5246
0.861228,0.2059,0.5,0.5,0.861228,0.2059,0.0,0.45,0.3089,0.6895
0.842527,0.1176,0.5,0.5,0.842527,0.1176,0.0,1.0,0.1764,0.6653
0.879859,0.3235,0.5,0.5,0.879859,0.3235,0.0,0.45,0.4853,0.8108
0.848651,0.1471,0.5,0.5,0.848651,0.1471,0.0,0.45,0.2207,0.6604
0.827899,0.0882,0.5,0.5,0.827899,0.0882,0.0,1.0,0.1323,0.6036
0.846574,0.0294,0.5,0.5,0.846574,0.0294,0.0,1.0,0.0441,0.4137
0.895107,0.1471,0.5,0.5,0.895107,0.1471,0.0,1.0,0.2207,0.7817
0.824058,0.0882,0.5,0.5,0.824058,0.0882,0.0,1.0,0.1323,0.3458
0.874883,0.3529,0.5,0.5,0.874883,0.3529,0.0,1.0,0.5293,0.6847
0.83092,0.0588,0.5,0.5,0.83092,0.0588,0.0,0.45,0.0882,0.6438
0.862104,0.1765,0.5,0.5,0.862104,0.1765,0.0,1.0,0.2647,0.6556
0.76136,0.3235,0.5,0.5,0.76136,0.3235,0.0,0.45,0.4853,0.9224
0.771196,0.1765,0.5,0.5,0.771196,0.1765,0.0,0.45,0.2647,0.7866
0.879527,0.2353,0.5,0.5,0.879527,0.2353,0.0,1.0,0.3529,0.7623
0.839534,0.1765,0.5,0.5,0.839534,0.1765,0.0,0.45,0.2647,0.4906
0.817887,0.1765,0.5,0.5,0.817887,0.1765,0.0,1.0,0.2647,0.4567
0.86448,0.0588,0.5,0.5,0.86448,0.0588,0.0,1.0,0.0882,0.4962
0.836723,0.1471,0.5,0.5,0.836723,0.1471,0.0,1.0,0.2207,0.5863
0.841202,0.0882,0.5,0.5,0.841202,0.0882,0.0,1.0,0.1323,0.5392
0.850303,0.1471,0.5,0.5,0.850303,0.1471,0.0,1.0,0.2207,0.6895
0.847693,0.0882,0.5,0.5,0.847693,0.0882,0.0,1.0,0.1323,0.185
0.844693,0.2059,0.5,0.5,0.844693,0.2059,0.0,1.0,0.3089,0.675
0.861592,0.0588,0.5,0.5,0.861592,0.0588,0.0,1.0,0.0882,0.1351
0.849095,0.1765,0.5,0.5,0.849095,0.1765,0.0,1.0,0.2647,0.5003
0.853861,0.2353,0.5,0.5,0.853861,0.2353,0.0,1.0,0.3529,0.7041
0.86268,0.0,0.5,0.5,0.86268,0.0,0.0,1.0,0.0,0.5468
0.786089,0.2941,0.5,0.5,0.786089,0.2941,0.0,1.0,0.4411,0.7332
0.789148,0.0882,0.5,0.5,0.789148,0.0882,0.0,0.45,0.1323,0.0832
0.83092,0.0882,0.5,0.5,0.83092,0.0882,0.0,0.45,0.1323,0.6251
0.826418,0.1765,0.5,0.5,0.826418,0.1765,0.0,0.45,0.2647,0.6015
0.825054,0.0882,0.5,0.5,0.825054,0.0882,0.0,1.0,0.1323,0.1123
0.788602,0.2941,0.5,0.5,0.788602,0.2941,0.0,1.0,0.4411,0.8108
0.873624,0.2059,0.5,0.5,0.873624,0.2059,0.0,1.0,0.3089,0.4047
0.850044,0.1765,0.5,0.5,0.850044,0.1765,0.0,1.0,0.2647,0.7332
0.859361,0.2353,0.5,0.5,0.859361,0.2353,0.0,1.0,0.3529,0.7429
0.821944,0.1176,0.5,0.5,0.821944,0.1176,0.0,0.45,0.1764,0.6798
0.885244,0.2059,0.5,0.5,0.885244,0.2059,0.0,1.0,0.3089,0.5392
0.863531,0.2353,0.5,0.5,0.863531,0.2353,0.0,0.45,0.3529,0.772
0.845845,0.0882,0.5,0.5,0.845845,0.0882,0.0,1.0,0.1323,0.1206
0.839021,0.0588,0.5,0.5,0.839021,0.0588,0.0,1.0,0.0882,0.4186
0.836831,0.2059,0.5,0.5,0.836831,0.2059,0.0,1.0,0.3089,0.6216
0.847708,0.0882,0.5,0.5,0.847708,0.0882,0.0,1.0,0.1323,0.6216
0.818938,0.0882,0.5,0.5,0.818938,0.0882,0.0,1.0,0.1323,0.3326
0.860224,0.0882,0.5,0.5,0.860224,0.0882,0.0,1.0,0.1323,0.6168
0.874796,0.1176,0.5,0.5,0.874796,0.1176,0.0,0.45,0.1764,0.5627
0.838599,0.0588,0.5,0.5,0.838599,0.0588,0.0,1.0,0.0882,0.1538
0.848295,0.1471,0.5,0.5,0.848295,0.1471,0.0,1.0,0.2207,0.2197
0.865872,0.1176,0.5,0.5,0.865872,0.1176,0.0,0.45,0.1764,0.8351
0.781869,0.1471,0.5,0.5,0.781869,0.1471,0.0,1.0,0.2207,0.5787
0.843135,0.0882,0.5,0.5,0.843135,0.0882,0.0,1.0,0.1323,0.571
0.844954,0.2353,0.5,0.5,0.844954,0.2353,0.0,1.0,0.3529,0.641
0.823949,0.2353,0.5,0.5,0.823949,0.2353,0.0,1.0,0.3529,0.8593
0.84953,0.0588,0.5,0.5,0.84953,0.0588,0.0,1.0,0.0882,0.1663
0.846443,0.2353,0.5,0.5,0.846443,0.2353,0.0,1.0,0.3529,0.7526
0.839013,0.1471,0.5,0.5,0.839013,0.1471,0.0,1.0,0.2207,0.6604
0.876103,0.1765,0.5,0.5,0.876103,0.1765,0.0,1.0,0.2647,0.6216
0.829792,0.2059,0.5,0.5,0.829792,0.2059,0.0,1.0,0.3089,0.5731
0.851344,0.1471,0.5,0.5,0.851344,0.1471,0.0,1.0,0.2207,0.6507
0.854483,0.0882,0.5,0.5,0.854483,0.0882,0.0,1.0,0.1323,0.4193
0.832847,0.0588,0.5,0.5,0.832847,0.0588,0.0,0.45,0.0882,0.5343
0.826854,0.2353,0.5,0.5,0.826854,0.2353,0.0,0.45,0.3529,0.7332
0.839488,0.2353,0.5,0.5,0.839488,0.2353,0.0,1.0,0.3529,0.3403
0.799714,0.0294,0.5,0.5,0.799714,0.0294,0.0,1.0,0.0441,0.2661
0.829514,0.1471,0.5,0.5,0.829514,0.1471,0.0,1.0,0.2207,0.2578
0.796544,0.2353,0.5,0.5,0.796544,0.2353,0.0,1.0,0.3529,0.5662
0.861156,0.1176,0.5,0.5,0.861156,0.1176,0.0,1.0,0.1764,0.1857
0.799452,0.0882,0.5,0.5,0.799452,0.0882,0.0,0.45,0.1323,0.3798
0.832072,0.0,0.5,0.5,0.832072,0.0,0.0,1.0,0.0,0.1712
0.81819,0.2059,0.5,0.5,0.81819,0.2059,0.0,1.0,0.3089,0.5828
0.848501,0.2059,0.5,0.5,0.848501,0.2059,0.0,1.0,0.3089,0.5003
0.839906,0.1765,0.5,0.5,0.839906,0.1765,0.0,1.0,0.2647,0.8545
0.847088,0.1471,0.5,0.5,0.847088,0.1471,0.0,1.0,0.2207,0.6992
0.829331,0.1471,0.5,0.5,0.829331,0.1471,0.0,1.0,0.2207,0.7166
0.811026,0.1765,0.5,0.5,0.811026,0.1765,0.0,1.0,0.2647,0.4331
0.836245,0.1176,0.5,0.5,0.836245,0.1176,0.0,1.0,0.1764,0.3368
0.840863,0.1765,0.5,0.5,0.840863,0.1765,0.0,1.0,0.2647,0.3534
0.849309,0.1176,0.5,0.5,0.849309,0.1176,0.0,1.0,0.1764,0.5981
0.819281,0.2353,0.5,0.5,0.819281,0.2353,0.0,1.0,0.3529,0.5731
0.815822,0.2059,0.5,0.5,0.815822,0.2059,0.0,1.0,0.3089,0.6071
0.82357,0.0294,0.5,0.5,0.82357,0.0294,0.0,1.0,0.0441,0.3652
0.839727,0.2059,0.5,0.5,0.839727,0.2059,0.0,1.0,0.3089,0.7817
0.820077,0.1471,0.5,0.5,0.820077,0.1471,0.0,1.0,0.2207,0.3174
0.843361,0.2059,0.5,0.5,0.843361,0.2059,0.0,1.0,0.3089,0.6507
0.807927,0.1765,0.5,0.5,0.807927,0.1765,0.0,1.0,0.2647,0.666
0.848591,0.1176,0.5,0.5,0.848591,0.1176,0.0,1.0,0.1764,0.3694
0.808644,0.1765,0.5,0.5,0.808644,0.1765,0.0,1.0,0.2647,0.8302
0.856398,0.2353,0.5,0.5,0.856398,0.2353,0.0,1.0,0.3529,0.7477
0.843524,0.0882,0.5,0.5,0.843524,0.0882,0.0,1.0,0.1323,0.4227
0.779506,0.0588,0.5,0.5,0.779506,0.0588,0.0,0.45,0.0882,0.1372
0.793228,0.0588,0.5,0.5,0.793228,0.0588,0.0,0.45,0.0882,0.2793
0.769632,0.2059,0.5,0.5,0.769632,0.2059,0.0,1.0,0.3089,0.5149
0.856892,0.1176,0.5,0.5,0.856892,0.1176,0.0,1.0,0.1764,0.7817
0.885148,0.3235,0.5,0.5,0.885148,0.3235,0.0,1.0,0.4853,0.8108
0.793557,0.0882,0.5,0.5,0.793557,0.0882,0.0,0.45,0.1323,0.5759
0.79601,0.1765,0.5,0.5,0.79601,0.1765,0.0,0.45,0.2647,0.5114
0.855908,0.0588,0.5,0.5,0.855908,0.0588,0.0,1.0,0.0882,0.7089
0.851741,0.1471,0.5,0.5,0.851741,0.1471,0.0,1.0,0.2207,0.5177
0.852852,0.2059,0.5,0.5,0.852852,0.2059,0.0,1.0,0.3089,0.5683
0.845112,0.0588,0.5,0.5,0.845112,0.0588,0.0,1.0,0.0882,0.4872
0.859422,0.2941,0.5,0.5,0.859422,0.2941,0.0,1.0,0.4411,0.8545
0.827585,0.1765,0.5,0.5,0.827585,0.1765,0.0,0.45,0.2647,0.3167
0.831623,0.1765,0.5,0.5,0.831623,0.1765,0.0,1.0,0.2647,0.5052
0.82005,0.0882,0.5,0.5,0.82005,0.0882,0.0,1.0,0.1323,0.3021
0.825237,0.1765,0.5,0.5,0.825237,0.1765,0.0,1.0,0.2647,0.6071
0.831025,0.1471,0.5,0.5,0.831025,0.1471,0.0,1.0,0.2207,0.7914
0.894453,0.0882,0.5,0.5,0.894453,0.0882,0.0,1.0,0.1323,0.5177
0.834849,0.2941,0.5,0.5,0.834849,0.2941,0.0,0.45,0.4411,0.675
0.800284,0.0882,0.5,0.5,0.800284,0.0882,0.0,0.45,0.1323,0.6313
0.821702,0.2059,0.5,0.5,0.821702,0.2059,0.0,1.0,0.3089,0.772
0.844128,0.0588,0.5,0.5,0.844128,0.0588,0.0,1.0,0.0882,0.6265
0.842279,0.2353,0.5,0.5,0.842279,0.2353,0.0,1.0,0.3529,0.5974
0.823438,0.0588,0.5,0.5,0.823438,0.0588,0.0,1.0,0.0882,0.5003
0.789249,0.05,0.5,0.5,0.789249,0.05,0.0,1.0,0.075,0.2055
0.829433,0.125,0.5,0.5,0.829433,0.125,0.0,1.0,0.1875,0.2925
0.838741,0.1,0.5,0.5,0.838741,0.1,0.0,1.0,0.15,0.1722
0.741148,0.1,0.5,0.5,0.741148,0.1,0.0,1.0,0.15,0.1649
0.795926,0.075,0.5,0.5,0.795926,0.075,0.0,1.0,0.1125,0.1304
0.808478,0.125,0.5,0.5,0.808478,0.125,0.0,1.0,0.1875,0.1581
0.815663,0.05,0.5,0.5,0.815663,0.05,0.0,1.0,0.075,0.1067
0.77532,0.05,0.5,0.5,0.77532,0.05,0.0,0.75,0.075,0.2146
0.786085,0.1,0.5,0.5,0.786085,0.1,0.0,1.0,0.15,0.2417
0.80909,0.05,0.5,0.5,0.80909,0.05,0.0,1.0,0.075,0.0796
0.843401,0.15,0.5,0.5,0.843401,0.15,0.0,0.45,0.225,0.332
0.828705,0.1,0.5,0.5,0.828705,0.1,0.0,1.0,0.15,0.2507
0.810601,0.075,0.5,0.5,0.810601,0.075,0.0,1.0,0.1125,0.2078
0.816918,0.075,0.5,0.5,0.816918,0.075,0.0,1.0,0.1125,0.1553
0.809283,0.075,0.5,0.5,0.809283,0.075,0.0,1.0,0.1125,0.2468
0.77927,0.125,0.5,0.5,0.77927,0.125,0.0,1.0,0.1875,0.2451
0.767341,0.075,0.5,0.5,0.767341,0.075,0.0,1.0,0.1125,0.1525
0.788865,0.125,0.5,0.5,0.788865,0.125,0.0,1.0,0.1875,0.1423
0.809403,0.025,0.5,0.5,0.809403,0.025,0.0,1.0,0.0375,0.0316
0.821252,0.05,0.5,0.5,0.821252,0.05,0.0,1.0,0.075,0.17
0.800209,0.1,0.5,0.5,0.800209,0.1,0.0,1.0,0.15,0.2411
0.733698,0.025,0.5,0.5,0.733698,0.025,0.0,1.0,0.0375,0.0136
0.836651,0.125,0.5,0.5,0.836651,0.125,0.0,1.0,0.1875,0.3162
0.795729,0.15,0.5,0.5,0.795729,0.15,0.0,0.8,0.225,0.4111
0.852287,0.175,0.5,0.5,0.852287,0.175,0.0,1.0,0.2625,0.2174
0.792177,0.05,0.5,0.5,0.792177,0.05,0.0,1.0,0.075,0.1005
0.788677,0.075,0.5,0.5,0.788677,0.075,0.0,1.0,0.1125,0.1429
0.74838,0.05,0.5,0.5,0.74838,0.05,0.0,1.0,0.075,0.0678
0.792071,0.05,0.5,0.5,0.792071,0.05,0.0,1.0,0.075,0.1067
0.812378,0.1,0.5,0.5,0.812378,0.1,0.0,1.0,0.15,0.2292
0.799182,0.15,0.5,0.5,0.799182,0.15,0.0,1.0,0.225,0.2648
0.792186,0.1,0.5,0.5,0.792186,0.1,0.0,1.0,0.15,0.3399
0.818695,0.1,0.5,0.5,0.818695,0.1,0.0,1.0,0.15,0.3281
0.75609,0.05,0.5,0.5,0.75609,0.05,0.0,1.0,0.075,0.0819
0.774541,0.025,0.5,0.5,0.774541,0.025,0.0,1.0,0.0375,0.0678
0.838511,0.125,0.5,0.5,0.838511,0.125,0.0,1.0,0.1875,0.2609
0.828832,0.075,0.5,0.5,0.828832,0.075,0.0,1.0,0.1125,0.1169
0.817663,0.025,0.5,0.5,0.817663,0.025,0.0,0.8,0.0375,0.0514
0.812696,0.075,0.5,0.5,0.812696,0.075,0.0,1.0,0.1125,0.1276
0.796386,0.075,0.5,0.5,0.796386,0.075,0.0,1.0,0.1125,0.4449
0.800144,0.075,0.5,0.5,0.800144,0.075,0.0,1.0,0.1125,0.0813
0.858772,0.125,0.5,0.5,0.858772,0.125,0.0,1.0,0.1875,0.2038
0.734428,0.05,0.5,0.5,0.734428,0.05,0.0,1.0,0.075,0.1897
0.827839,0.05,0.5,0.5,0.827839,0.05,0.0,0.8,0.075,0.2021
0.798261,0.05,0.5,0.5,0.798261,0.05,0.0,1.0,0.075,0.2947
0.801296,0.125,0.5,0.5,0.801296,0.125,0.0,1.0,0.1875,0.2851
0.825435,0.05,0.5,0.5,0.825435,0.05,0.0,1.0,0.075,0.1468
0.803989,0.05,0.5,0.5,0.803989,0.05,0.0,1.0,0.075,0.1067
0.828691,0.1,0.5,0.5,0.828691,0.1,0.0,1.0,0.15,0.1959
0.780266,0.05,0.5,0.5,0.780266,0.05,0.0,1.0,0.075,0.1174
0.803451,0.0,0.5,0.5,0.803451,0.0,0.0,1.0,0.0,0.3004
0.780466,0.125,0.5,0.5,0.780466,0.125,0.0,1.0,0.1875,0.2061
0.850709,0.1,0.5,0.5,0.850709,0.1,0.0,1.0,0.15,0.2016
0.780265,0.075,0.5,0.5,0.780265,0.075,0.0,1.0,0.1125,0.1739
0.822323,0.075,0.5,0.5,0.822323,0.075,0.0,1.0,0.1125,0.1446
0.820603,0.125,0.5,0.5,0.820603,0.125,0.0,1.0,0.1875,0.1446
0.818077,0.075,0.5,0.5,0.818077,0.075,0.0,1.0,0.1125,0.1446
0.810714,0.125,0.5,0.5,0.810714,0.125,0.0,1.0,0.1875,0.1722
0.804066,0.025,0.5,0.5,0.804066,0.025,0.0,1.0,0.0375,0.0813
0.778569,0.025,0.5,0.5,0.778569,0.025,0.0,1.0,0.0375,0.1897
0.815855,0.075,0.5,0.5,0.815855,0.075,0.0,1.0,0.1125,0.227
0.77379,0.1,0.5,0.5,0.77379,0.1,0.0,1.0,0.15,0.2846
0.791491,0.075,0.5,0.5,0.791491,0.075,0.0,0.8,0.1125,0.2806
0.781617,0.075,0.5,0.5,0.781617,0.075,0.0,1.0,0.1125,0.2349
0.867246,0.1,0.5,0.5,0.867246,0.1,0.0,1.0,0.15,0.2372
0.835998,0.05,0.5,0.5,0.835998,0.05,0.0,1.0,0.075,0.3224
0.788973,0.05,0.5,0.5,0.788973,0.05,0.0,1.0,0.075,0.1067
0.807635,0.1,0.5,0.5,0.807635,0.1,0.0,1.0,0.15,0.1976
0.802055,0.05,0.5,0.5,0.802055,0.05,0.0,1.0,0.075,0.17
0.774958,0.1,0.5,0.5,0.774958,0.1,0.0,0.45,0.15,0.1863
0.858288,0.025,0.5,0.5,0.858288,0.025,0.0,0.8,0.0375,0.1287
0.817114,0.025,0.5,0.5,0.817114,0.025,0.0,1.0,0.0375,0.2925
0.794793,0.075,0.5,0.5,0.794793,0.075,0.0,1.0,0.1125,0.1858
0.852998,0.075,0.5,0.5,0.852998,0.075,0.0,0.75,0.1125,0.2609
0.748803,0.0,0.5,0.5,0.748803,0.0,0.0,1.0,0.0,0.218
0.827308,0.025,0.5,0.5,0.827308,0.025,0.0,1.0,0.0375,0.1897
0.787347,0.075,0.5,0.5,0.787347,0.075,0.0,1.0,0.1125,0.2005
0.791258,0.075,0.5,0.5,0.791258,0.075,0.0,1.0,0.1125,0.2134
0.797547,0.075,0.5,0.5,0.797547,0.075,0.0,1.0,0.1125,0.2462
0.732714,0.025,0.5,0.5,0.732714,0.025,0.0,1.0,0.0375,0.3004
0.811611,0.025,0.5,0.5,0.811611,0.025,0.0,1.0,0.0375,0.0136
0.843342,0.15,0.5,0.5,0.843342,0.15,0.0,1.0,0.225,0.1621
0.841362,0.1,0.5,0.5,0.841362,0.1,0.0,1.0,0.15,0.4308
0.765422,0.05,0.5,0.5,0.765422,0.05,0.0,1.0,0.075,0.2552
0.793355,0.1,0.5,0.5,0.793355,0.1,0.0,1.0,0.15,0.1186
0.835834,0.025,0.5,0.5,0.835834,0.025,0.0,1.0,0.0375,0.1666
0.813326,0.05,0.5,0.5,0.813326,0.05,0.0,1.0,0.075,0.0813
0.794406,0.05,0.5,0.5,0.794406,0.05,0.0,1.0,0.075,0.1722
0.804443,0.05,0.5,0.5,0.804443,0.05,0.0,1.0,0.075,0.0937
0.804501,0.1,0.5,0.5,0.804501,0.1,0.0,1.0,0.15,0.1937
0.814711,0.175,0.5,0.5,0.814711,0.175,0.0,1.0,0.2625,0.2078
0.849967,0.05,0.5,0.5,0.849967,0.05,0.0,0.8,0.075,0.1999
0.861403,0.025,0.5,0.5,0.861403,0.025,0.0,1.0,0.0375,0.192
0.822323,0.125,0.5,0.5,0.822323,0.125,0.0,1.0,0.1875,0.1993
0.816225,0.075,0.5,0.5,0.816225,0.075,0.0,0.8,0.1125,0.3202
0.844194,0.075,0.5,0.5,0.844194,0.075,0.0,0.45,0.1125,0.2055
0.755097,0.075,0.5,0.5,0.755097,0.075,0.0,1.0,0.1125,0.0802
0.865086,0.1,0.5,0.5,0.865086,0.1,0.0,1.0,0.15,0.1965
0.845946,0.1,0.5,0.5,0.845946,0.1,0.0,1.0,0.15,0.2688
0.840513,0.05,0.5,0.5,0.840513,0.05,0.0,1.0,0.075,0.1858
0.775701,0.125,0.5,0.5,0.775701,0.125,0.0,1.0,0.1875,0.2372
0.764725,0.05,0.5,0.5,0.764725,0.05,0.0,1.0,0.075,0.2276
0.799746,0.025,0.5,0.5,0.799746,0.025,0.0,0.8,0.0375,0.5
0.826376,0.1,0.5,0.5,0.826376,0.1,0.0,1.0,0.15,0.2292
0.786698,0.025,0.5,0.5,0.786698,0.025,0.0,1.0,0.0375,0.092
0.775228,0.1,0.5,0.5,0.775228,0.1,0.0,1.0,0.15,0.0887
0.789016,0.05,0.5,0.5,0.789016,0.05,0.0,1.0,0.075,0.0813
0.779018,0.1,0.5,0.5,0.779018,0.1,0.0,1.0,0.15,0.3557
0.789464,0.075,0.5,0.5,0.789464,0.075,0.0,1.0,0.1125,0.1321
0.828713,0.125,0.5,0.5,0.828713,0.125,0.0,1.0,0.1875,0.1547
0.849342,0.125,0.5,0.5,0.849342,0.125,0.0,1.0,0.1875,0.3478
0.832233,0.075,0.5,0.5,0.832233,0.075,0.0,1.0,0.1125,0.2473
0.791012,0.075,0.5,0.5,0.791012,0.075,0.0,1.0,0.1125,0.2055
0.823565,0.1,0.5,0.5,0.823565,0.1,0.0,1.0,0.15,0.2744
0.775626,0.125,0.5,0.5,0.775626,0.125,0.0,1.0,0.1875,0.2055
0.779224,0.05,0.5,0.5,0.779224,0.05,0.0,1.0,0.075,0.1457
0.796868,0.025,0.5,0.5,0.796868,0.025,0.0,0.75,0.0375,0.5
0.798025,0.05,0.5,0.5,0.798025,0.05,0.0,1.0,0.075,0.1186
0.816192,0.0625,0.5,0.5,0.816192,0.0625,0.0,1.0,0.0938,0.451
0.821445,0.0312,0.5,0.5,0.821445,0.0312,0.0,1.0,0.0468,0.299
0.832951,0.1562,0.5,0.5,0.832951,0.1562,0.0,1.0,0.2343,0.3329
0.826452,0.1562,0.5,0.5,0.826452,0.1562,0.0,1.0,0.2343,0.1436
0.8353,0.0938,0.5,0.5,0.8353,0.0938,0.0,1.0,0.1407,0.3253
0.855272,0.0938,0.5,0.5,0.855272,0.0938,0.0,1.0,0.1407,0.357
0.82478,0.125,0.5,0.5,0.82478,0.125,0.0,1.0,0.1875,0.183
0.838093,0.125,0.5,0.5,0.838093,0.125,0.0,1.0,0.1875,0.4199
0.870135,0.0625,0.5,0.5,0.870135,0.0625,0.0,1.0,0.0938,0.3425
0.832081,0.0938,0.5,0.5,0.832081,0.0938,0.0,1.0,0.1407,0.154
0.85554,0.0625,0.5,0.5,0.85554,0.0625,0.0,1.0,0.0938,0.4945
0.758508,0.0,0.5,0.5,0.758508,0.0,0.0,1.0,0.0,0.2555
0.855751,0.0625,0.5,0.5,0.855751,0.0625,0.0,1.0,0.0938,0.4558
0.800996,0.125,0.5,0.5,0.800996,0.125,0.0,1.0,0.1875,0.4537
0.856443,0.0312,0.5,0.5,0.856443,0.0312,0.0,1.0,0.0468,0.154
0.858616,0.0312,0.5,0.5,0.858616,0.0312,0.0,1.0,0.0468,0.5235
0.829911,0.0938,0.5,0.5,0.829911,0.0938,0.0,1.0,0.1407,0.3446
0.827625,0.125,0.5,0.5,0.827625,0.125,0.0,1.0,0.1875,0.3764
0.830661,0.0938,0.5,0.5,0.830661,0.0938,0.0,1.0,0.1407,0.2286
0.838246,0.0,0.5,0.5,0.838246,0.0,0.0,1.0,0.0,0.2894
0.837477,0.0312,0.5,0.5,0.837477,0.0312,0.0,1.0,0.0468,0.4896
0.844896,0.0312,0.5,0.5,0.844896,0.0312,0.0,0.45,0.0468,0.6181
0.802494,0.0625,0.5,0.5,0.802494,0.0625,0.0,0.45,0.0938,0.386
0.847487,0.0312,0.5,0.5,0.847487,0.0312,0.0,0.45,0.0468,0.2141
0.840099,0.0312,0.5,0.5,0.840099,0.0312,0.0,1.0,0.0468,0.183
0.874212,0.0938,0.5,0.5,0.874212,0.0938,0.0,1.0,0.1407,0.4199
0.860624,0.0625,0.5,0.5,0.860624,0.0625,0.0,0.45,0.0938,0.2894
0.805586,0.0938,0.5,0.5,0.805586,0.0938,0.0,1.0,0.1407,0.4606
0.810063,0.0938,0.5,0.5,0.810063,0.0938,0.0,0.8,0.1407,0.3322
0.850411,0.0938,0.5,0.5,0.850411,0.0938,0.0,1.0,0.1407,0.2769
0.875197,0.0625,0.5,0.5,0.875197,0.0625,0.0,1.0,0.0938,0.2797
0.84423,0.125,0.5,0.5,0.84423,0.125,0.0,1.0,0.1875,0.4586
0.823579,0.0938,0.5,0.5,0.823579,0.0938,0.0,1.0,0.1407,0.4586
0.840308,0.0312,0.5,0.5,0.840308,0.0312,0.0,1.0,0.0468,0.5698
0.839989,0.0625,0.5,0.5,0.839989,0.0625,0.0,1.0,0.0938,0.3011
0.831142,0.0625,0.5,0.5,0.831142,0.0625,0.0,0.45,0.0938,0.2383
0.842929,0.0625,0.5,0.5,0.842929,0.0625,0.0,1.0,0.0938,0.2217
0.831622,0.0625,0.5,0.5,0.831622,0.0625,0.0,0.45,0.0938,0.5331
0.844575,0.125,0.5,0.5,0.844575,0.125,0.0,1.0,0.1875,0.2169
0.819067,0.0312,0.5,0.5,0.819067,0.0312,0.0,0.45,0.0468,0.1416
0.851527,0.0625,0.5,0.5,0.851527,0.0625,0.0,1.0,0.0938,0.2769
0.855251,0.125,0.5,0.5,0.855251,0.125,0.0,1.0,0.1875,0.154
0.859437,0.0312,0.5,0.5,0.859437,0.0312,0.0,1.0,0.0468,0.2383
0.877415,0.0,0.5,0.5,0.877415,0.0,0.0,1.0,0.0,0.3377
0.79715,0.0312,0.5,0.5,0.79715,0.0312,0.0,1.0,0.0468,0.0877
0.841104,0.0938,0.5,0.5,0.841104,0.0938,0.0,1.0,0.1407,0.2942
0.812472,0.0625,0.5,0.5,0.812472,0.0625,0.0,0.45,0.0938,0.2894
0.854997,0.0,0.5,0.5,0.854997,0.0,0.0,1.0,0.0,0.154
0.858152,0.125,0.5,0.5,0.858152,0.125,0.0,1.0,0.1875,0.5235
0.831003,0.0,0.5,0.5,0.831003,0.0,0.0,1.0,0.0,0.1568
0.853517,0.1562,0.5,0.5,0.853517,0.1562,0.0,1.0,0.2343,0.2307
0.857248,0.0625,0.5,0.5,0.857248,0.0625,0.0,1.0,0.0938,0.2093
0.816972,0.0625,0.5,0.5,0.816972,0.0625,0.0,1.0,0.0938,0.1754
0.83075,0.1875,0.5,0.5,0.83075,0.1875,0.0,1.0,0.2812,0.2044
0.832513,0.0625,0.5,0.5,0.832513,0.0625,0.0,1.0,0.0938,0.154
0.812673,0.0625,0.5,0.5,0.812673,0.0625,0.0,1.0,0.0938,0.3812
0.855882,0.0625,0.5,0.5,0.855882,0.0625,0.0,1.0,0.0938,0.2479
0.82426,0.0625,0.5,0.5,0.82426,0.0625,0.0,1.0,0.0938,0.154
0.842453,0.0938,0.5,0.5,0.842453,0.0938,0.0,0.45,0.1407,0.2169
0.808636,0.0938,0.5,0.5,0.808636,0.0938,0.0,1.0,0.1407,0.154
0.829179,0.0938,0.5,0.5,0.829179,0.0938,0.0,1.0,0.1407,0.6084
0.797715,0.0938,0.5,0.5,0.797715,0.0938,0.0,1.0,0.1407,0.6057
0.843945,0.0625,0.5,0.5,0.843945,0.0625,0.0,1.0,0.0938,0.1395
0.786153,0.1562,0.5,0.5,0.786153,0.1562,0.0,1.0,0.2343,0.1291
0.826178,0.0625,0.5,0.5,0.826178,0.0625,0.0,1.0,0.0938,0.2769
0.863142,0.125,0.5,0.5,0.863142,0.125,0.0,1.0,0.1875,0.2866
0.835869,0.0,0.5,0.5,0.835869,0.0,0.0,1.0,0.0,0.3329
0.825523,0.0312,0.5,0.5,0.825523,0.0312,0.0,1.0,0.0468,0.3688
0.843686,0.0625,0.5,0.5,0.843686,0.0625,0.0,1.0,0.0938,0.5311
0.850303,0.0,0.5,0.5,0.850303,0.0,0.0,1.0,0.0,0.3135
0.86705,0.1562,0.5,0.5,0.86705,0.1562,0.0,0.45,0.2343,0.4026
0.831874,0.0625,0.5,0.5,0.831874,0.0625,0.0,1.0,0.0938,0.154
0.811202,0.125,0.5,0.5,0.811202,0.125,0.0,1.0,0.1875,0.154
0.848461,0.0938,0.5,0.5,0.848461,0.0938,0.0,1.0,0.1407,0.299
0.824408,0.0,0.5,0.5,0.824408,0.0,0.0,0.45,0.0,0.2894
0.790786,0.0,0.5,0.5,0.790786,0.0,0.0,1.0,0.0,0.2604
0.848723,0.0938,0.5,0.5,0.848723,0.0938,0.0,1.0,0.1407,0.364
0.822403,0.0312,0.5,0.5,0.822403,0.0312,0.0,1.0,0.0468,0.4896
0.801849,0.0312,0.5,0.5,0.801849,0.0312,0.0,0.45,0.0468,0.1146
0.873844,0.125,0.5,0.5,0.873844,0.125,0.0,1.0,0.1875,0.6423
0.820367,0.0938,0.5,0.5,0.820367,0.0938,0.0,1.0,0.1407,0.5262
0.792085,0.1562,0.5,0.5,0.792085,0.1562,0.0,1.0,0.2343,0.4682
0.853998,0.0312,0.5,0.5,0.853998,0.0312,0.0,1.0,0.0468,0.4413
0.826119,0.0938,0.5,0.5,0.826119,0.0938,0.0,1.0,0.1407,0.154
0.873145,0.0312,0.5,0.5,0.873145,0.0312,0.0,1.0,0.0468,0.596
0.832646,0.0312,0.5,0.5,0.832646,0.0312,0.0,1.0,0.0468,0.4586
0.829615,0.0938,0.5,0.5,0.829615,0.0938,0.0,0.45,0.1407,0.2044
0.856845,0.1562,0.5,0.5,0.856845,0.1562,0.0,1.0,0.2343,0.3909
0.808786,0.125,0.5,0.5,0.808786,0.125,0.0,1.0,0.1875,0.1146
0.78902,0.0625,0.5,0.5,0.78902,0.0625,0.0,1.0,0.0938,0.2093
0.814965,0.0312,0.5,0.5,0.814965,0.0312,0.0,1.0,0.0468,0.154
0.828962,0.0,0.5,0.5,0.828962,0.0,0.0,1.0,0.0,0.2894
0.817527,0.125,0.5,0.5,0.817527,0.125,0.0,1.0,0.1875,0.386
0.879504,0.0312,0.5,0.5,0.879504,0.0312,0.0,1.0,0.0468,0.4682
0.870413,0.0,0.5,0.5,0.870413,0.0,0.0,1.0,0.0,0.3329
0.898492,0.0625,0.5,0.5,0.898492,0.0625,0.0,1.0,0.0938,0.2555
0.805453,0.0312,0.5,0.5,0.805453,0.0312,0.0,1.0,0.0468,0.2265
0.893334,0.0,0.5,0.5,0.893334,0.0,0.0,1.0,0.0,0.7244
0.912793,0.0,0.5,0.5,0.912793,0.0,0.0,1.0,0.0,0.6443
0.816905,0.0938,0.5,0.5,0.816905,0.0938,0.0,1.0,0.1407,0.6713
0.84841,0.125,0.5,0.5,0.84841,0.125,0.0,1.0,0.1875,0.3273
0.882732,0.0938,0.5,0.5,0.882732,0.0938,0.0,1.0,0.1407,0.3764
0.871785,0.0625,0.5,0.5,0.871785,0.0625,0.0,1.0,0.0938,0.395
0.811013,0.0625,0.5,0.5,0.811013,0.0625,0.0,0.45,0.0938,0.2217
0.903726,0.0938,0.5,0.5,0.903726,0.0938,0.0,1.0,0.1407,0.5283
0.77786,0.0625,0.5,0.5,0.77786,0.0625,0.0,0.8,0.0938,0.3764
0.842207,0.0938,0.5,0.5,0.842207,0.0938,0.0,1.0,0.1407,0.3785
0.833925,0.0938,0.5,0.5,0.833925,0.0938,0.0,1.0,0.1407,0.2383
0.827379,0.1562,0.5,0.5,0.827379,0.1562,0.0,1.0,0.2343,0.5525
0.839706,0.0625,0.5,0.5,0.839706,0.0625,0.0,1.0,0.0938,0.4682
0.856106,0.0938,0.5,0.5,0.856106,0.0938,0.0,1.0,0.1407,0.4054
0.843601,0.0312,0.5,0.5,0.843601,0.0312,0.0,1.0,0.0468,0.4026
0.830212,0.0938,0.5,0.5,0.830212,0.0938,0.0,1.0,0.1407,0.2044
0.781606,0.0625,0.5,0.5,0.781606,0.0625,0.0,1.0,0.0938,0.192
0.816508,0.125,0.5,0.5,0.816508,0.125,0.0,0.45,0.1875,0.4848
0.859856,0.0938,0.5,0.5,0.859856,0.0938,0.0,0.45,0.1407,0.4413
0.808361,0.0,0.5,0.5,0.808361,0.0,0.0,1.0,0.0,0.1416
0.889865,0.0625,0.5,0.5,0.889865,0.0625,0.0,1.0,0.0938,0.5186
0.756805,0.0,0.5,0.5,0.756805,0.0,0.0,1.0,0.0,0.5
0.760597,0.1053,0.5,0.5,0.760597,0.1053,0.0,1.0,0.158,0.1655
0.774548,0.0263,0.5,0.5,0.774548,0.0263,0.0,0.45,0.0394,0.1168
0.797502,0.1579,0.5,0.5,0.797502,0.1579,0.0,1.0,0.2369,0.1314
0.819161,0.0526,0.5,0.5,0.819161,0.0526,0.0,1.0,0.0789,0.306
0.800482,0.0,0.5,0.5,0.800482,0.0,0.0,0.45,0.0,0.0128
0.822718,0.0263,0.5,0.5,0.822718,0.0263,0.0,1.0,0.0394,0.2263
0.822441,0.0789,0.5,0.5,0.822441,0.0789,0.0,1.0,0.1183,0.6168
0.866934,0.0526,0.5,0.5,0.866934,0.0526,0.0,1.0,0.0789,0.2981
0.876931,0.1316,0.5,0.5,0.876931,0.1316,0.0,1.0,0.1974,0.6381
0.813394,0.0789,0.5,0.5,0.813394,0.0789,0.0,1.0,0.1183,0.6381
0.828572,0.0526,0.5,0.5,0.828572,0.0526,0.0,1.0,0.0789,0.3303
0.883344,0.1316,0.5,0.5,0.883344,0.1316,0.0,1.0,0.1974,0.4891
0.816402,0.0789,0.5,0.5,0.816402,0.0789,0.0,1.0,0.1183,0.1515
0.847594,0.0789,0.5,0.5,0.847594,0.0789,0.0,1.0,0.1183,0.7573
0.865314,0.1579,0.5,0.5,0.865314,0.1579,0.0,1.0,0.2369,0.7786
0.840946,0.0526,0.5,0.5,0.840946,0.0526,0.0,0.45,0.0789,0.6679
0.882856,0.1579,0.5,0.5,0.882856,0.1579,0.0,1.0,0.2369,0.5785
0.829686,0.1579,0.5,0.5,0.829686,0.1579,0.0,1.0,0.2369,0.3637
0.809097,0.0,0.5,0.5,0.809097,0.0,0.0,1.0,0.0,0.1198
0.846803,0.1579,0.5,0.5,0.846803,0.1579,0.0,1.0,0.2369,0.6338
0.837574,0.1053,0.5,0.5,0.837574,0.1053,0.0,1.0,0.158,0.0876
0.729978,0.0789,0.5,0.5,0.729978,0.0789,0.0,1.0,0.1183,0.2445
0.808568,0.1053,0.5,0.5,0.808568,0.1053,0.0,1.0,0.158,0.2786
0.842975,0.0789,0.5,0.5,0.842975,0.0789,0.0,1.0,0.1183,0.2512
0.820219,0.0789,0.5,0.5,0.820219,0.0789,0.0,1.0,0.1183,0.4513
0.874804,0.1053,0.5,0.5,0.874804,0.1053,0.0,1.0,0.158,0.6338
0.826375,0.0789,0.5,0.5,0.826375,0.0789,0.0,1.0,0.1183,0.1186
0.887963,0.1053,0.5,0.5,0.887963,0.1053,0.0,1.0,0.158,0.5614
0.884967,0.0789,0.5,0.5,0.884967,0.0789,0.0,1.0,0.1183,0.5572
0.758188,0.0526,0.5,0.5,0.758188,0.0526,0.0,0.45,0.0789,0.2877
0.895173,0.1842,0.5,0.5,0.895173,0.1842,0.0,0.45,0.2763,0.7871
0.795489,0.1053,0.5,0.5,0.795489,0.1053,0.0,1.0,0.158,0.2786
0.824681,0.0789,0.5,0.5,0.824681,0.0789,0.0,1.0,0.1183,0.6466
0.818256,0.0789,0.5,0.5,0.818256,0.0789,0.0,1.0,0.1183,0.6551
0.773024,0.0789,0.5,0.5,0.773024,0.0789,0.0,1.0,0.1183,0.5316
0.836411,0.0789,0.5,0.5,0.836411,0.0789,0.0,1.0,0.1183,0.3765
0.865631,0.1579,0.5,0.5,0.865631,0.1579,0.0,1.0,0.2369,0.604
0.878254,0.0526,0.5,0.5,0.878254,0.0526,0.0,1.0,0.0789,0.5742
0.81338,0.1053,0.5,0.5,0.81338,0.1053,0.0,1.0,0.158,0.2743
0.847241,0.1579,0.5,0.5,0.847241,0.1579,0.0,1.0,0.2369,0.6679
0.830297,0.0789,0.5,0.5,0.830297,0.0789,0.0,1.0,0.1183,0.2105
0.839432,0.1053,0.5,0.5,0.839432,0.1053,0.0,1.0,0.158,0.6892
0.83147,0.1053,0.5,0.5,0.83147,0.1053,0.0,1.0,0.158,0.621
0.889029,0.1579,0.5,0.5,0.889029,0.1579,0.0,1.0,0.2369,0.753
0.873529,0.0263,0.5,0.5,0.873529,0.0263,0.0,1.0,0.0394,0.5827
0.879518,0.2105,0.5,0.5,0.879518,0.2105,0.0,1.0,0.3157,0.6423
0.792054,0.0263,0.5,0.5,0.792054,0.0263,0.0,1.0,0.0394,0.2135
0.833992,0.0526,0.5,0.5,0.833992,0.0526,0.0,1.0,0.0789,0.1679
0.805052,0.1053,0.5,0.5,0.805052,0.1053,0.0,1.0,0.158,0.4148
0.844648,0.1579,0.5,0.5,0.844648,0.1579,0.0,1.0,0.2369,0.5827
0.864505,0.1053,0.5,0.5,0.864505,0.1053,0.0,1.0,0.158,0.5018
0.874377,0.1316,0.5,0.5,0.874377,0.1316,0.0,1.0,0.1974,0.7573
0.861004,0.1579,0.5,0.5,0.861004,0.1579,0.0,1.0,0.2369,0.6083
0.896354,0.1316,0.5,0.5,0.896354,0.1316,0.0,1.0,0.1974,0.5359
0.789222,0.0526,0.5,0.5,0.789222,0.0526,0.0,1.0,0.0789,0.2591
0.864944,0.2105,0.5,0.5,0.864944,0.2105,0.0,1.0,0.3157,0.7232
0.828709,0.0526,0.5,0.5,0.828709,0.0526,0.0,1.0,0.0789,0.4039
0.816381,0.1053,0.5,0.5,0.816381,0.1053,0.0,1.0,0.158,0.5955
0.854289,0.0263,0.5,0.5,0.854289,0.0263,0.0,1.0,0.0394,0.4976
0.867262,0.1579,0.5,0.5,0.867262,0.1579,0.0,1.0,0.2369,0.5146
0.820592,0.1053,0.5,0.5,0.820592,0.1053,0.0,1.0,0.158,0.7105
0.821414,0.1053,0.5,0.5,0.821414,0.1053,0.0,1.0,0.158,0.5554
0.84788,0.1316,0.5,0.5,0.84788,0.1316,0.0,1.0,0.1974,0.5955
0.881741,0.0789,0.5,0.5,0.881741,0.0789,0.0,0.45,0.1183,0.5742
0.884432,0.1316,0.5,0.5,0.884432,0.1316,0.0,1.0,0.1974,0.4422
0.809101,0.1053,0.5,0.5,0.809101,0.1053,0.0,0.45,0.158,0.5955
0.864839,0.1053,0.5,0.5,0.864839,0.1053,0.0,1.0,0.158,0.6934
0.770476,0.1316,0.5,0.5,0.770476,0.1316,0.0,1.0,0.1974,0.4124
0.784566,0.1053,0.5,0.5,0.784566,0.1053,0.0,0.45,0.158,0.1892
0.897536,0.1579,0.5,0.5,0.897536,0.1579,0.0,1.0,0.2369,0.7956
0.842799,0.0,0.5,0.5,0.842799,0.0,0.0,0.45,0.0,0.4592
0.824041,0.1316,0.5,0.5,0.824041,0.1316,0.0,0.45,0.1974,0.7786
0.803014,0.1316,0.5,0.5,0.803014,0.1316,0.0,1.0,0.1974,0.3358
0.826937,0.1316,0.5,0.5,0.826937,0.1316,0.0,1.0,0.1974,0.7871
0.800716,0.1053,0.5,0.5,0.800716,0.1053,0.0,1.0,0.158,0.6934
0.790222,0.0789,0.5,0.5,0.790222,0.0789,0.0,1.0,0.1183,0.4191
0.780181,0.0526,0.5,0.5,0.780181,0.0526,0.0,1.0,0.0789,0.1302
0.858301,0.1842,0.5,0.5,0.858301,0.1842,0.0,1.0,0.2763,0.7105
0.793854,0.1053,0.5,0.5,0.793854,0.1053,0.0,1.0,0.158,0.4294
0.802065,0.1053,0.5,0.5,0.802065,0.1053,0.0,1.0,0.158,0.2275
0.866192,0.2105,0.5,0.5,0.866192,0.2105,0.0,1.0,0.3157,0.7786
0.843346,0.1053,0.5,0.5,0.843346,0.1053,0.0,1.0,0.158,0.8041
0.763807,0.1579,0.5,0.5,0.763807,0.1579,0.0,1.0,0.2369,0.6551
0.806116,0.0789,0.5,0.5,0.806116,0.0789,0.0,1.0,0.1183,0.4532
0.839327,0.1053,0.5,0.5,0.839327,0.1053,0.0,1.0,0.158,0.7573
0.802609,0.1053,0.5,0.5,0.802609,0.1053,0.0,1.0,0.158,0.6934
0.808875,0.1053,0.5,0.5,0.808875,0.1053,0.0,1.0,0.158,0.2251
0.780724,0.0789,0.5,0.5,0.780724,0.0789,0.0,1.0,0.1183,0.2038
0.777803,0.0263,0.5,0.5,0.777803,0.0263,0.0,1.0,0.0394,0.0754
0.823189,0.1842,0.5,0.5,0.823189,0.1842,0.0,1.0,0.2763,0.6168
0.854283,0.0526,0.5,0.5,0.854283,0.0526,0.0,1.0,0.0789,0.6934
0.807994,0.0789,0.5,0.5,0.807994,0.0789,0.0,1.0,0.1183,0.4489
0.792491,0.1053,0.5,0.5,0.792491,0.1053,0.0,1.0,0.158,0.7616
0.863082,0.0789,0.5,0.5,0.863082,0.0789,0.0,1.0,0.1183,0.6807
0.735841,0.0263,0.5,0.5,0.735841,0.0263,0.0,1.0,0.0394,0.1168
0.762549,0.0789,0.5,0.5,0.762549,0.0789,0.0,1.0,0.1183,0.3169
0.891103,0.1842,0.5,0.5,0.891103,0.1842,0.0,1.0,0.2763,0.7828
0.733279,0.0526,0.5,0.5,0.733279,0.0526,0.0,1.0,0.0789,0.3911
0.75725,0.0789,0.5,0.5,0.75725,0.0789,0.0,1.0,0.1183,0.6679
0.888448,0.1053,0.5,0.5,0.888448,0.1053,0.0,1.0,0.158,0.851
0.784453,0.1053,0.5,0.5,0.784453,0.1053,0.0,1.0,0.158,0.3382
0.782313,0.0526,0.5,0.5,0.782313,0.0526,0.0,1.0,0.0789,0.1314
0.803994,0.2105,0.5,0.5,0.803994,0.2105,0.0,0.45,0.3157,0.7275
0.856951,0.1053,0.5,0.5,0.856951,0.1053,0.0,1.0,0.158,0.6551
0.835408,0.0526,0.5,0.5,0.835408,0.0526,0.0,1.0,0.0789,0.3358
0.787163,0.1053,0.5,0.5,0.787163,0.1053,0.0,1.0,0.158,0.379
0.71301,0.0263,0.5,0.5,0.71301,0.0263,0.0,1.0,0.0394,0.0566
0.787919,0.1053,0.5,0.5,0.787919,0.1053,0.0,1.0,0.158,0.5614
0.823117,0.0526,0.5,0.5,0.823117,0.0526,0.0,1.0,0.0789,0.4045
0.770723,0.0789,0.5,0.5,0.770723,0.0789,0.0,1.0,0.1183,0.1807
0.782351,0.0789,0.5,0.5,0.782351,0.0789,0.0,1.0,0.1183,0.1849
0.821178,0.1667,0.5,0.5,0.821178,0.1667,0.0,1.0,0.25,0.2986
0.818694,0.2083,0.5,0.5,0.818694,0.2083,0.0,1.0,0.3125,0.8036
0.824057,0.0833,0.5,0.5,0.824057,0.0833,0.0,0.45,0.125,0.3547
0.821379,0.25,0.5,0.5,0.821379,0.25,0.0,1.0,0.375,0.7265
0.84856,0.125,0.5,0.5,0.84856,0.125,0.0,1.0,0.1875,0.7054
0.79682,0.0833,0.5,0.5,0.79682,0.0833,0.0,0.45,0.125,0.2916
0.821628,0.0833,0.5,0.5,0.821628,0.0833,0.0,1.0,0.125,0.3547
0.852106,0.25,0.5,0.5,0.852106,0.25,0.0,1.0,0.375,0.7685
0.865186,0.125,0.5,0.5,0.865186,0.125,0.0,0.45,0.1875,0.8176
0.846869,0.375,0.5,0.5,0.846869,0.375,0.0,1.0,0.5625,0.9579
0.852566,0.1667,0.5,0.5,0.852566,0.1667,0.0,1.0,0.25,0.9158
0.8292,0.25,0.5,0.5,0.8292,0.25,0.0,1.0,0.375,0.8457
0.843881,0.1667,0.5,0.5,0.843881,0.1667,0.0,1.0,0.25,0.6633
0.855627,0.2083,0.5,0.5,0.855627,0.2083,0.0,1.0,0.3125,0.7826
0.816353,0.2083,0.5,0.5,0.816353,0.2083,0.0,0.8,0.3125,0.5932
0.829206,0.25,0.5,0.5,0.829206,0.25,0.0,1.0,0.375,0.8176
0.860405,0.3333,0.5,0.5,0.860405,0.3333,0.0,0.45,0.5,0.8457
0.834657,0.2917,0.5,0.5,0.834657,0.2917,0.0,1.0,0.4375,0.8527
0.899694,0.2917,0.5,0.5,0.899694,0.2917,0.0,1.0,0.4375,0.7685
0.846492,0.125,0.5,0.5,0.846492,0.125,0.0,1.0,0.1875,0.7615
0.8197,0.25,0.5,0.5,0.8197,0.25,0.0,1.0,0.375,0.8527
0.90335,0.1667,0.5,0.5,0.90335,0.1667,0.0,1.0,0.25,0.4319
0.81684,0.2083,0.5,0.5,0.81684,0.2083,0.0,0.8,0.3125,0.8246
0.868004,0.25,0.5,0.5,0.868004,0.25,0.0,0.45,0.375,0.5681
0.909704,0.25,0.5,0.5,0.909704,0.25,0.0,0.45,0.375,0.7966
0.876988,0.1667,0.5,0.5,0.876988,0.1667,0.0,1.0,0.25,0.9649
0.846104,0.2917,0.5,0.5,0.846104,0.2917,0.0,1.0,0.4375,0.8597
0.913111,0.375,0.5,0.5,0.913111,0.375,0.0,1.0,0.5625,0.9579
0.83815,0.0,0.5,0.5,0.83815,0.0,0.0,0.45,0.0,0.6072
0.87246,0.1667,0.5,0.5,0.87246,0.1667,0.0,1.0,0.25,0.5441
0.816098,0.0833,0.5,0.5,0.816098,0.0833,0.0,1.0,0.125,0.4459
0.787658,0.0417,0.5,0.5,0.787658,0.0417,0.0,1.0,0.0625,0.4399
0.858956,0.2917,0.5,0.5,0.858956,0.2917,0.0,1.0,0.4375,0.8948
0.837257,0.1667,0.5,0.5,0.837257,0.1667,0.0,1.0,0.25,0.9088
0.842943,0.125,0.5,0.5,0.842943,0.125,0.0,0.45,0.1875,0.7265
0.82446,0.125,0.5,0.5,0.82446,0.125,0.0,1.0,0.1875,0.3036
0.867526,0.0833,0.5,0.5,0.867526,0.0833,0.0,1.0,0.125,0.481
0.869614,0.0417,0.5,0.5,0.869614,0.0417,0.0,1.0,0.0625,0.7756
0.755419,0.2083,0.5,0.5,0.755419,0.2083,0.0,1.0,0.3125,0.7054
0.788387,0.0833,0.5,0.5,0.788387,0.0833,0.0,1.0,0.125,0.4459
0.794648,0.0417,0.5,0.5,0.794648,0.0417,0.0,1.0,0.0625,0.2565
0.771983,0.375,0.5,0.5,0.771983,0.375,0.0,1.0,0.5625,0.7194
0.749076,0.0833,0.5,0.5,0.749076,0.0833,0.0,0.8,0.125,0.7645
0.844527,0.2083,0.5,0.5,0.844527,0.2083,0.0,1.0,0.3125,0.8106
0.801951,0.125,0.5,0.5,0.801951,0.125,0.0,1.0,0.1875,0.5581
0.768497,0.0833,0.5,0.5,0.768497,0.0833,0.0,1.0,0.125,0.1864
0.788693,0.2083,0.5,0.5,0.788693,0.2083,0.0,1.0,0.3125,0.2565
0.835721,0.25,0.5,0.5,0.835721,0.25,0.0,0.45,0.375,0.9158
0.820454,0.125,0.5,0.5,0.820454,0.125,0.0,1.0,0.1875,0.7124
0.771991,0.1667,0.5,0.5,0.771991,0.1667,0.0,1.0,0.25,0.6493
0.818304,0.25,0.5,0.5,0.818304,0.25,0.0,0.45,0.375,0.7826
0.815978,0.1667,0.5,0.5,0.815978,0.1667,0.0,1.0,0.25,0.3407
0.83462,0.1667,0.5,0.5,0.83462,0.1667,0.0,1.0,0.25,0.7475
0.758816,0.25,0.5,0.5,0.758816,0.25,0.0,0.45,0.375,0.8176
0.81213,0.2083,0.5,0.5,0.81213,0.2083,0.0,0.45,0.3125,0.7615
0.78882,0.2083,0.5,0.5,0.78882,0.2083,0.0,1.0,0.3125,0.8036
0.757238,0.2917,0.5,0.5,0.757238,0.2917,0.0,1.0,0.4375,0.7966
0.851913,0.2083,0.5,0.5,0.851913,0.2083,0.0,0.45,0.3125,0.6844
0.790868,0.125,0.5,0.5,0.790868,0.125,0.0,1.0,0.1875,0.6503
0.78372,0.4167,0.5,0.5,0.78372,0.4167,0.0,1.0,0.625,0.7685
0.817161,0.2917,0.5,0.5,0.817161,0.2917,0.0,0.45,0.4375,0.8597
0.830445,0.1667,0.5,0.5,0.830445,0.1667,0.0,1.0,0.25,0.8317
0.800011,0.0,0.5,0.5,0.800011,0.0,0.0,1.0,0.0,0.523
0.917062,0.375,0.5,0.5,0.917062,0.375,0.0,0.45,0.5625,0.9088
0.772132,0.2083,0.5,0.5,0.772132,0.2083,0.0,1.0,0.3125,0.6002
0.742371,0.2083,0.5,0.5,0.742371,0.2083,0.0,1.0,0.3125,0.3337
0.813591,0.125,0.5,0.5,0.813591,0.125,0.0,1.0,0.1875,0.6212
0.714108,0.2083,0.5,0.5,0.714108,0.2083,0.0,1.0,0.3125,0.5581
0.803006,0.2083,0.5,0.5,0.803006,0.2083,0.0,1.0,0.3125,0.3788
0.780399,0.0417,0.5,0.5,0.780399,0.0417,0.0,1.0,0.0625,0.2776
0.768269,0.125,0.5,0.5,0.768269,0.125,0.0,1.0,0.1875,0.7405
0.820676,0.25,0.5,0.5,0.820676,0.25,0.0,0.45,0.375,0.8036
0.735844,0.0833,0.5,0.5,0.735844,0.0833,0.0,1.0,0.125,0.3557
0.772799,0.125,0.5,0.5,0.772799,0.125,0.0,1.0,0.1875,0.6774
0.823647,0.0833,0.5,0.5,0.823647,0.0833,0.0,0.45,0.125,0.7265
0.80832,0.3333,0.5,0.5,0.80832,0.3333,0.0,1.0,0.5,0.7405
0.783229,0.375,0.5,0.5,0.783229,0.375,0.0,0.45,0.5625,0.6593
0.850077,0.3333,0.5,0.5,0.850077,0.3333,0.0,1.0,0.5,0.8246
0.770891,0.0833,0.5,0.5,0.770891,0.0833,0.0,1.0,0.125,0.3407
0.820245,0.0833,0.5,0.5,0.820245,0.0833,0.0,0.45,0.125,0.7054
0.770599,0.1667,0.5,0.5,0.770599,0.1667,0.0,1.0,0.25,0.7966
0.763388,0.0833,0.5,0.5,0.763388,0.0833,0.0,1.0,0.125,0.6423
0.73656,0.2917,0.5,0.5,0.73656,0.2917,0.0,1.0,0.4375,0.8948
0.783615,0.0417,0.5,0.5,0.783615,0.0417,0.0,0.8,0.0625,0.4599
0.78285,0.25,0.5,0.5,0.78285,0.25,0.0,1.0,0.375,0.6944
0.733735,0.1667,0.5,0.5,0.733735,0.1667,0.0,1.0,0.25,0.523
0.771095,0.1667,0.5,0.5,0.771095,0.1667,0.0,1.0,0.25,0.2715
0.831598,0.0417,0.5,0.5,0.831598,0.0417,0.0,1.0,0.0625,0.4389
0.750485,0.3333,0.5,0.5,0.750485,0.3333,0.0,1.0,0.5,0.8667
0.796891,0.2083,0.5,0.5,0.796891,0.2083,0.0,1.0,0.3125,0.8948
0.768461,0.125,0.5,0.5,0.768461,0.125,0.0,1.0,0.1875,0.6002
0.757508,0.0833,0.5,0.5,0.757508,0.0833,0.0,1.0,0.125,0.2505
0.773033,0.1667,0.5,0.5,0.773033,0.1667,0.0,1.0,0.25,0.5511
0.720755,0.1667,0.5,0.5,0.720755,0.1667,0.0,1.0,0.25,0.488
0.75479,0.1667,0.5,0.5,0.75479,0.1667,0.0,1.0,0.25,0.5792
0.775347,0.1667,0.5,0.5,0.775347,0.1667,0.0,1.0,0.25,0.3828
0.805533,0.125,0.5,0.5,0.805533,0.125,0.0,0.45,0.1875,0.9579
0.848915,0.2917,0.5,0.5,0.848915,0.2917,0.0,1.0,0.4375,0.8176
0.844616,0.125,0.5,0.5,0.844616,0.125,0.0,1.0,0.1875,0.6493
0.769125,0.0833,0.5,0.5,0.769125,0.0833,0.0,1.0,0.125,0.3407
0.774104,0.125,0.5,0.5,0.774104,0.125,0.0,1.0,0.1875,0.3968
0.825847,0.0417,0.5,0.5,0.825847,0.0417,0.0,0.45,0.0625,0.7756
0.743219,0.125,0.5,0.5,0.743219,0.125,0.0,1.0,0.1875,0.5651
0.79325,0.2917,0.5,0.5,0.79325,0.2917,0.0,1.0,0.4375,0.6703
0.74913,0.1667,0.5,0.5,0.74913,0.1667,0.0,1.0,0.25,0.6633
0.839843,0.2083,0.5,0.5,0.839843,0.2083,0.0,1.0,0.3125,0.7615
0.814122,0.1667,0.5,0.5,0.814122,0.1667,0.0,1.0,0.25,0.4599
0.838465,0.25,0.5,0.5,0.838465,0.25,0.0,1.0,0.375,0.7265
0.769803,0.1667,0.5,0.5,0.769803,0.1667,0.0,1.0,0.25,0.5731
0.822044,0.3333,0.5,0.5,0.822044,0.3333,0.0,1.0,0.5,0.7685
0.830383,0.2083,0.5,0.5,0.830383,0.2083,0.0,0.45,0.3125,0.5441
0.825921,0.0667,0.5,0.5,0.825921,0.0667,0.0,1.0,0.1001,0.4242
0.800453,0.0667,0.5,0.5,0.800453,0.0667,0.0,1.0,0.1001,0.1909
0.829436,0.1,0.5,0.5,0.829436,0.1,0.0,1.0,0.15,0.703
0.792326,0.0667,0.5,0.5,0.792326,0.0667,0.0,1.0,0.1001,0.2553
0.776019,0.1,0.5,0.5,0.776019,0.1,0.0,1.0,0.15,0.3227
0.873193,0.1,0.5,0.5,0.873193,0.1,0.0,1.0,0.15,0.3235
0.794853,0.1,0.5,0.5,0.794853,0.1,0.0,1.0,0.15,0.7583
0.837686,0.1,0.5,0.5,0.837686,0.1,0.0,1.0,0.15,0.2758
0.769252,0.1333,0.5,0.5,0.769252,0.1333,0.0,0.8,0.2,0.4727
0.752716,0.1333,0.5,0.5,0.752716,0.1333,0.0,1.0,0.2,0.4932
0.869195,0.0667,0.5,0.5,0.869195,0.0667,0.0,1.0,0.1001,0.3932
0.80902,0.0667,0.5,0.5,0.80902,0.0667,0.0,1.0,0.1001,0.6288
0.820014,0.1,0.5,0.5,0.820014,0.1,0.0,1.0,0.15,0.4644
0.818556,0.1333,0.5,0.5,0.818556,0.1333,0.0,1.0,0.2,0.3659
0.758773,0.0667,0.5,0.5,0.758773,0.0667,0.0,1.0,0.1001,0.0727
0.847109,0.1,0.5,0.5,0.847109,0.1,0.0,1.0,0.15,0.1962
0.847862,0.0667,0.5,0.5,0.847862,0.0667,0.0,1.0,0.1001,0.3394
0.81789,0.0667,0.5,0.5,0.81789,0.0667,0.0,1.0,0.1001,0.5576
0.813735,0.1,0.5,0.5,0.813735,0.1,0.0,1.0,0.15,0.5326
0.789187,0.1,0.5,0.5,0.789187,0.1,0.0,1.0,0.15,0.5197
0.80613,0.1333,0.5,0.5,0.80613,0.1333,0.0,1.0,0.2,0.6235
0.80961,0.1,0.5,0.5,0.80961,0.1,0.0,0.45,0.15,0.2492
0.772006,0.1333,0.5,0.5,0.772006,0.1333,0.0,1.0,0.2,0.4083
0.8274,0.2,0.5,0.5,0.8274,0.2,0.0,1.0,0.3,0.8939
0.821146,0.1667,0.5,0.5,0.821146,0.1667,0.0,1.0,0.25,0.7773
0.827551,0.2,0.5,0.5,0.827551,0.2,0.0,1.0,0.3,0.4485
0.783239,0.2333,0.5,0.5,0.783239,0.2333,0.0,1.0,0.3499,0.6023
0.885273,0.1,0.5,0.5,0.885273,0.1,0.0,1.0,0.15,0.9098
0.791642,0.1,0.5,0.5,0.791642,0.1,0.0,1.0,0.15,0.3553
0.83332,0.1333,0.5,0.5,0.83332,0.1333,0.0,1.0,0.2,0.7773
0.810998,0.1333,0.5,0.5,0.810998,0.1333,0.0,1.0,0.2,0.5803
0.79844,0.1333,0.5,0.5,0.79844,0.1333,0.0,1.0,0.2,0.2614
0.832937,0.1667,0.5,0.5,0.832937,0.1667,0.0,1.0,0.25,0.3614
0.736934,0.0333,0.5,0.5,0.736934,0.0333,0.0,0.8,0.05,0.2652
0.8093,0.1333,0.5,0.5,0.8093,0.1333,0.0,1.0,0.2,0.6015
0.735053,0.0667,0.5,0.5,0.735053,0.0667,0.0,1.0,0.1001,0.5
0.814219,0.1333,0.5,0.5,0.814219,0.1333,0.0,0.8,0.2,0.6152
0.83675,0.0667,0.5,0.5,0.83675,0.0667,0.0,1.0,0.1001,0.5144
0.796535,0.0667,0.5,0.5,0.796535,0.0667,0.0,1.0,0.1001,0.5886
0.841829,0.1,0.5,0.5,0.841829,0.1,0.0,1.0,0.15,0.8015
0.792405,0.2,0.5,0.5,0.792405,0.2,0.0,1.0,0.3,0.6174
0.762483,0.1,0.5,0.5,0.762483,0.1,0.0,1.0,0.15,0.425
0.769234,0.0667,0.5,0.5,0.769234,0.0667,0.0,1.0,0.1001,0.2432
0.78957,0.0333,0.5,0.5,0.78957,0.0333,0.0,1.0,0.05,0.4909
0.822837,0.0333,0.5,0.5,0.822837,0.0333,0.0,1.0,0.05,0.8348
0.840367,0.0667,0.5,0.5,0.840367,0.0667,0.0,1.0,0.1001,0.647
0.725759,0.2,0.5,0.5,0.725759,0.2,0.0,1.0,0.3,0.8568
0.820788,0.1333,0.5,0.5,0.820788,0.1333,0.0,0.45,0.2,0.7455
0.772136,0.0667,0.5,0.5,0.772136,0.0667,0.0,1.0,0.1001,0.2333
0.810448,0.1667,0.5,0.5,0.810448,0.1667,0.0,1.0,0.25,0.6098
0.797917,0.1,0.5,0.5,0.797917,0.1,0.0,1.0,0.15,0.7189
0.772392,0.1,0.5,0.5,0.772392,0.1,0.0,0.45,0.15,0.453
0.748753,0.0667,0.5,0.5,0.748753,0.0667,0.0,1.0,0.1001,0.297
0.730226,0.1333,0.5,0.5,0.730226,0.1333,0.0,1.0,0.2,0.3083
0.788419,0.1,0.5,0.5,0.788419,0.1,0.0,1.0,0.15,0.525
0.798753,0.1667,0.5,0.5,0.798753,0.1667,0.0,1.0,0.25,0.4932
0.805194,0.1,0.5,0.5,0.805194,0.1,0.0,1.0,0.15,0.6212
0.71915,0.1,0.5,0.5,0.71915,0.1,0.0,1.0,0.15,0.7614
0.789194,0.1,0.5,0.5,0.789194,0.1,0.0,1.0,0.15,0.3629
0.802009,0.1667,0.5,0.5,0.802009,0.1667,0.0,1.0,0.25,0.4985
0.814601,0.1,0.5,0.5,0.814601,0.1,0.0,1.0,0.15,0.7455
0.786079,0.1333,0.5,0.5,0.786079,0.1333,0.0,1.0,0.2,0.3288
0.763707,0.0667,0.5,0.5,0.763707,0.0667,0.0,1.0,0.1001,0.2386
0.79405,0.0333,0.5,0.5,0.79405,0.0333,0.0,1.0,0.05,0.3402
0.806907,0.1667,0.5,0.5,0.806907,0.1667,0.0,1.0,0.25,0.3606
0.809959,0.0667,0.5,0.5,0.809959,0.0667,0.0,0.45,0.1001,0.4432
0.782653,0.1,0.5,0.5,0.782653,0.1,0.0,1.0,0.15,0.2917
0.8137,0.1333,0.5,0.5,0.8137,0.1333,0.0,0.45,0.2,0.628
0.756372,0.1,0.5,0.5,0.756372,0.1,0.0,1.0,0.15,0.3311
0.773078,0.1667,0.5,0.5,0.773078,0.1667,0.0,1.0,0.25,0.6182
0.795176,0.2,0.5,0.5,0.795176,0.2,0.0,0.45,0.3,0.6068
0.726823,0.1,0.5,0.5,0.726823,0.1,0.0,1.0,0.15,0.1114
0.783089,0.1667,0.5,0.5,0.783089,0.1667,0.0,1.0,0.25,0.6341
0.798748,0.1667,0.5,0.5,0.798748,0.1667,0.0,1.0,0.25,0.5697
0.765232,0.1,0.5,0.5,0.765232,0.1,0.0,1.0,0.15,0.4561
0.726797,0.1333,0.5,0.5,0.726797,0.1333,0.0,1.0,0.2,0.6545
0.790926,0.1333,0.5,0.5,0.790926,0.1333,0.0,1.0,0.2,0.4485
0.804775,0.1,0.5,0.5,0.804775,0.1,0.0,1.0,0.15,0.65
0.792967,0.0667,0.5,0.5,0.792967,0.0667,0.0,1.0,0.1001,0.3955
0.788065,0.1333,0.5,0.5,0.788065,0.1333,0.0,1.0,0.2,0.8356
0.785231,0.1667,0.5,0.5,0.785231,0.1667,0.0,0.45,0.25,0.3394
0.81906,0.1333,0.5,0.5,0.81906,0.1333,0.0,1.0,0.2,0.7561
0.812549,0.1333,0.5,0.5,0.812549,0.1333,0.0,0.45,0.2,0.4189
0.788182,0.0667,0.5,0.5,0.788182,0.0667,0.0,1.0,0.1001,0.6068
0.813353,0.0667,0.5,0.5,0.813353,0.0667,0.0,1.0,0.1001,0.472
0.811992,0.1,0.5,0.5,0.811992,0.1,0.0,1.0,0.15,0.6447
0.813718,0.2333,0.5,0.5,0.813718,0.2333,0.0,1.0,0.3499,0.7879
0.757447,0.1333,0.5,0.5,0.757447,0.1333,0.0,1.0,0.2,0.6235
0.764947,0.1333,0.5,0.5,0.764947,0.1333,0.0,0.45,0.2,0.5538
0.771964,0.0667,0.5,0.5,0.771964,0.0667,0.0,1.0,0.1001,0.472
0.845513,0.1333,0.5,0.5,0.845513,0.1333,0.0,1.0,0.2,0.5939
0.804981,0.0667,0.5,0.5,0.804981,0.0667,0.0,1.0,0.1001,0.3947
0.818693,0.1333,0.5,0.5,0.818693,0.1333,0.0,1.0,0.2,0.5523
0.777727,0.0667,0.5,0.5,0.777727,0.0667,0.0,1.0,0.1001,0.2402
0.753544,0.2,0.5,0.5,0.753544,0.2,0.0,1.0,0.3,0.4955
0.809146,0.1,0.5,0.5,0.809146,0.1,0.0,1.0,0.15,0.4455
0.780326,0.0667,0.5,0.5,0.780326,0.0667,0.0,1.0,0.1001,0.6523
0.79681,0.1,0.5,0.5,0.79681,0.1,0.0,1.0,0.15,0.2871
0.807914,0.0667,0.5,0.5,0.807914,0.0667,0.0,1.0,0.1001,0.4136
0.730054,0.1667,0.5,0.5,0.730054,0.1667,0.0,1.0,0.25,0.3341
0.861109,0.1333,0.5,0.5,0.861109,0.1333,0.0,1.0,0.2,0.8295
0.775751,0.0667,0.5,0.5,0.775751,0.0667,0.0,1.0,0.1001,0.2068
0.788026,0.1,0.5,0.5,0.788026,0.1,0.0,0.45,0.15,0.4561
0.818332,0.1333,0.5,0.5,0.818332,0.1333,0.0,0.45,0.2,0.2765
0.77182,0.1333,0.5,0.5,0.77182,0.1333,0.0,1.0,0.2,0.35
0.792524,0.1,0.5,0.5,0.792524,0.1,0.0,1.0,0.15,0.6848
0.823428,0.1,0.5,0.5,0.823428,0.1,0.0,1.0,0.15,0.722
0.734253,0.1667,0.5,0.5,0.734253,0.1667,0.0,1.0,0.25,0.7689
0.806392,0.0667,0.5,0.5,0.806392,0.0667,0.0,1.0,0.1001,0.5697
0.805379,0.0667,0.5,0.5,0.805379,0.0667,0.0,1.0,0.1001,0.3659
0.682205,0.0667,0.5,0.5,0.682205,0.0667,0.0,1.0,0.1001,0.3076
0.787975,0.4,0.5,0.5,0.787975,0.4,0.0,1.0,0.6,0.7129
0.793125,0.1,0.5,0.5,0.793125,0.1,0.0,0.45,0.15,0.6235
0.8165,0.1333,0.5,0.5,0.8165,0.1333,0.0,1.0,0.2,0.6023
0.825366,0.1333,0.5,0.5,0.825366,0.1333,0.0,1.0,0.2,0.7288
0.802893,0.1034,0.5,0.5,0.802893,0.1034,0.0,1.0,0.1551,0.544
0.800338,0.1379,0.5,0.5,0.800338,0.1379,0.0,1.0,0.2068,0.316
0.75994,0.1034,0.5,0.5,0.75994,0.1034,0.0,1.0,0.1551,0.1971
0.754175,0.069,0.5,0.5,0.754175,0.069,0.0,1.0,0.1035,0.2305
0.864063,0.1379,0.5,0.5,0.864063,0.1379,0.0,0.45,0.2068,0.6295
0.807047,0.1379,0.5,0.5,0.807047,0.1379,0.0,1.0,0.2068,0.3795
0.78498,0.1034,0.5,0.5,0.78498,0.1034,0.0,1.0,0.1551,0.1344
0.77467,0.069,0.5,0.5,0.77467,0.069,0.0,1.0,0.1035,0.1344
0.807371,0.0345,0.5,0.5,0.807371,0.0345,0.0,1.0,0.0518,0.4414
0.772188,0.1034,0.5,0.5,0.772188,0.1034,0.0,1.0,0.1551,0.3339
0.767927,0.0345,0.5,0.5,0.767927,0.0345,0.0,0.45,0.0518,0.171
0.772381,0.1379,0.5,0.5,0.772381,0.1379,0.0,0.45,0.2068,0.5383
0.78518,0.069,0.5,0.5,0.78518,0.069,0.0,1.0,0.1035,0.1995
0.773055,0.069,0.5,0.5,0.773055,0.069,0.0,1.0,0.1035,0.3567
0.809542,0.0345,0.5,0.5,0.809542,0.0345,0.0,1.0,0.0518,0.1995
0.760765,0.069,0.5,0.5,0.760765,0.069,0.0,1.0,0.1035,0.2134
0.767007,0.1034,0.5,0.5,0.767007,0.1034,0.0,1.0,0.1551,0.3624
0.775212,0.1379,0.5,0.5,0.775212,0.1379,0.0,1.0,0.2068,0.4422
0.813639,0.1724,0.5,0.5,0.813639,0.1724,0.0,1.0,0.2586,0.4047
0.743045,0.1034,0.5,0.5,0.743045,0.1034,0.0,1.0,0.1551,0.2142
0.757426,0.1034,0.5,0.5,0.757426,0.1034,0.0,1.0,0.1551,0.2679
0.798268,0.1034,0.5,0.5,0.798268,0.1034,0.0,1.0,0.1551,0.3567
0.761604,0.069,0.5,0.5,0.761604,0.069,0.0,1.0,0.1035,0.4528
0.767538,0.1724,0.5,0.5,0.767538,0.1724,0.0,1.0,0.2586,0.4422
0.744325,0.0345,0.5,0.5,0.744325,0.0345,0.0,1.0,0.0518,0.5212
0.744664,0.0345,0.5,0.5,0.744664,0.0345,0.0,1.0,0.0518,0.1034
0.766772,0.069,0.5,0.5,0.766772,0.069,0.0,1.0,0.1035,0.2826
0.773961,0.069,0.5,0.5,0.773961,0.069,0.0,0.45,0.1035,0.1971
0.775377,0.0345,0.5,0.5,0.775377,0.0345,0.0,0.8,0.0518,0.7264
0.722295,0.069,0.5,0.5,0.722295,0.069,0.0,1.0,0.1035,0.5
0.753127,0.069,0.5,0.5,0.753127,0.069,0.0,1.0,0.1035,0.3624
0.76152,0.069,0.5,0.5,0.76152,0.069,0.0,1.0,0.1035,0.123
0.741416,0.1379,0.5,0.5,0.741416,0.1379,0.0,1.0,0.2068,0.4251
0.723274,0.069,0.5,0.5,0.723274,0.069,0.0,0.8,0.1035,0.2223
0.798237,0.0345,0.5,0.5,0.798237,0.0345,0.0,1.0,0.0518,0.4023
0.733135,0.1724,0.5,0.5,0.733135,0.1724,0.0,1.0,0.2586,0.2142
0.738668,0.1034,0.5,0.5,0.738668,0.1034,0.0,1.0,0.1551,0.2223
0.776575,0.1034,0.5,0.5,0.776575,0.1034,0.0,1.0,0.1551,0.4308
0.789488,0.1034,0.5,0.5,0.789488,0.1034,0.0,1.0,0.1551,0.2972
0.740627,0.069,0.5,0.5,0.740627,0.069,0.0,1.0,0.1035,0.5472
0.79128,0.1034,0.5,0.5,0.79128,0.1034,0.0,1.0,0.1551,0.3274
0.777076,0.1724,0.5,0.5,0.777076,0.1724,0.0,0.45,0.2586,0.7036
0.761467,0.069,0.5,0.5,0.761467,0.069,0.0,1.0,0.1035,0.373
0.740056,0.069,0.5,0.5,0.740056,0.069,0.0,1.0,0.1035,0.487
0.745857,0.069,0.5,0.5,0.745857,0.069,0.0,1.0,0.1035,0.4959
0.744291,0.1034,0.5,0.5,0.744291,0.1034,0.0,1.0,0.1551,0.342
0.718434,0.069,0.5,0.5,0.718434,0.069,0.0,1.0,0.1035,0.1604
0.749783,0.1379,0.5,0.5,0.749783,0.1379,0.0,1.0,0.2068,0.1824
0.771623,0.0345,0.5,0.5,0.771623,0.0345,0.0,0.45,0.0518,0.2655
0.819043,0.0345,0.5,0.5,0.819043,0.0345,0.0,1.0,0.0518,0.5326
0.726763,0.069,0.5,0.5,0.726763,0.069,0.0,1.0,0.1035,0.3225
0.742337,0.0345,0.5,0.5,0.742337,0.0345,0.0,1.0,0.0518,0.3795
0.717713,0.0345,0.5,0.5,0.717713,0.0345,0.0,1.0,0.0518,0.206
0.803768,0.2069,0.5,0.5,0.803768,0.2069,0.0,1.0,0.3104,0.4422
0.750212,0.1724,0.5,0.5,0.750212,0.1724,0.0,1.0,0.2586,0.2223
0.746656,0.069,0.5,0.5,0.746656,0.069,0.0,1.0,0.1035,0.2541
0.807133,0.1724,0.5,0.5,0.807133,0.1724,0.0,1.0,0.2586,0.4422
0.77264,0.1034,0.5,0.5,0.77264,0.1034,0.0,1.0,0.1551,0.5529
0.771455,0.069,0.5,0.5,0.771455,0.069,0.0,0.45,0.1035,0.2028
0.774676,0.0345,0.5,0.5,0.774676,0.0345,0.0,1.0,0.0518,0.2932
0.753241,0.1724,0.5,0.5,0.753241,0.1724,0.0,0.45,0.2586,0.2427
0.799489,0.069,0.5,0.5,0.799489,0.069,0.0,1.0,0.1035,0.4528
0.765626,0.1034,0.5,0.5,0.765626,0.1034,0.0,1.0,0.1551,0.4275
0.810734,0.069,0.5,0.5,0.810734,0.069,0.0,1.0,0.1035,0.237
0.723396,0.0345,0.5,0.5,0.723396,0.0345,0.0,1.0,0.0518,0.5
0.778084,0.1379,0.5,0.5,0.778084,0.1379,0.0,1.0,0.2068,0.5163
0.761907,0.1379,0.5,0.5,0.761907,0.1379,0.0,1.0,0.2068,0.5106
0.746232,0.069,0.5,0.5,0.746232,0.069,0.0,1.0,0.1035,0.1971
0.809691,0.1724,0.5,0.5,0.809691,0.1724,0.0,1.0,0.2586,0.5326
0.763664,0.1379,0.5,0.5,0.763664,0.1379,0.0,1.0,0.2068,0.3624
0.844387,0.069,0.5,0.5,0.844387,0.069,0.0,0.45,0.1035,0.2972
0.783096,0.1034,0.5,0.5,0.783096,0.1034,0.0,1.0,0.1551,0.2109
0.767646,0.0,0.5,0.5,0.767646,0.0,0.0,1.0,0.0,0.373
0.787868,0.1034,0.5,0.5,0.787868,0.1034,0.0,1.0,0.1551,0.1572
0.76859,0.069,0.5,0.5,0.76859,0.069,0.0,1.0,0.1035,0.2199
0.773169,0.069,0.5,0.5,0.773169,0.069,0.0,1.0,0.1035,0.5326
0.727638,0.0345,0.5,0.5,0.727638,0.0345,0.0,1.0,0.0518,0.237
0.777711,0.1724,0.5,0.5,0.777711,0.1724,0.0,1.0,0.2586,0.4959
0.753504,0.0345,0.5,0.5,0.753504,0.0345,0.0,1.0,0.0518,0.1621
0.701569,0.0345,0.5,0.5,0.701569,0.0345,0.0,1.0,0.0518,0.0896
0.787864,0.2069,0.5,0.5,0.787864,0.2069,0.0,1.0,0.3104,0.5871
0.76041,0.1379,0.5,0.5,0.76041,0.1379,0.0,0.45,0.2068,0.2427
0.805402,0.1034,0.5,0.5,0.805402,0.1034,0.0,1.0,0.1551,0.4422
0.781537,0.0345,0.5,0.5,0.781537,0.0345,0.0,1.0,0.0518,0.3054
0.760021,0.1034,0.5,0.5,0.760021,0.1034,0.0,1.0,0.1551,0.2256
0.777281,0.1034,0.5,0.5,0.777281,0.1034,0.0,1.0,0.1551,0.1026
0.757088,0.0,0.5,0.5,0.757088,0.0,0.0,1.0,0.0,0.2028
0.782293,0.1034,0.5,0.5,0.782293,0.1034,0.0,1.0,0.1551,0.2997
0.769012,0.0345,0.5,0.5,0.769012,0.0345,0.0,1.0,0.0518,0.2663
0.770926,0.0345,0.5,0.5,0.770926,0.0345,0.0,1.0,0.0518,0.2606
0.764168,0.1034,0.5,0.5,0.764168,0.1034,0.0,0.45,0.1551,0.4194
0.791509,0.069,0.5,0.5,0.791509,0.069,0.0,1.0,0.1035,0.2435
0.702779,0.0345,0.5,0.5,0.702779,0.0345,0.0,1.0,0.0518,0.1694
0.751382,0.069,0.5,0.5,0.751382,0.069,0.0,1.0,0.1035,0.298
0.746369,0.0345,0.5,0.5,0.746369,0.0345,0.0,1.0,0.0518,0.2427
0.750913,0.1379,0.5,0.5,0.750913,0.1379,0.0,1.0,0.2068,0.522
0.789264,0.1379,0.5,0.5,0.789264,0.1379,0.0,1.0,0.2068,0.6238
0.730987,0.069,0.5,0.5,0.730987,0.069,0.0,1.0,0.1035,0.3738
0.739604,0.069,0.5,0.5,0.739604,0.069,0.0,1.0,0.1035,0.2378
0.798912,0.1379,0.5,0.5,0.798912,0.1379,0.0,1.0,0.2068,0.5106
0.786192,0.0,0.5,0.5,0.786192,0.0,0.0,1.0,0.0,0.1181
0.802931,0.1724,0.5,0.5,0.802931,0.1724,0.0,1.0,0.2586,0.5114
0.729783,0.0345,0.5,0.5,0.729783,0.0345,0.0,1.0,0.0518,0.0611
0.834569,0.0909,0.5,0.5,0.834569,0.0909,0.0,1.0,0.1363,0.2595
0.874927,0.1212,0.5,0.5,0.874927,0.1212,0.0,1.0,0.1818,0.4662
0.871374,0.0606,0.5,0.5,0.871374,0.0606,0.0,1.0,0.0909,0.2075
0.867362,0.1515,0.5,0.5,0.867362,0.1515,0.0,1.0,0.2273,0.6456
0.779076,0.0606,0.5,0.5,0.779076,0.0606,0.0,1.0,0.0909,0.3404
0.840576,0.0,0.5,0.5,0.840576,0.0,0.0,1.0,0.0,0.334
0.798013,0.1212,0.5,0.5,0.798013,0.1212,0.0,1.0,0.1818,0.2124
0.841943,0.1212,0.5,0.5,0.841943,0.1212,0.0,1.0,0.1818,0.4163
0.812252,0.0909,0.5,0.5,0.812252,0.0909,0.0,1.0,0.1363,0.3481
0.83484,0.1212,0.5,0.5,0.83484,0.1212,0.0,1.0,0.1818,0.4782
0.801679,0.1818,0.5,0.5,0.801679,0.1818,0.0,1.0,0.2727,0.5127
0.786548,0.1212,0.5,0.5,0.786548,0.1212,0.0,1.0,0.1818,0.4339
0.750345,0.1515,0.5,0.5,0.750345,0.1515,0.0,1.0,0.2273,0.3847
0.796025,0.1212,0.5,0.5,0.796025,0.1212,0.0,1.0,0.1818,0.308
0.866315,0.0909,0.5,0.5,0.866315,0.0909,0.0,1.0,0.1363,0.3523
0.818063,0.1212,0.5,0.5,0.818063,0.1212,0.0,1.0,0.1818,0.2419
0.796574,0.1212,0.5,0.5,0.796574,0.1212,0.0,1.0,0.1818,0.1294
0.839324,0.0606,0.5,0.5,0.839324,0.0606,0.0,1.0,0.0909,0.3896
0.791977,0.0909,0.5,0.5,0.791977,0.0909,0.0,1.0,0.1363,0.6013
0.833262,0.1212,0.5,0.5,0.833262,0.1212,0.0,1.0,0.1818,0.3207
0.783896,0.0909,0.5,0.5,0.783896,0.0909,0.0,1.0,0.1363,0.1779
0.812111,0.1818,0.5,0.5,0.812111,0.1818,0.0,1.0,0.2727,0.3748
0.817337,0.2121,0.5,0.5,0.817337,0.2121,0.0,1.0,0.3182,0.5914
0.822409,0.0606,0.5,0.5,0.822409,0.0606,0.0,1.0,0.0909,0.4311
0.831094,0.1515,0.5,0.5,0.831094,0.1515,0.0,1.0,0.2273,0.6702
0.771418,0.1212,0.5,0.5,0.771418,0.1212,0.0,1.0,0.1818,0.4044
0.80182,0.0909,0.5,0.5,0.80182,0.0909,0.0,0.8,0.1363,0.5049
0.774981,0.0606,0.5,0.5,0.774981,0.0606,0.0,1.0,0.0909,0.1927
0.748973,0.0909,0.5,0.5,0.748973,0.0909,0.0,1.0,0.1363,0.1779
0.787882,0.0909,0.5,0.5,0.787882,0.0909,0.0,0.8,0.1363,0.121
0.780353,0.0909,0.5,0.5,0.780353,0.0909,0.0,1.0,0.1363,0.493
0.769481,0.1515,0.5,0.5,0.769481,0.1515,0.0,1.0,0.2273,0.3847
0.785998,0.0,0.5,0.5,0.785998,0.0,0.0,1.0,0.0,0.185
0.816853,0.1515,0.5,0.5,0.816853,0.1515,0.0,1.0,0.2273,0.7194
0.794352,0.0909,0.5,0.5,0.794352,0.0909,0.0,1.0,0.1363,0.3256
0.793872,0.0303,0.5,0.5,0.793872,0.0303,0.0,1.0,0.0455,0.1301
0.731565,0.0303,0.5,0.5,0.731565,0.0303,0.0,0.8,0.0455,0.0675
0.755165,0.0606,0.5,0.5,0.755165,0.0606,0.0,0.75,0.0909,0.5443
0.810818,0.0909,0.5,0.5,0.810818,0.0909,0.0,1.0,0.1363,0.4311
0.772175,0.1212,0.5,0.5,0.772175,0.1212,0.0,1.0,0.1818,0.5323
0.827503,0.0909,0.5,0.5,0.827503,0.0909,0.0,1.0,0.1363,0.3917
0.77295,0.1212,0.5,0.5,0.77295,0.1212,0.0,1.0,0.1818,0.616
0.833537,0.1212,0.5,0.5,0.833537,0.1212,0.0,1.0,0.1818,0.7342
0.804456,0.1212,0.5,0.5,0.804456,0.1212,0.0,0.8,0.1818,0.5422
0.808399,0.1212,0.5,0.5,0.808399,0.1212,0.0,1.0,0.1818,0.3797
0.774104,0.1515,0.5,0.5,0.774104,0.1515,0.0,1.0,0.2273,0.5717
0.782747,0.0303,0.5,0.5,0.782747,0.0303,0.0,1.0,0.0455,0.7883
0.806952,0.0606,0.5,0.5,0.806952,0.0606,0.0,1.0,0.0909,0.6083
0.7462,0.0909,0.5,0.5,0.7462,0.0909,0.0,1.0,0.1363,0.3699
0.767401,0.0909,0.5,0.5,0.767401,0.0909,0.0,1.0,0.1363,0.3031
0.777183,0.1212,0.5,0.5,0.777183,0.1212,0.0,1.0,0.1818,0.4191
0.717218,0.0909,0.5,0.5,0.717218,0.0909,0.0,1.0,0.1363,0.2911
0.749721,0.0909,0.5,0.5,0.749721,0.0909,0.0,1.0,0.1363,0.2961
0.774172,0.0606,0.5,0.5,0.774172,0.0606,0.0,1.0,0.0909,0.1681
0.749218,0.0606,0.5,0.5,0.749218,0.0606,0.0,1.0,0.0909,0.0506
0.847966,0.2121,0.5,0.5,0.847966,0.2121,0.0,1.0,0.3182,0.5225
0.798934,0.0909,0.5,0.5,0.798934,0.0909,0.0,1.0,0.1363,0.4065
0.760021,0.0909,0.5,0.5,0.760021,0.0909,0.0,1.0,0.1363,0.2173
0.818433,0.1212,0.5,0.5,0.818433,0.1212,0.0,1.0,0.1818,0.5619
0.7657,0.0909,0.5,0.5,0.7657,0.0909,0.0,1.0,0.1363,0.3059
0.816129,0.1818,0.5,0.5,0.816129,0.1818,0.0,1.0,0.2727,0.616
0.826707,0.1212,0.5,0.5,0.826707,0.1212,0.0,1.0,0.1818,0.6062
0.762452,0.0909,0.5,0.5,0.762452,0.0909,0.0,1.0,0.1363,0.4782
0.804835,0.0,0.5,0.5,0.804835,0.0,0.0,0.45,0.0,0.429
0.784356,0.1212,0.5,0.5,0.784356,0.1212,0.0,1.0,0.1818,0.4459
0.8074,0.1515,0.5,0.5,0.8074,0.1515,0.0,1.0,0.2273,0.616
0.775163,0.0606,0.5,0.5,0.775163,0.0606,0.0,1.0,0.0909,0.0148
0.784654,0.0909,0.5,0.5,0.784654,0.0909,0.0,1.0,0.1363,0.429
0.754759,0.0606,0.5,0.5,0.754759,0.0606,0.0,1.0,0.0909,0.3601
0.69987,0.0606,0.5,0.5,0.69987,0.0606,0.0,1.0,0.0909,0.372
0.740053,0.0606,0.5,0.5,0.740053,0.0606,0.0,1.0,0.0909,0.2173
0.76169,0.0303,0.5,0.5,0.76169,0.0303,0.0,1.0,0.0455,0.2489
0.797856,0.0909,0.5,0.5,0.797856,0.0909,0.0,0.8,0.1363,0.4655
0.753388,0.0909,0.5,0.5,0.753388,0.0909,0.0,1.0,0.1363,0.3601
0.828363,0.0303,0.5,0.5,0.828363,0.0303,0.0,1.0,0.0455,0.3523
0.769082,0.1515,0.5,0.5,0.769082,0.1515,0.0,1.0,0.2273,0.3207
0.769503,0.1212,0.5,0.5,0.769503,0.1212,0.0,0.45,0.1818,0.3896
0.751017,0.0909,0.5,0.5,0.751017,0.0909,0.0,1.0,0.1363,0.429
0.8242,0.0,0.5,0.5,0.8242,0.0,0.0,1.0,0.0,0.1667
0.774974,0.0303,0.5,0.5,0.774974,0.0303,0.0,1.0,0.0455,0.0802
0.756826,0.0909,0.5,0.5,0.756826,0.0909,0.0,1.0,0.1363,0.4142
0.779405,0.0606,0.5,0.5,0.779405,0.0606,0.0,1.0,0.0909,0.3572
0.737572,0.0606,0.5,0.5,0.737572,0.0606,0.0,1.0,0.0909,0.1779
0.772843,0.1515,0.5,0.5,0.772843,0.1515,0.0,1.0,0.2273,0.3354
0.818272,0.0909,0.5,0.5,0.818272,0.0909,0.0,1.0,0.1363,0.6181
0.808334,0.0606,0.5,0.5,0.808334,0.0606,0.0,1.0,0.0909,0.4733
0.774792,0.0909,0.5,0.5,0.774792,0.0909,0.0,1.0,0.1363,0.4437
0.791951,0.1212,0.5,0.5,0.791951,0.1212,0.0,1.0,0.1818,0.1779
0.785331,0.0606,0.5,0.5,0.785331,0.0606,0.0,1.0,0.0909,0.3945
0.812364,0.0909,0.5,0.5,0.812364,0.0909,0.0,1.0,0.1363,0.3242
0.724875,0.0303,0.5,0.5,0.724875,0.0303,0.0,1.0,0.0455,0.1153
0.753797,0.0909,0.5,0.5,0.753797,0.0909,0.0,1.0,0.1363,0.2419
0.789426,0.1212,0.5,0.5,0.789426,0.1212,0.0,1.0,0.1818,0.2518
0.761395,0.0909,0.5,0.5,0.761395,0.0909,0.0,1.0,0.1363,0.301
0.818701,0.0303,0.5,0.5,0.818701,0.0303,0.0,1.0,0.0455,0.1491
0.758259,0.0606,0.5,0.5,0.758259,0.0606,0.0,1.0,0.0909,0.1751
0.73296,0.0606,0.5,0.5,0.73296,0.0606,0.0,1.0,0.0909,0.1779
0.821856,0.0909,0.5,0.5,0.821856,0.0909,0.0,1.0,0.1363,0.1779
0.742014,0.0606,0.5,0.5,0.742014,0.0606,0.0,0.45,0.0909,0.4388
0.771125,0.0909,0.5,0.5,0.771125,0.0909,0.0,1.0,0.1363,0.5127
0.74892,0.2121,0.5,0.5,0.74892,0.2121,0.0,1.0,0.3182,0.4409
0.817703,0.1212,0.5,0.5,0.817703,0.1212,0.0,1.0,0.1818,0.4733
0.726345,0.0909,0.5,0.5,0.726345,0.0909,0.0,1.0,0.1363,0.3354
0.794538,0.1212,0.5,0.5,0.794538,0.1212,0.0,0.8,0.1818,0.7194
0.722324,0.0909,0.5,0.5,0.722324,0.0909,0.0,1.0,0.1363,0.3305
0.837588,0.1515,0.5,0.5,0.837588,0.1515,0.0,1.0,0.2273,0.7194
0.775688,0.0909,0.5,0.5,0.775688,0.0909,0.0,1.0,0.1363,0.2419
0.747417,0.1515,0.5,0.5,0.747417,0.1515,0.0,1.0,0.2273,0.5471
0.781038,0.1212,0.5,0.5,0.781038,0.1212,0.0,0.8,0.1818,0.3305
0.796377,0.0909,0.5,0.5,0.796377,0.0909,0.0,1.0,0.1363,0.5373
0.81879,0.1515,0.5,0.5,0.81879,0.1515,0.0,1.0,0.2273,0.7932
0.75362,0.1212,0.5,0.5,0.75362,0.1212,0.0,1.0,0.1818,0.4684
0.756019,0.1212,0.5,0.5,0.756019,0.1212,0.0,1.0,0.1818,0.2518
0.775186,0.0606,0.5,0.5,0.775186,0.0606,0.0,1.0,0.0909,0.1301
0.798199,0.0606,0.5,0.5,0.798199,0.0606,0.0,1.0,0.0909,0.1779
0.751017,0.0909,0.5,0.5,0.751017,0.0909,0.0,1.0,0.1363,0.4015
