sem_bge,comp_bge,exp_bge,form_bge,skills_raw,edu_gap_norm,domain_compat_score,label,domain_name,domain_match
0.8375,0.875,1.0,1.0,0.875,0.0,1.0,0.792,Développement React/Frontend,same
0.8375,0.875,1.0,1.0,0.875,0.0,1.0,0.7917,Développement React/Frontend,same
0.8375,0.875,1.0,1.0,0.875,0.0,1.0,0.7924,Développement React/Frontend,same
0.8375,0.875,1.0,0.8,0.875,0.2,1.0,0.8022,Développement React/Frontend,same
0.8375,0.875,1.0,0.8,0.875,0.2,1.0,0.7922,Développement React/Frontend,same
0.8375,0.875,1.0,0.8,0.875,0.2,1.0,0.7758,Développement React/Frontend,same
0.8375,0.875,1.0,0.6,0.875,0.4,1.0,0.7977,Développement React/Frontend,same
0.8375,0.875,1.0,0.6,0.875,0.4,1.0,0.7905,Développement React/Frontend,same
0.8375,0.875,1.0,0.6,0.875,0.4,1.0,0.7911,Développement React/Frontend,same
0.775,0.75,1.0,1.0,0.75,0.0,1.0,0.7389,Développement React/Frontend,same
0.775,0.75,1.0,1.0,0.75,0.0,1.0,0.7403,Développement React/Frontend,same
0.775,0.75,1.0,1.0,0.75,0.0,1.0,0.7515,Développement React/Frontend,same
0.775,0.75,1.0,0.8,0.75,0.2,1.0,0.7454,Développement React/Frontend,same
0.775,0.75,1.0,0.8,0.75,0.2,1.0,0.7388,Développement React/Frontend,same
0.775,0.75,1.0,0.8,0.75,0.2,1.0,0.7286,Développement React/Frontend,same
0.775,0.75,1.0,0.6,0.75,0.4,1.0,0.7253,Développement React/Frontend,same
0.775,0.75,1.0,0.6,0.75,0.4,1.0,0.7405,Développement React/Frontend,same
0.775,0.75,1.0,0.6,0.75,0.4,1.0,0.7532,Développement React/Frontend,same
0.7125,0.625,1.0,1.0,0.625,0.0,1.0,0.6817,Développement React/Frontend,same
0.7125,0.625,1.0,1.0,0.625,0.0,1.0,0.68,Développement React/Frontend,same
0.7125,0.625,1.0,1.0,0.625,0.0,1.0,0.6876,Développement React/Frontend,same
0.7125,0.625,1.0,0.8,0.625,0.2,1.0,0.6638,Développement React/Frontend,same
0.7125,0.625,1.0,0.8,0.625,0.2,1.0,0.6775,Développement React/Frontend,same
0.7125,0.625,1.0,0.8,0.625,0.2,1.0,0.6871,Développement React/Frontend,same
0.7125,0.625,1.0,0.6,0.625,0.4,1.0,0.6917,Développement React/Frontend,same
0.7125,0.625,1.0,0.6,0.625,0.4,1.0,0.6784,Développement React/Frontend,same
0.7125,0.625,1.0,0.6,0.625,0.4,1.0,0.6858,Développement React/Frontend,same
0.65,0.5,1.0,1.0,0.5,0.0,1.0,0.628,Développement React/Frontend,same
0.65,0.5,1.0,1.0,0.5,0.0,1.0,0.6344,Développement React/Frontend,same
0.65,0.5,1.0,1.0,0.5,0.0,1.0,0.6116,Développement React/Frontend,same
0.65,0.5,1.0,0.8,0.5,0.2,1.0,0.6318,Développement React/Frontend,same
0.65,0.5,1.0,0.8,0.5,0.2,1.0,0.6068,Développement React/Frontend,same
0.65,0.5,1.0,0.8,0.5,0.2,1.0,0.5936,Développement React/Frontend,same
0.65,0.5,1.0,0.6,0.5,0.4,1.0,0.6177,Développement React/Frontend,same
0.65,0.5,1.0,0.6,0.5,0.4,1.0,0.614,Développement React/Frontend,same
0.65,0.5,1.0,0.6,0.5,0.4,1.0,0.6355,Développement React/Frontend,same
0.525,0.25,1.0,1.0,0.25,0.0,1.0,0.5205,Développement React/Frontend,same
0.525,0.25,1.0,1.0,0.25,0.0,1.0,0.4979,Développement React/Frontend,same
0.525,0.25,1.0,1.0,0.25,0.0,1.0,0.5227,Développement React/Frontend,same
0.525,0.25,1.0,0.8,0.25,0.2,1.0,0.5005,Développement React/Frontend,same
0.525,0.25,1.0,0.8,0.25,0.2,1.0,0.5115,Développement React/Frontend,same
0.525,0.25,1.0,0.8,0.25,0.2,1.0,0.509,Développement React/Frontend,same
0.525,0.25,1.0,0.6,0.25,0.4,1.0,0.5139,Développement React/Frontend,same
0.525,0.25,1.0,0.6,0.25,0.4,1.0,0.5223,Développement React/Frontend,same
0.525,0.25,1.0,0.6,0.25,0.4,1.0,0.5202,Développement React/Frontend,same
0.4625,0.125,1.0,1.0,0.125,0.0,0.65,0.2917,Développement React/Frontend,adjacent
0.4625,0.125,1.0,0.8,0.125,0.2,0.65,0.2953,Développement React/Frontend,adjacent
0.4625,0.125,1.0,1.0,0.125,0.0,0.65,0.2932,Développement React/Frontend,adjacent
0.4625,0.125,1.0,0.8,0.125,0.2,0.65,0.28,Développement React/Frontend,adjacent
0.4625,0.125,1.0,1.0,0.125,0.0,0.65,0.2789,Développement React/Frontend,adjacent
0.4625,0.125,1.0,0.8,0.125,0.2,0.65,0.2819,Développement React/Frontend,adjacent
0.4,0.0,1.0,1.0,0.0,0.0,0.0,0.056,Développement React/Frontend,different
0.4,0.0,1.0,0.6,0.0,0.4,0.0,0.0402,Développement React/Frontend,different
0.4,0.0,1.0,0.8,0.0,0.2,0.0,0.04,Développement React/Frontend,different
0.4,0.0,1.0,1.0,0.0,-0.2,0.0,0.0466,Développement React/Frontend,different
0.8375,0.875,1.0,1.0,0.875,0.0,1.0,0.8209,Développement Backend Python/Django,same
0.8375,0.875,1.0,1.0,0.875,0.0,1.0,0.7905,Développement Backend Python/Django,same
0.8375,0.875,1.0,1.0,0.875,0.0,1.0,0.7859,Développement Backend Python/Django,same
0.8375,0.875,1.0,0.8,0.875,0.2,1.0,0.7845,Développement Backend Python/Django,same
0.8375,0.875,1.0,0.8,0.875,0.2,1.0,0.8121,Développement Backend Python/Django,same
0.8375,0.875,1.0,0.8,0.875,0.2,1.0,0.8147,Développement Backend Python/Django,same
0.8375,0.875,1.0,0.6,0.875,0.4,1.0,0.8014,Développement Backend Python/Django,same
0.8375,0.875,1.0,0.6,0.875,0.4,1.0,0.7979,Développement Backend Python/Django,same
0.8375,0.875,1.0,0.6,0.875,0.4,1.0,0.7823,Développement Backend Python/Django,same
0.775,0.75,1.0,1.0,0.75,0.0,1.0,0.7618,Développement Backend Python/Django,same
0.775,0.75,1.0,1.0,0.75,0.0,1.0,0.7482,Développement Backend Python/Django,same
0.775,0.75,1.0,1.0,0.75,0.0,1.0,0.7201,Développement Backend Python/Django,same
0.775,0.75,1.0,0.8,0.75,0.2,1.0,0.7297,Développement Backend Python/Django,same
0.775,0.75,1.0,0.8,0.75,0.2,1.0,0.7408,Développement Backend Python/Django,same
0.775,0.75,1.0,0.8,0.75,0.2,1.0,0.7512,Développement Backend Python/Django,same
0.775,0.75,1.0,0.6,0.75,0.4,1.0,0.7504,Développement Backend Python/Django,same
0.775,0.75,1.0,0.6,0.75,0.4,1.0,0.7261,Développement Backend Python/Django,same
0.775,0.75,1.0,0.6,0.75,0.4,1.0,0.7416,Développement Backend Python/Django,same
0.7125,0.625,1.0,1.0,0.625,0.0,1.0,0.6864,Développement Backend Python/Django,same
0.7125,0.625,1.0,1.0,0.625,0.0,1.0,0.6808,Développement Backend Python/Django,same
0.7125,0.625,1.0,1.0,0.625,0.0,1.0,0.6663,Développement Backend Python/Django,same
0.7125,0.625,1.0,0.8,0.625,0.2,1.0,0.681,Développement Backend Python/Django,same
0.7125,0.625,1.0,0.8,0.625,0.2,1.0,0.6686,Développement Backend Python/Django,same
0.7125,0.625,1.0,0.8,0.625,0.2,1.0,0.6714,Développement Backend Python/Django,same
0.7125,0.625,1.0,0.6,0.625,0.4,1.0,0.6755,Développement Backend Python/Django,same
0.7125,0.625,1.0,0.6,0.625,0.4,1.0,0.6878,Développement Backend Python/Django,same
0.7125,0.625,1.0,0.6,0.625,0.4,1.0,0.6811,Développement Backend Python/Django,same
0.65,0.5,1.0,1.0,0.5,0.0,1.0,0.6049,Développement Backend Python/Django,same
0.65,0.5,1.0,1.0,0.5,0.0,1.0,0.6258,Développement Backend Python/Django,same
0.65,0.5,1.0,1.0,0.5,0.0,1.0,0.6294,Développement Backend Python/Django,same
0.65,0.5,1.0,0.8,0.5,0.2,1.0,0.6197,Développement Backend Python/Django,same
0.65,0.5,1.0,0.8,0.5,0.2,1.0,0.6347,Développement Backend Python/Django,same
0.65,0.5,1.0,0.8,0.5,0.2,1.0,0.6403,Développement Backend Python/Django,same
0.65,0.5,1.0,0.6,0.5,0.4,1.0,0.6153,Développement Backend Python/Django,same
0.65,0.5,1.0,0.6,0.5,0.4,1.0,0.6183,Développement Backend Python/Django,same
0.65,0.5,1.0,0.6,0.5,0.4,1.0,0.6139,Développement Backend Python/Django,same
0.525,0.25,1.0,1.0,0.25,0.0,1.0,0.5049,Développement Backend Python/Django,same
0.525,0.25,1.0,1.0,0.25,0.0,1.0,0.5124,Développement Backend Python/Django,same
0.525,0.25,1.0,1.0,0.25,0.0,1.0,0.5277,Développement Backend Python/Django,same
0.525,0.25,1.0,0.8,0.25,0.2,1.0,0.5294,Développement Backend Python/Django,same
0.525,0.25,1.0,0.8,0.25,0.2,1.0,0.5061,Développement Backend Python/Django,same
0.525,0.25,1.0,0.8,0.25,0.2,1.0,0.5313,Développement Backend Python/Django,same
0.525,0.25,1.0,0.6,0.25,0.4,1.0,0.5289,Développement Backend Python/Django,same
0.525,0.25,1.0,0.6,0.25,0.4,1.0,0.5126,Développement Backend Python/Django,same
0.525,0.25,1.0,0.6,0.25,0.4,1.0,0.492,Développement Backend Python/Django,same
0.525,0.25,1.0,1.0,0.25,0.0,0.65,0.3196,Développement Backend Python/Django,adjacent
0.525,0.25,1.0,0.8,0.25,0.2,0.65,0.3334,Développement Backend Python/Django,adjacent
0.525,0.25,1.0,1.0,0.25,0.0,0.65,0.3255,Développement Backend Python/Django,adjacent
0.525,0.25,1.0,0.8,0.25,0.2,0.65,0.3258,Développement Backend Python/Django,adjacent
0.525,0.25,1.0,1.0,0.25,0.0,0.65,0.3217,Développement Backend Python/Django,adjacent
0.525,0.25,1.0,0.8,0.25,0.2,0.65,0.3062,Développement Backend Python/Django,adjacent
0.4,0.0,1.0,1.0,0.0,-0.4,0.0,0.0443,Développement Backend Python/Django,different
0.4,0.0,1.0,1.0,0.0,0.0,0.0,0.0497,Développement Backend Python/Django,different
0.4,0.0,1.0,1.0,0.0,-0.4,0.0,0.0537,Développement Backend Python/Django,different
0.4,0.0,1.0,0.8,0.0,0.2,0.0,0.061,Développement Backend Python/Django,different
0.8375,0.875,1.0,1.0,0.875,0.0,1.0,0.8197,DevOps / Cloud Infrastructure,same
0.8375,0.875,1.0,1.0,0.875,0.0,1.0,0.7859,DevOps / Cloud Infrastructure,same
0.8375,0.875,1.0,1.0,0.875,0.0,1.0,0.8079,DevOps / Cloud Infrastructure,same
0.8375,0.875,1.0,0.8,0.875,0.2,1.0,0.7858,DevOps / Cloud Infrastructure,same
0.8375,0.875,1.0,0.8,0.875,0.2,1.0,0.7879,DevOps / Cloud Infrastructure,same
0.8375,0.875,1.0,0.8,0.875,0.2,1.0,0.7942,DevOps / Cloud Infrastructure,same
0.8375,0.875,1.0,0.6,0.875,0.4,1.0,0.771,DevOps / Cloud Infrastructure,same
0.8375,0.875,1.0,0.6,0.875,0.4,1.0,0.8202,DevOps / Cloud Infrastructure,same
0.8375,0.875,1.0,0.6,0.875,0.4,1.0,0.7969,DevOps / Cloud Infrastructure,same
0.775,0.75,1.0,1.0,0.75,0.0,1.0,0.7292,DevOps / Cloud Infrastructure,same
0.775,0.75,1.0,1.0,0.75,0.0,1.0,0.7384,DevOps / Cloud Infrastructure,same
0.775,0.75,1.0,1.0,0.75,0.0,1.0,0.753,DevOps / Cloud Infrastructure,same
0.775,0.75,1.0,0.8,0.75,0.2,1.0,0.7546,DevOps / Cloud Infrastructure,same
0.775,0.75,1.0,0.8,0.75,0.2,1.0,0.7467,DevOps / Cloud Infrastructure,same
0.775,0.75,1.0,0.8,0.75,0.2,1.0,0.7509,DevOps / Cloud Infrastructure,same
0.775,0.75,1.0,0.6,0.75,0.4,1.0,0.7072,DevOps / Cloud Infrastructure,same
0.775,0.75,1.0,0.6,0.75,0.4,1.0,0.7314,DevOps / Cloud Infrastructure,same
0.775,0.75,1.0,0.6,0.75,0.4,1.0,0.7362,DevOps / Cloud Infrastructure,same
0.7125,0.625,1.0,1.0,0.625,0.0,1.0,0.6656,DevOps / Cloud Infrastructure,same
0.7125,0.625,1.0,1.0,0.625,0.0,1.0,0.6567,DevOps / Cloud Infrastructure,same
0.7125,0.625,1.0,1.0,0.625,0.0,1.0,0.6887,DevOps / Cloud Infrastructure,same
0.7125,0.625,1.0,0.8,0.625,0.2,1.0,0.6939,DevOps / Cloud Infrastructure,same
0.7125,0.625,1.0,0.8,0.625,0.2,1.0,0.657,DevOps / Cloud Infrastructure,same
0.7125,0.625,1.0,0.8,0.625,0.2,1.0,0.662,DevOps / Cloud Infrastructure,same
0.7125,0.625,1.0,0.6,0.625,0.4,1.0,0.6994,DevOps / Cloud Infrastructure,same
0.7125,0.625,1.0,0.6,0.625,0.4,1.0,0.6726,DevOps / Cloud Infrastructure,same
0.7125,0.625,1.0,0.6,0.625,0.4,1.0,0.6743,DevOps / Cloud Infrastructure,same
0.65,0.5,1.0,1.0,0.5,0.0,1.0,0.6074,DevOps / Cloud Infrastructure,same
0.65,0.5,1.0,1.0,0.5,0.0,1.0,0.6106,DevOps / Cloud Infrastructure,same
0.65,0.5,1.0,1.0,0.5,0.0,1.0,0.6356,DevOps / Cloud Infrastructure,same
0.65,0.5,1.0,0.8,0.5,0.2,1.0,0.607,DevOps / Cloud Infrastructure,same
0.65,0.5,1.0,0.8,0.5,0.2,1.0,0.6434,DevOps / Cloud Infrastructure,same
0.65,0.5,1.0,0.8,0.5,0.2,1.0,0.6164,DevOps / Cloud Infrastructure,same
0.65,0.5,1.0,0.6,0.5,0.4,1.0,0.6277,DevOps / Cloud Infrastructure,same
0.65,0.5,1.0,0.6,0.5,0.4,1.0,0.6273,DevOps / Cloud Infrastructure,same
0.65,0.5,1.0,0.6,0.5,0.4,1.0,0.626,DevOps / Cloud Infrastructure,same
0.525,0.25,1.0,1.0,0.25,0.0,1.0,0.4974,DevOps / Cloud Infrastructure,same
0.525,0.25,1.0,1.0,0.25,0.0,1.0,0.5072,DevOps / Cloud Infrastructure,same
0.525,0.25,1.0,1.0,0.25,0.0,1.0,0.5313,DevOps / Cloud Infrastructure,same
0.525,0.25,1.0,0.8,0.25,0.2,1.0,0.5134,DevOps / Cloud Infrastructure,same
0.525,0.25,1.0,0.8,0.25,0.2,1.0,0.5167,DevOps / Cloud Infrastructure,same
0.525,0.25,1.0,0.8,0.25,0.2,1.0,0.5141,DevOps / Cloud Infrastructure,same
0.525,0.25,1.0,0.6,0.25,0.4,1.0,0.523,DevOps / Cloud Infrastructure,same
0.525,0.25,1.0,0.6,0.25,0.4,1.0,0.5146,DevOps / Cloud Infrastructure,same
0.525,0.25,1.0,0.6,0.25,0.4,1.0,0.5028,DevOps / Cloud Infrastructure,same
0.4625,0.125,1.0,1.0,0.125,0.0,0.65,0.2866,DevOps / Cloud Infrastructure,adjacent
0.4625,0.125,1.0,0.8,0.125,0.2,0.65,0.2726,DevOps / Cloud Infrastructure,adjacent
0.4625,0.125,1.0,1.0,0.125,0.0,0.65,0.2889,DevOps / Cloud Infrastructure,adjacent
0.4625,0.125,1.0,0.8,0.125,0.2,0.65,0.2834,DevOps / Cloud Infrastructure,adjacent
0.4625,0.125,1.0,1.0,0.125,0.0,0.65,0.263,DevOps / Cloud Infrastructure,adjacent
0.4625,0.125,1.0,0.8,0.125,0.2,0.65,0.2796,DevOps / Cloud Infrastructure,adjacent
0.4,0.0,1.0,1.0,0.0,-0.2,0.0,0.0459,DevOps / Cloud Infrastructure,different
0.4,0.0,0.5,0.8,0.0,0.2,0.0,0.053,DevOps / Cloud Infrastructure,different
0.4,0.0,1.0,1.0,0.0,-0.2,0.0,0.0573,DevOps / Cloud Infrastructure,different
0.4,0.0,0.1,1.0,0.0,-0.2,0.0,0.04,DevOps / Cloud Infrastructure,different
0.8375,0.875,1.0,1.0,0.875,0.0,1.0,0.7631,Data Science / Machine Learning,same
0.8375,0.875,1.0,1.0,0.875,0.0,1.0,0.8037,Data Science / Machine Learning,same
0.8375,0.875,1.0,1.0,0.875,0.0,1.0,0.8008,Data Science / Machine Learning,same
0.8375,0.875,1.0,0.8,0.875,0.2,1.0,0.781,Data Science / Machine Learning,same
0.8375,0.875,1.0,0.8,0.875,0.2,1.0,0.814,Data Science / Machine Learning,same
0.8375,0.875,1.0,0.8,0.875,0.2,1.0,0.7938,Data Science / Machine Learning,same
0.8375,0.875,1.0,0.6,0.875,0.4,1.0,0.8015,Data Science / Machine Learning,same
0.8375,0.875,1.0,0.6,0.875,0.4,1.0,0.7818,Data Science / Machine Learning,same
0.8375,0.875,1.0,0.6,0.875,0.4,1.0,0.7977,Data Science / Machine Learning,same
0.775,0.75,1.0,1.0,0.75,0.0,1.0,0.7359,Data Science / Machine Learning,same
0.775,0.75,1.0,1.0,0.75,0.0,1.0,0.7465,Data Science / Machine Learning,same
0.775,0.75,1.0,1.0,0.75,0.0,1.0,0.749,Data Science / Machine Learning,same
0.775,0.75,1.0,0.8,0.75,0.2,1.0,0.7315,Data Science / Machine Learning,same
0.775,0.75,1.0,0.8,0.75,0.2,1.0,0.7473,Data Science / Machine Learning,same
0.775,0.75,1.0,0.8,0.75,0.2,1.0,0.7259,Data Science / Machine Learning,same
0.775,0.75,1.0,0.6,0.75,0.4,1.0,0.7809,Data Science / Machine Learning,same
0.775,0.75,1.0,0.6,0.75,0.4,1.0,0.7518,Data Science / Machine Learning,same
0.775,0.75,1.0,0.6,0.75,0.4,1.0,0.7538,Data Science / Machine Learning,same
0.7125,0.625,1.0,1.0,0.625,0.0,1.0,0.6541,Data Science / Machine Learning,same
0.7125,0.625,1.0,1.0,0.625,0.0,1.0,0.7021,Data Science / Machine Learning,same
0.7125,0.625,1.0,1.0,0.625,0.0,1.0,0.6708,Data Science / Machine Learning,same
0.7125,0.625,1.0,0.8,0.625,0.2,1.0,0.6882,Data Science / Machine Learning,same
0.7125,0.625,1.0,0.8,0.625,0.2,1.0,0.6932,Data Science / Machine Learning,same
0.7125,0.625,1.0,0.8,0.625,0.2,1.0,0.684,Data Science / Machine Learning,same
0.7125,0.625,1.0,0.6,0.625,0.4,1.0,0.6931,Data Science / Machine Learning,same
0.7125,0.625,1.0,0.6,0.625,0.4,1.0,0.6922,Data Science / Machine Learning,same
0.7125,0.625,1.0,0.6,0.625,0.4,1.0,0.6855,Data Science / Machine Learning,same
0.65,0.5,1.0,1.0,0.5,0.0,1.0,0.6344,Data Science / Machine Learning,same
0.65,0.5,1.0,1.0,0.5,0.0,1.0,0.6241,Data Science / Machine Learning,same
0.65,0.5,1.0,1.0,0.5,0.0,1.0,0.6278,Data Science / Machine Learning,same
0.65,0.5,1.0,0.8,0.5,0.2,1.0,0.6121,Data Science / Machine Learning,same
0.65,0.5,1.0,0.8,0.5,0.2,1.0,0.5983,Data Science / Machine Learning,same
0.65,0.5,1.0,0.8,0.5,0.2,1.0,0.639,Data Science / Machine Learning,same
0.65,0.5,1.0,0.6,0.5,0.4,1.0,0.6403,Data Science / Machine Learning,same
0.65,0.5,1.0,0.6,0.5,0.4,1.0,0.6246,Data Science / Machine Learning,same
0.65,0.5,1.0,0.6,0.5,0.4,1.0,0.6236,Data Science / Machine Learning,same
0.525,0.25,1.0,1.0,0.25,0.0,1.0,0.5057,Data Science / Machine Learning,same
0.525,0.25,1.0,1.0,0.25,0.0,1.0,0.5034,Data Science / Machine Learning,same
0.525,0.25,1.0,1.0,0.25,0.0,1.0,0.5427,Data Science / Machine Learning,same
0.525,0.25,1.0,0.8,0.25,0.2,1.0,0.4993,Data Science / Machine Learning,same
0.525,0.25,1.0,0.8,0.25,0.2,1.0,0.5053,Data Science / Machine Learning,same
0.525,0.25,1.0,0.8,0.25,0.2,1.0,0.5124,Data Science / Machine Learning,same
0.525,0.25,1.0,0.6,0.25,0.4,1.0,0.5084,Data Science / Machine Learning,same
0.525,0.25,1.0,0.6,0.25,0.4,1.0,0.5003,Data Science / Machine Learning,same
0.525,0.25,1.0,0.6,0.25,0.4,1.0,0.5053,Data Science / Machine Learning,same
0.4625,0.125,1.0,1.0,0.125,0.0,0.65,0.2917,Data Science / Machine Learning,adjacent
0.4625,0.125,1.0,0.8,0.125,0.2,0.65,0.2819,Data Science / Machine Learning,adjacent
0.4625,0.125,1.0,1.0,0.125,0.0,0.65,0.2923,Data Science / Machine Learning,adjacent
0.4625,0.125,1.0,0.8,0.125,0.2,0.65,0.2863,Data Science / Machine Learning,adjacent
0.4625,0.125,1.0,1.0,0.125,0.0,0.65,0.2938,Data Science / Machine Learning,adjacent
0.4625,0.125,1.0,0.8,0.125,0.2,0.65,0.3023,Data Science / Machine Learning,adjacent
0.4,0.0,1.0,0.4,0.0,0.6,0.0,0.0684,Data Science / Machine Learning,different
0.4,0.0,1.0,0.4,0.0,0.6,0.0,0.0673,Data Science / Machine Learning,different
0.4,0.0,1.0,1.0,0.0,0.0,0.0,0.0408,Data Science / Machine Learning,different
0.4,0.0,1.0,1.0,0.0,0.0,0.0,0.0415,Data Science / Machine Learning,different
0.8375,0.875,1.0,1.0,0.875,0.0,1.0,0.766,Cybersécurité,same
0.8375,0.875,1.0,1.0,0.875,0.0,1.0,0.7898,Cybersécurité,same
0.8375,0.875,1.0,1.0,0.875,0.0,1.0,0.7991,Cybersécurité,same
0.8375,0.875,1.0,0.8,0.875,0.2,1.0,0.812,Cybersécurité,same
0.8375,0.875,1.0,0.8,0.875,0.2,1.0,0.7946,Cybersécurité,same
0.8375,0.875,1.0,0.8,0.875,0.2,1.0,0.8058,Cybersécurité,same
0.8375,0.875,1.0,0.6,0.875,0.4,1.0,0.789,Cybersécurité,same
0.8375,0.875,1.0,0.6,0.875,0.4,1.0,0.7848,Cybersécurité,same
0.8375,0.875,1.0,0.6,0.875,0.4,1.0,0.7857,Cybersécurité,same
0.775,0.75,1.0,1.0,0.75,0.0,1.0,0.7558,Cybersécurité,same
0.775,0.75,1.0,1.0,0.75,0.0,1.0,0.7494,Cybersécurité,same
0.775,0.75,1.0,1.0,0.75,0.0,1.0,0.7433,Cybersécurité,same
0.775,0.75,1.0,0.8,0.75,0.2,1.0,0.7775,Cybersécurité,same
0.775,0.75,1.0,0.8,0.75,0.2,1.0,0.7371,Cybersécurité,same
0.775,0.75,1.0,0.8,0.75,0.2,1.0,0.7449,Cybersécurité,same
0.775,0.75,1.0,0.6,0.75,0.4,1.0,0.7412,Cybersécurité,same
0.775,0.75,1.0,0.6,0.75,0.4,1.0,0.7348,Cybersécurité,same
0.775,0.75,1.0,0.6,0.75,0.4,1.0,0.7653,Cybersécurité,same
0.7125,0.625,1.0,1.0,0.625,0.0,1.0,0.6993,Cybersécurité,same
0.7125,0.625,1.0,1.0,0.625,0.0,1.0,0.6645,Cybersécurité,same
0.7125,0.625,1.0,1.0,0.625,0.0,1.0,0.6765,Cybersécurité,same
0.7125,0.625,1.0,0.8,0.625,0.2,1.0,0.6864,Cybersécurité,same
0.7125,0.625,1.0,0.8,0.625,0.2,1.0,0.6906,Cybersécurité,same
0.7125,0.625,1.0,0.8,0.625,0.2,1.0,0.6651,Cybersécurité,same
0.7125,0.625,1.0,0.6,0.625,0.4,1.0,0.6542,Cybersécurité,same
0.7125,0.625,1.0,0.6,0.625,0.4,1.0,0.6584,Cybersécurité,same
0.7125,0.625,1.0,0.6,0.625,0.4,1.0,0.6804,Cybersécurité,same
0.65,0.5,1.0,1.0,0.5,0.0,1.0,0.6238,Cybersécurité,same
0.65,0.5,1.0,1.0,0.5,0.0,1.0,0.6291,Cybersécurité,same
0.65,0.5,1.0,1.0,0.5,0.0,1.0,0.6158,Cybersécurité,same
0.65,0.5,1.0,0.8,0.5,0.2,1.0,0.6103,Cybersécurité,same
0.65,0.5,1.0,0.8,0.5,0.2,1.0,0.6007,Cybersécurité,same
0.65,0.5,1.0,0.8,0.5,0.2,1.0,0.629,Cybersécurité,same
0.65,0.5,1.0,0.6,0.5,0.4,1.0,0.6294,Cybersécurité,same
0.65,0.5,1.0,0.6,0.5,0.4,1.0,0.6369,Cybersécurité,same
0.65,0.5,1.0,0.6,0.5,0.4,1.0,0.6345,Cybersécurité,same
0.525,0.25,1.0,1.0,0.25,0.0,1.0,0.5102,Cybersécurité,same
0.525,0.25,1.0,1.0,0.25,0.0,1.0,0.5287,Cybersécurité,same
0.525,0.25,1.0,1.0,0.25,0.0,1.0,0.5109,Cybersécurité,same
0.525,0.25,1.0,0.8,0.25,0.2,1.0,0.5046,Cybersécurité,same
0.525,0.25,1.0,0.8,0.25,0.2,1.0,0.5063,Cybersécurité,same
0.525,0.25,1.0,0.8,0.25,0.2,1.0,0.5055,Cybersécurité,same
0.525,0.25,1.0,0.6,0.25,0.4,1.0,0.4865,Cybersécurité,same
0.525,0.25,1.0,0.6,0.25,0.4,1.0,0.5144,Cybersécurité,same
0.525,0.25,1.0,0.6,0.25,0.4,1.0,0.5155,Cybersécurité,same
0.4625,0.125,1.0,1.0,0.125,0.0,0.65,0.2832,Cybersécurité,adjacent
0.4625,0.125,1.0,0.8,0.125,0.2,0.65,0.2789,Cybersécurité,adjacent
0.4625,0.125,1.0,1.0,0.125,0.0,0.65,0.292,Cybersécurité,adjacent
0.4625,0.125,1.0,0.8,0.125,0.2,0.65,0.3081,Cybersécurité,adjacent
0.4625,0.125,1.0,1.0,0.125,0.0,0.65,0.288,Cybersécurité,adjacent
0.4625,0.125,1.0,0.8,0.125,0.2,0.65,0.2814,Cybersécurité,adjacent
0.4,0.0,1.0,1.0,0.0,-0.2,0.0,0.0429,Cybersécurité,different
0.4,0.0,1.0,1.0,0.0,-0.2,0.0,0.0547,Cybersécurité,different
0.4,0.0,1.0,0.8,0.0,0.2,0.0,0.0503,Cybersécurité,different
0.4,0.0,1.0,0.6,0.0,0.4,0.0,0.0441,Cybersécurité,different
0.8375,0.875,1.0,1.0,0.875,0.0,1.0,0.7904,Développement Mobile iOS/Android,same
0.8375,0.875,1.0,1.0,0.875,0.0,1.0,0.8009,Développement Mobile iOS/Android,same
0.8375,0.875,1.0,1.0,0.875,0.0,1.0,0.8011,Développement Mobile iOS/Android,same
0.8375,0.875,1.0,0.8,0.875,0.2,1.0,0.811,Développement Mobile iOS/Android,same
0.8375,0.875,1.0,0.8,0.875,0.2,1.0,0.7811,Développement Mobile iOS/Android,same
0.8375,0.875,1.0,0.8,0.875,0.2,1.0,0.8102,Développement Mobile iOS/Android,same
0.8375,0.875,1.0,0.6,0.875,0.4,1.0,0.774,Développement Mobile iOS/Android,same
0.8375,0.875,1.0,0.6,0.875,0.4,1.0,0.796,Développement Mobile iOS/Android,same
0.8375,0.875,1.0,0.6,0.875,0.4,1.0,0.8026,Développement Mobile iOS/Android,same
0.775,0.75,1.0,1.0,0.75,0.0,1.0,0.7542,Développement Mobile iOS/Android,same
0.775,0.75,1.0,1.0,0.75,0.0,1.0,0.7501,Développement Mobile iOS/Android,same
0.775,0.75,1.0,1.0,0.75,0.0,1.0,0.7466,Développement Mobile iOS/Android,same
0.775,0.75,1.0,0.8,0.75,0.2,1.0,0.7293,Développement Mobile iOS/Android,same
0.775,0.75,1.0,0.8,0.75,0.2,1.0,0.7325,Développement Mobile iOS/Android,same
0.775,0.75,1.0,0.8,0.75,0.2,1.0,0.7327,Développement Mobile iOS/Android,same
0.775,0.75,1.0,0.6,0.75,0.4,1.0,0.7592,Développement Mobile iOS/Android,same
0.775,0.75,1.0,0.6,0.75,0.4,1.0,0.7273,Développement Mobile iOS/Android,same
0.775,0.75,1.0,0.6,0.75,0.4,1.0,0.7592,Développement Mobile iOS/Android,same
0.7125,0.625,1.0,1.0,0.625,0.0,1.0,0.678,Développement Mobile iOS/Android,same
0.7125,0.625,1.0,1.0,0.625,0.0,1.0,0.6832,Développement Mobile iOS/Android,same
0.7125,0.625,1.0,1.0,0.625,0.0,1.0,0.6794,Développement Mobile iOS/Android,same
0.7125,0.625,1.0,0.8,0.625,0.2,1.0,0.6803,Développement Mobile iOS/Android,same
0.7125,0.625,1.0,0.8,0.625,0.2,1.0,0.6705,Développement Mobile iOS/Android,same
0.7125,0.625,1.0,0.8,0.625,0.2,1.0,0.7008,Développement Mobile iOS/Android,same
0.7125,0.625,1.0,0.6,0.625,0.4,1.0,0.6722,Développement Mobile iOS/Android,same
0.7125,0.625,1.0,0.6,0.625,0.4,1.0,0.6956,Développement Mobile iOS/Android,same
0.7125,0.625,1.0,0.6,0.625,0.4,1.0,0.6647,Développement Mobile iOS/Android,same
0.65,0.5,1.0,1.0,0.5,0.0,1.0,0.6228,Développement Mobile iOS/Android,same
0.65,0.5,1.0,1.0,0.5,0.0,1.0,0.646,Développement Mobile iOS/Android,same
0.65,0.5,1.0,1.0,0.5,0.0,1.0,0.6439,Développement Mobile iOS/Android,same
0.65,0.5,1.0,0.8,0.5,0.2,1.0,0.6403,Développement Mobile iOS/Android,same
0.65,0.5,1.0,0.8,0.5,0.2,1.0,0.6304,Développement Mobile iOS/Android,same
0.65,0.5,1.0,0.8,0.5,0.2,1.0,0.6184,Développement Mobile iOS/Android,same
0.65,0.5,1.0,0.6,0.5,0.4,1.0,0.6304,Développement Mobile iOS/Android,same
0.65,0.5,1.0,0.6,0.5,0.4,1.0,0.6128,Développement Mobile iOS/Android,same
0.65,0.5,1.0,0.6,0.5,0.4,1.0,0.6177,Développement Mobile iOS/Android,same
0.525,0.25,1.0,1.0,0.25,0.0,1.0,0.5326,Développement Mobile iOS/Android,same
0.525,0.25,1.0,1.0,0.25,0.0,1.0,0.5129,Développement Mobile iOS/Android,same
0.525,0.25,1.0,1.0,0.25,0.0,1.0,0.5151,Développement Mobile iOS/Android,same
0.525,0.25,1.0,0.8,0.25,0.2,1.0,0.5162,Développement Mobile iOS/Android,same
0.525,0.25,1.0,0.8,0.25,0.2,1.0,0.5225,Développement Mobile iOS/Android,same
0.525,0.25,1.0,0.8,0.25,0.2,1.0,0.5331,Développement Mobile iOS/Android,same
0.525,0.25,1.0,0.6,0.25,0.4,1.0,0.4889,Développement Mobile iOS/Android,same
0.525,0.25,1.0,0.6,0.25,0.4,1.0,0.5094,Développement Mobile iOS/Android,same
0.525,0.25,1.0,0.6,0.25,0.4,1.0,0.5294,Développement Mobile iOS/Android,same
0.4625,0.125,1.0,1.0,0.125,0.0,0.65,0.2602,Développement Mobile iOS/Android,adjacent
0.4625,0.125,1.0,0.8,0.125,0.2,0.65,0.3074,Développement Mobile iOS/Android,adjacent
0.4625,0.125,1.0,1.0,0.125,0.0,0.65,0.2598,Développement Mobile iOS/Android,adjacent
0.4625,0.125,1.0,0.8,0.125,0.2,0.65,0.2811,Développement Mobile iOS/Android,adjacent
0.4625,0.125,1.0,1.0,0.125,0.0,0.65,0.3113,Développement Mobile iOS/Android,adjacent
0.4625,0.125,1.0,0.8,0.125,0.2,0.65,0.3086,Développement Mobile iOS/Android,adjacent
0.4,0.0,1.0,0.8,0.0,0.2,0.0,0.0592,Développement Mobile iOS/Android,different
0.4,0.0,1.0,0.6,0.0,0.4,0.0,0.0478,Développement Mobile iOS/Android,different
0.4,0.0,1.0,1.0,0.0,-0.2,0.0,0.0486,Développement Mobile iOS/Android,different
0.4,0.0,1.0,1.0,0.0,-0.4,0.0,0.04,Développement Mobile iOS/Android,different
0.8375,0.875,1.0,1.0,0.875,0.0,1.0,0.813,UX/UI Design,same
0.8375,0.875,1.0,1.0,0.875,0.0,1.0,0.8108,UX/UI Design,same
0.8375,0.875,1.0,1.0,0.875,0.0,1.0,0.7951,UX/UI Design,same
0.8375,0.875,1.0,0.8,0.875,0.2,1.0,0.7971,UX/UI Design,same
0.8375,0.875,1.0,0.8,0.875,0.2,1.0,0.7804,UX/UI Design,same
0.8375,0.875,1.0,0.8,0.875,0.2,1.0,0.7994,UX/UI Design,same
0.8375,0.875,1.0,0.6,0.875,0.4,1.0,0.8001,UX/UI Design,same
0.8375,0.875,1.0,0.6,0.875,0.4,1.0,0.7766,UX/UI Design,same
0.8375,0.875,1.0,0.6,0.875,0.4,1.0,0.812,UX/UI Design,same
0.775,0.75,1.0,1.0,0.75,0.0,1.0,0.7303,UX/UI Design,same
0.775,0.75,1.0,1.0,0.75,0.0,1.0,0.7417,UX/UI Design,same
0.775,0.75,1.0,1.0,0.75,0.0,1.0,0.7495,UX/UI Design,same
0.775,0.75,1.0,0.8,0.75,0.2,1.0,0.7631,UX/UI Design,same
0.775,0.75,1.0,0.8,0.75,0.2,1.0,0.729,UX/UI Design,same
0.775,0.75,1.0,0.8,0.75,0.2,1.0,0.7248,UX/UI Design,same
0.775,0.75,1.0,0.6,0.75,0.4,1.0,0.7251,UX/UI Design,same
0.775,0.75,1.0,0.6,0.75,0.4,1.0,0.7558,UX/UI Design,same
0.775,0.75,1.0,0.6,0.75,0.4,1.0,0.7557,UX/UI Design,same
0.7125,0.625,1.0,1.0,0.625,0.0,1.0,0.6635,UX/UI Design,same
0.7125,0.625,1.0,1.0,0.625,0.0,1.0,0.6805,UX/UI Design,same
0.7125,0.625,1.0,1.0,0.625,0.0,1.0,0.6727,UX/UI Design,same
0.7125,0.625,1.0,0.8,0.625,0.2,1.0,0.6977,UX/UI Design,same
0.7125,0.625,1.0,0.8,0.625,0.2,1.0,0.6739,UX/UI Design,same
0.7125,0.625,1.0,0.8,0.625,0.2,1.0,0.6786,UX/UI Design,same
0.7125,0.625,1.0,0.6,0.625,0.4,1.0,0.6753,UX/UI Design,same
0.7125,0.625,1.0,0.6,0.625,0.4,1.0,0.6712,UX/UI Design,same
0.7125,0.625,1.0,0.6,0.625,0.4,1.0,0.6812,UX/UI Design,same
0.65,0.5,1.0,1.0,0.5,0.0,1.0,0.6176,UX/UI Design,same
0.65,0.5,1.0,1.0,0.5,0.0,1.0,0.6139,UX/UI Design,same
0.65,0.5,1.0,1.0,0.5,0.0,1.0,0.6198,UX/UI Design,same
0.65,0.5,1.0,0.8,0.5,0.2,1.0,0.6301,UX/UI Design,same
0.65,0.5,1.0,0.8,0.5,0.2,1.0,0.6162,UX/UI Design,same
0.65,0.5,1.0,0.8,0.5,0.2,1.0,0.6302,UX/UI Design,same
0.65,0.5,1.0,0.6,0.5,0.4,1.0,0.6454,UX/UI Design,same
0.65,0.5,1.0,0.6,0.5,0.4,1.0,0.6167,UX/UI Design,same
0.65,0.5,1.0,0.6,0.5,0.4,1.0,0.6184,UX/UI Design,same
0.525,0.25,1.0,1.0,0.25,0.0,1.0,0.4957,UX/UI Design,same
0.525,0.25,1.0,1.0,0.25,0.0,1.0,0.5189,UX/UI Design,same
0.525,0.25,1.0,1.0,0.25,0.0,1.0,0.4912,UX/UI Design,same
0.525,0.25,1.0,0.8,0.25,0.2,1.0,0.511,UX/UI Design,same
0.525,0.25,1.0,0.8,0.25,0.2,1.0,0.5315,UX/UI Design,same
0.525,0.25,1.0,0.8,0.25,0.2,1.0,0.5076,UX/UI Design,same
0.525,0.25,1.0,0.6,0.25,0.4,1.0,0.5072,UX/UI Design,same
0.525,0.25,1.0,0.6,0.25,0.4,1.0,0.5043,UX/UI Design,same
0.525,0.25,1.0,0.6,0.25,0.4,1.0,0.5039,UX/UI Design,same
0.4625,0.125,1.0,1.0,0.125,0.0,0.65,0.2732,UX/UI Design,adjacent
0.4625,0.125,1.0,0.8,0.125,0.2,0.65,0.3121,UX/UI Design,adjacent
0.4625,0.125,1.0,1.0,0.125,0.0,0.65,0.3039,UX/UI Design,adjacent
0.4625,0.125,1.0,0.8,0.125,0.2,0.65,0.2885,UX/UI Design,adjacent
0.4625,0.125,1.0,1.0,0.125,0.0,0.65,0.2978,UX/UI Design,adjacent
0.4625,0.125,1.0,0.8,0.125,0.2,0.65,0.2899,UX/UI Design,adjacent
0.4,0.0,1.0,0.6,0.0,0.4,0.0,0.0436,UX/UI Design,different
0.4,0.0,1.0,1.0,0.0,-0.2,0.0,0.0527,UX/UI Design,different
0.4,0.0,1.0,1.0,0.0,-0.2,0.0,0.0462,UX/UI Design,different
0.4,0.0,1.0,1.0,0.0,-0.4,0.0,0.0477,UX/UI Design,different
0.8375,0.875,1.0,1.0,0.875,0.0,1.0,0.7822,Data Engineer / Big Data,same
0.8375,0.875,1.0,1.0,0.875,0.0,1.0,0.7883,Data Engineer / Big Data,same
0.8375,0.875,1.0,1.0,0.875,0.0,1.0,0.7977,Data Engineer / Big Data,same
0.8375,0.875,1.0,0.8,0.875,0.2,1.0,0.7841,Data Engineer / Big Data,same
0.8375,0.875,1.0,0.8,0.875,0.2,1.0,0.7703,Data Engineer / Big Data,same
0.8375,0.875,1.0,0.8,0.875,0.2,1.0,0.8097,Data Engineer / Big Data,same
0.8375,0.875,1.0,0.6,0.875,0.4,1.0,0.7745,Data Engineer / Big Data,same
0.8375,0.875,1.0,0.6,0.875,0.4,1.0,0.7952,Data Engineer / Big Data,same
0.8375,0.875,1.0,0.6,0.875,0.4,1.0,0.7855,Data Engineer / Big Data,same
0.775,0.75,1.0,1.0,0.75,0.0,1.0,0.7437,Data Engineer / Big Data,same
0.775,0.75,1.0,1.0,0.75,0.0,1.0,0.72,Data Engineer / Big Data,same
0.775,0.75,1.0,1.0,0.75,0.0,1.0,0.7226,Data Engineer / Big Data,same
0.775,0.75,1.0,0.8,0.75,0.2,1.0,0.7409,Data Engineer / Big Data,same
0.775,0.75,1.0,0.8,0.75,0.2,1.0,0.7428,Data Engineer / Big Data,same
0.775,0.75,1.0,0.8,0.75,0.2,1.0,0.7345,Data Engineer / Big Data,same
0.775,0.75,1.0,0.6,0.75,0.4,1.0,0.7465,Data Engineer / Big Data,same
0.775,0.75,1.0,0.6,0.75,0.4,1.0,0.7475,Data Engineer / Big Data,same
0.775,0.75,1.0,0.6,0.75,0.4,1.0,0.7224,Data Engineer / Big Data,same
0.7125,0.625,1.0,1.0,0.625,0.0,1.0,0.6783,Data Engineer / Big Data,same
0.7125,0.625,1.0,1.0,0.625,0.0,1.0,0.673,Data Engineer / Big Data,same
0.7125,0.625,1.0,1.0,0.625,0.0,1.0,0.6996,Data Engineer / Big Data,same
0.7125,0.625,1.0,0.8,0.625,0.2,1.0,0.6606,Data Engineer / Big Data,same
0.7125,0.625,1.0,0.8,0.625,0.2,1.0,0.689,Data Engineer / Big Data,same
0.7125,0.625,1.0,0.8,0.625,0.2,1.0,0.6911,Data Engineer / Big Data,same
0.7125,0.625,1.0,0.6,0.625,0.4,1.0,0.6733,Data Engineer / Big Data,same
0.7125,0.625,1.0,0.6,0.625,0.4,1.0,0.6921,Data Engineer / Big Data,same
0.7125,0.625,1.0,0.6,0.625,0.4,1.0,0.674,Data Engineer / Big Data,same
0.65,0.5,1.0,1.0,0.5,0.0,1.0,0.6379,Data Engineer / Big Data,same
0.65,0.5,1.0,1.0,0.5,0.0,1.0,0.6451,Data Engineer / Big Data,same
0.65,0.5,1.0,1.0,0.5,0.0,1.0,0.6059,Data Engineer / Big Data,same
0.65,0.5,1.0,0.8,0.5,0.2,1.0,0.6312,Data Engineer / Big Data,same
0.65,0.5,1.0,0.8,0.5,0.2,1.0,0.6302,Data Engineer / Big Data,same
0.65,0.5,1.0,0.8,0.5,0.2,1.0,0.6168,Data Engineer / Big Data,same
0.65,0.5,1.0,0.6,0.5,0.4,1.0,0.6274,Data Engineer / Big Data,same
0.65,0.5,1.0,0.6,0.5,0.4,1.0,0.6114,Data Engineer / Big Data,same
0.65,0.5,1.0,0.6,0.5,0.4,1.0,0.6259,Data Engineer / Big Data,same
0.525,0.25,1.0,1.0,0.25,0.0,1.0,0.5254,Data Engineer / Big Data,same
0.525,0.25,1.0,1.0,0.25,0.0,1.0,0.5105,Data Engineer / Big Data,same
0.525,0.25,1.0,1.0,0.25,0.0,1.0,0.504,Data Engineer / Big Data,same
0.525,0.25,1.0,0.8,0.25,0.2,1.0,0.4995,Data Engineer / Big Data,same
0.525,0.25,1.0,0.8,0.25,0.2,1.0,0.5343,Data Engineer / Big Data,same
0.525,0.25,1.0,0.8,0.25,0.2,1.0,0.5185,Data Engineer / Big Data,same
0.525,0.25,1.0,0.6,0.25,0.4,1.0,0.5158,Data Engineer / Big Data,same
0.525,0.25,1.0,0.6,0.25,0.4,1.0,0.5074,Data Engineer / Big Data,same
0.525,0.25,1.0,0.6,0.25,0.4,1.0,0.5171,Data Engineer / Big Data,same
0.4625,0.125,1.0,1.0,0.125,0.0,0.65,0.2903,Data Engineer / Big Data,adjacent
0.4625,0.125,1.0,0.8,0.125,0.2,0.65,0.2996,Data Engineer / Big Data,adjacent
0.4625,0.125,1.0,1.0,0.125,0.0,0.65,0.281,Data Engineer / Big Data,adjacent
0.4625,0.125,1.0,0.8,0.125,0.2,0.65,0.2992,Data Engineer / Big Data,adjacent
0.4625,0.125,1.0,1.0,0.125,0.0,0.65,0.3085,Data Engineer / Big Data,adjacent
0.4625,0.125,1.0,0.8,0.125,0.2,0.65,0.2962,Data Engineer / Big Data,adjacent
0.4,0.0,1.0,0.8,0.0,0.2,0.0,0.0522,Data Engineer / Big Data,different
0.4,0.0,1.0,1.0,0.0,0.0,0.0,0.0492,Data Engineer / Big Data,different
0.4,0.0,0.1,0.8,0.0,0.2,0.0,0.0495,Data Engineer / Big Data,different
0.4,0.0,1.0,0.8,0.0,0.2,0.0,0.0464,Data Engineer / Big Data,different
0.8286,0.8571,1.0,1.0,0.8571,0.0,1.0,0.7667,Médecine Générale,same
0.8286,0.8571,1.0,1.0,0.8571,0.0,1.0,0.7811,Médecine Générale,same
0.8286,0.8571,1.0,1.0,0.8571,0.0,1.0,0.7936,Médecine Générale,same
0.8286,0.8571,1.0,0.8,0.8571,0.2,1.0,0.7613,Médecine Générale,same
0.8286,0.8571,1.0,0.8,0.8571,0.2,1.0,0.7762,Médecine Générale,same
0.8286,0.8571,1.0,0.8,0.8571,0.2,1.0,0.7864,Médecine Générale,same
0.8286,0.8571,1.0,0.6,0.8571,0.4,1.0,0.7739,Médecine Générale,same
0.8286,0.8571,1.0,0.6,0.8571,0.4,1.0,0.7868,Médecine Générale,same
0.8286,0.8571,1.0,0.6,0.8571,0.4,1.0,0.7752,Médecine Générale,same
0.7571,0.7143,1.0,1.0,0.7143,0.0,1.0,0.7027,Médecine Générale,same
0.7571,0.7143,1.0,1.0,0.7143,0.0,1.0,0.7177,Médecine Générale,same
0.7571,0.7143,1.0,1.0,0.7143,0.0,1.0,0.6987,Médecine Générale,same
0.7571,0.7143,1.0,0.8,0.7143,0.2,1.0,0.7509,Médecine Générale,same
0.7571,0.7143,1.0,0.8,0.7143,0.2,1.0,0.7051,Médecine Générale,same
0.7571,0.7143,1.0,0.8,0.7143,0.2,1.0,0.6959,Médecine Générale,same
0.7571,0.7143,1.0,0.6,0.7143,0.4,1.0,0.7159,Médecine Générale,same
0.7571,0.7143,1.0,0.6,0.7143,0.4,1.0,0.7066,Médecine Générale,same
0.7571,0.7143,1.0,0.6,0.7143,0.4,1.0,0.7118,Médecine Générale,same
0.6857,0.5714,1.0,1.0,0.5714,0.0,1.0,0.6681,Médecine Générale,same
0.6857,0.5714,1.0,1.0,0.5714,0.0,1.0,0.6635,Médecine Générale,same
0.6857,0.5714,1.0,1.0,0.5714,0.0,1.0,0.6622,Médecine Générale,same
0.6857,0.5714,1.0,0.8,0.5714,0.2,1.0,0.6515,Médecine Générale,same
0.6857,0.5714,1.0,0.8,0.5714,0.2,1.0,0.6565,Médecine Générale,same
0.6857,0.5714,1.0,0.8,0.5714,0.2,1.0,0.6678,Médecine Générale,same
0.6857,0.5714,1.0,0.6,0.5714,0.4,1.0,0.6467,Médecine Générale,same
0.6857,0.5714,1.0,0.6,0.5714,0.4,1.0,0.6602,Médecine Générale,same
0.6857,0.5714,1.0,0.6,0.5714,0.4,1.0,0.6642,Médecine Générale,same
0.6143,0.4286,1.0,1.0,0.4286,0.0,1.0,0.5862,Médecine Générale,same
0.6143,0.4286,1.0,1.0,0.4286,0.0,1.0,0.6048,Médecine Générale,same
0.6143,0.4286,1.0,1.0,0.4286,0.0,1.0,0.5891,Médecine Générale,same
0.6143,0.4286,1.0,0.8,0.4286,0.2,1.0,0.5997,Médecine Générale,same
0.6143,0.4286,1.0,0.8,0.4286,0.2,1.0,0.5812,Médecine Générale,same
0.6143,0.4286,1.0,0.8,0.4286,0.2,1.0,0.5928,Médecine Générale,same
0.6143,0.4286,1.0,0.6,0.4286,0.4,1.0,0.5889,Médecine Générale,same
0.6143,0.4286,1.0,0.6,0.4286,0.4,1.0,0.601,Médecine Générale,same
0.6143,0.4286,1.0,0.6,0.4286,0.4,1.0,0.5903,Médecine Générale,same
0.5429,0.2857,1.0,1.0,0.2857,0.0,1.0,0.5559,Médecine Générale,same
0.5429,0.2857,1.0,1.0,0.2857,0.0,1.0,0.5412,Médecine Générale,same
0.5429,0.2857,1.0,1.0,0.2857,0.0,1.0,0.5315,Médecine Générale,same
0.5429,0.2857,1.0,0.8,0.2857,0.2,1.0,0.5293,Médecine Générale,same
0.5429,0.2857,1.0,0.8,0.2857,0.2,1.0,0.529,Médecine Générale,same
0.5429,0.2857,1.0,0.8,0.2857,0.2,1.0,0.5515,Médecine Générale,same
0.5429,0.2857,1.0,0.6,0.2857,0.4,1.0,0.5222,Médecine Générale,same
0.5429,0.2857,1.0,0.6,0.2857,0.4,1.0,0.5225,Médecine Générale,same
0.5429,0.2857,1.0,0.6,0.2857,0.4,1.0,0.5227,Médecine Générale,same
0.4715,0.1429,1.0,1.0,0.1429,0.0,0.65,0.2938,Médecine Générale,adjacent
0.4715,0.1429,1.0,0.8,0.1429,0.2,0.65,0.3056,Médecine Générale,adjacent
0.4715,0.1429,1.0,1.0,0.1429,0.0,0.65,0.2885,Médecine Générale,adjacent
0.4715,0.1429,1.0,0.8,0.1429,0.2,0.65,0.2924,Médecine Générale,adjacent
0.4715,0.1429,1.0,1.0,0.1429,0.0,0.65,0.3044,Médecine Générale,adjacent
0.4715,0.1429,1.0,0.8,0.1429,0.2,0.65,0.2685,Médecine Générale,adjacent
0.4,0.0,1.0,0.1,0.0,1.0,0.0,0.04,Médecine Générale,different
0.4,0.0,1.0,0.1,0.0,1.0,0.0,0.04,Médecine Générale,different
0.4,0.0,1.0,0.4,0.0,0.6,0.0,0.04,Médecine Générale,different
0.4,0.0,1.0,0.2,0.0,0.8,0.0,0.0574,Médecine Générale,different
0.8,0.8,1.0,1.0,0.8,0.0,1.0,0.7571,Chirurgie,same
0.8,0.8,1.0,1.0,0.8,0.0,1.0,0.7411,Chirurgie,same
0.8,0.8,1.0,1.0,0.8,0.0,1.0,0.7476,Chirurgie,same
0.8,0.8,1.0,0.8,0.8,0.2,1.0,0.7608,Chirurgie,same
0.8,0.8,1.0,0.8,0.8,0.2,1.0,0.7785,Chirurgie,same
0.8,0.8,1.0,0.8,0.8,0.2,1.0,0.7542,Chirurgie,same
0.8,0.8,1.0,0.6,0.8,0.4,1.0,0.7773,Chirurgie,same
0.8,0.8,1.0,0.6,0.8,0.4,1.0,0.7673,Chirurgie,same
0.8,0.8,1.0,0.6,0.8,0.4,1.0,0.7399,Chirurgie,same
0.8,0.8,1.0,1.0,0.8,0.0,1.0,0.7568,Chirurgie,same
0.8,0.8,1.0,1.0,0.8,0.0,1.0,0.7586,Chirurgie,same
0.8,0.8,1.0,1.0,0.8,0.0,1.0,0.7427,Chirurgie,same
0.8,0.8,1.0,0.8,0.8,0.2,1.0,0.7564,Chirurgie,same
0.8,0.8,1.0,0.8,0.8,0.2,1.0,0.7757,Chirurgie,same
0.8,0.8,1.0,0.8,0.8,0.2,1.0,0.7673,Chirurgie,same
0.8,0.8,1.0,0.6,0.8,0.4,1.0,0.7725,Chirurgie,same
0.8,0.8,1.0,0.6,0.8,0.4,1.0,0.761,Chirurgie,same
0.8,0.8,1.0,0.6,0.8,0.4,1.0,0.7472,Chirurgie,same
0.7,0.6,1.0,1.0,0.6,0.0,1.0,0.6708,Chirurgie,same
0.7,0.6,1.0,1.0,0.6,0.0,1.0,0.6536,Chirurgie,same
0.7,0.6,1.0,1.0,0.6,0.0,1.0,0.6893,Chirurgie,same
0.7,0.6,1.0,0.8,0.6,0.2,1.0,0.6633,Chirurgie,same
0.7,0.6,1.0,0.8,0.6,0.2,1.0,0.6717,Chirurgie,same
0.7,0.6,1.0,0.8,0.6,0.2,1.0,0.6765,Chirurgie,same
0.7,0.6,1.0,0.6,0.6,0.4,1.0,0.683,Chirurgie,same
0.7,0.6,1.0,0.6,0.6,0.4,1.0,0.6603,Chirurgie,same
0.7,0.6,1.0,0.6,0.6,0.4,1.0,0.6565,Chirurgie,same
0.6,0.4,1.0,1.0,0.4,0.0,1.0,0.5981,Chirurgie,same
0.6,0.4,1.0,1.0,0.4,0.0,1.0,0.57,Chirurgie,same
0.6,0.4,1.0,1.0,0.4,0.0,1.0,0.5581,Chirurgie,same
0.6,0.4,1.0,0.8,0.4,0.2,1.0,0.5849,Chirurgie,same
0.6,0.4,1.0,0.8,0.4,0.2,1.0,0.5712,Chirurgie,same
0.6,0.4,1.0,0.8,0.4,0.2,1.0,0.5742,Chirurgie,same
0.6,0.4,1.0,0.6,0.4,0.4,1.0,0.5808,Chirurgie,same
0.6,0.4,1.0,0.6,0.4,0.4,1.0,0.608,Chirurgie,same
0.6,0.4,1.0,0.6,0.4,0.4,1.0,0.5776,Chirurgie,same
0.5,0.2,1.0,1.0,0.2,0.0,1.0,0.5029,Chirurgie,same
0.5,0.2,1.0,1.0,0.2,0.0,1.0,0.49,Chirurgie,same
0.5,0.2,1.0,1.0,0.2,0.0,1.0,0.4744,Chirurgie,same
0.5,0.2,1.0,0.8,0.2,0.2,1.0,0.4847,Chirurgie,same
0.5,0.2,1.0,0.8,0.2,0.2,1.0,0.4805,Chirurgie,same
0.5,0.2,1.0,0.8,0.2,0.2,1.0,0.4794,Chirurgie,same
0.5,0.2,1.0,0.6,0.2,0.4,1.0,0.4904,Chirurgie,same
0.5,0.2,1.0,0.6,0.2,0.4,1.0,0.4788,Chirurgie,same
0.5,0.2,1.0,0.6,0.2,0.4,1.0,0.4909,Chirurgie,same
0.5,0.2,1.0,1.0,0.2,0.0,0.65,0.3095,Chirurgie,adjacent
0.5,0.2,1.0,0.8,0.2,0.2,0.65,0.3197,Chirurgie,adjacent
0.5,0.2,1.0,1.0,0.2,0.0,0.65,0.2897,Chirurgie,adjacent
0.5,0.2,1.0,0.8,0.2,0.2,0.65,0.296,Chirurgie,adjacent
0.5,0.2,1.0,1.0,0.2,0.0,0.65,0.2964,Chirurgie,adjacent
0.5,0.2,1.0,0.8,0.2,0.2,0.65,0.305,Chirurgie,adjacent
0.4,0.0,1.0,0.1,0.0,1.0,0.0,0.0507,Chirurgie,different
0.4,0.0,1.0,0.4,0.0,0.6,0.0,0.0622,Chirurgie,different
0.4,0.0,1.0,0.2,0.0,0.8,0.0,0.0469,Chirurgie,different
0.4,0.0,1.0,0.1,0.0,1.0,0.0,0.04,Chirurgie,different
0.8167,0.8333,1.0,1.0,0.8333,0.0,1.0,0.7716,Pharmacie,same
0.8167,0.8333,1.0,1.0,0.8333,0.0,1.0,0.7867,Pharmacie,same
0.8167,0.8333,1.0,1.0,0.8333,0.0,1.0,0.7757,Pharmacie,same
0.8167,0.8333,1.0,0.8,0.8333,0.2,1.0,0.7927,Pharmacie,same
0.8167,0.8333,1.0,0.8,0.8333,0.2,1.0,0.7646,Pharmacie,same
0.8167,0.8333,1.0,0.8,0.8333,0.2,1.0,0.7862,Pharmacie,same
0.8167,0.8333,1.0,0.6,0.8333,0.4,1.0,0.7525,Pharmacie,same
0.8167,0.8333,1.0,0.6,0.8333,0.4,1.0,0.8087,Pharmacie,same
0.8167,0.8333,1.0,0.6,0.8333,0.4,1.0,0.7644,Pharmacie,same
0.7333,0.6667,1.0,1.0,0.6667,0.0,1.0,0.6965,Pharmacie,same
0.7333,0.6667,1.0,1.0,0.6667,0.0,1.0,0.6902,Pharmacie,same
0.7333,0.6667,1.0,1.0,0.6667,0.0,1.0,0.7029,Pharmacie,same
0.7333,0.6667,1.0,0.8,0.6667,0.2,1.0,0.7023,Pharmacie,same
0.7333,0.6667,1.0,0.8,0.6667,0.2,1.0,0.719,Pharmacie,same
0.7333,0.6667,1.0,0.8,0.6667,0.2,1.0,0.6921,Pharmacie,same
0.7333,0.6667,1.0,0.6,0.6667,0.4,1.0,0.7181,Pharmacie,same
0.7333,0.6667,1.0,0.6,0.6667,0.4,1.0,0.7175,Pharmacie,same
0.7333,0.6667,1.0,0.6,0.6667,0.4,1.0,0.6944,Pharmacie,same
0.65,0.5,1.0,1.0,0.5,0.0,1.0,0.6321,Pharmacie,same
0.65,0.5,1.0,1.0,0.5,0.0,1.0,0.6433,Pharmacie,same
0.65,0.5,1.0,1.0,0.5,0.0,1.0,0.6223,Pharmacie,same
0.65,0.5,1.0,0.8,0.5,0.2,1.0,0.6408,Pharmacie,same
0.65,0.5,1.0,0.8,0.5,0.2,1.0,0.626,Pharmacie,same
0.65,0.5,1.0,0.8,0.5,0.2,1.0,0.6089,Pharmacie,same
0.65,0.5,1.0,0.6,0.5,0.4,1.0,0.6475,Pharmacie,same
0.65,0.5,1.0,0.6,0.5,0.4,1.0,0.6222,Pharmacie,same
0.65,0.5,1.0,0.6,0.5,0.4,1.0,0.6217,Pharmacie,same
0.65,0.5,1.0,1.0,0.5,0.0,1.0,0.6359,Pharmacie,same
0.65,0.5,1.0,1.0,0.5,0.0,1.0,0.6189,Pharmacie,same
0.65,0.5,1.0,1.0,0.5,0.0,1.0,0.6428,Pharmacie,same
0.65,0.5,1.0,0.8,0.5,0.2,1.0,0.6276,Pharmacie,same
0.65,0.5,1.0,0.8,0.5,0.2,1.0,0.6276,Pharmacie,same
0.65,0.5,1.0,0.8,0.5,0.2,1.0,0.6344,Pharmacie,same
0.65,0.5,1.0,0.6,0.5,0.4,1.0,0.6284,Pharmacie,same
0.65,0.5,1.0,0.6,0.5,0.4,1.0,0.6411,Pharmacie,same
0.65,0.5,1.0,0.6,0.5,0.4,1.0,0.6191,Pharmacie,same
0.5666,0.3333,1.0,1.0,0.3333,0.0,1.0,0.5501,Pharmacie,same
0.5666,0.3333,1.0,1.0,0.3333,0.0,1.0,0.5444,Pharmacie,same
0.5666,0.3333,1.0,1.0,0.3333,0.0,1.0,0.5598,Pharmacie,same
0.5666,0.3333,1.0,0.8,0.3333,0.2,1.0,0.5508,Pharmacie,same
0.5666,0.3333,1.0,0.8,0.3333,0.2,1.0,0.5391,Pharmacie,same
0.5666,0.3333,1.0,0.8,0.3333,0.2,1.0,0.5515,Pharmacie,same
0.5666,0.3333,1.0,0.6,0.3333,0.4,1.0,0.5589,Pharmacie,same
0.5666,0.3333,1.0,0.6,0.3333,0.4,1.0,0.548,Pharmacie,same
0.5666,0.3333,1.0,0.6,0.3333,0.4,1.0,0.5538,Pharmacie,same
0.4834,0.1667,1.0,1.0,0.1667,0.0,0.65,0.2955,Pharmacie,adjacent
0.4834,0.1667,1.0,0.8,0.1667,0.2,0.65,0.3128,Pharmacie,adjacent
0.4834,0.1667,1.0,1.0,0.1667,0.0,0.65,0.3056,Pharmacie,adjacent
0.4834,0.1667,1.0,0.8,0.1667,0.2,0.65,0.2838,Pharmacie,adjacent
0.4834,0.1667,1.0,1.0,0.1667,0.0,0.65,0.2915,Pharmacie,adjacent
0.4834,0.1667,1.0,0.8,0.1667,0.2,0.65,0.3127,Pharmacie,adjacent
0.4,0.0,1.0,0.6,0.0,0.4,0.0,0.0679,Pharmacie,different
0.4,0.0,1.0,0.4,0.0,0.6,0.0,0.04,Pharmacie,different
0.4,0.0,1.0,1.0,0.0,0.0,0.0,0.0456,Pharmacie,different
0.4,0.0,1.0,0.4,0.0,0.6,0.0,0.04,Pharmacie,different
0.8167,0.8333,1.0,1.0,0.8333,0.0,1.0,0.7929,Soins infirmiers,same
0.8167,0.8333,1.0,1.0,0.8333,0.0,1.0,0.7703,Soins infirmiers,same
0.8167,0.8333,1.0,1.0,0.8333,0.0,1.0,0.7903,Soins infirmiers,same
0.8167,0.8333,1.0,0.8,0.8333,0.2,1.0,0.761,Soins infirmiers,same
0.8167,0.8333,1.0,0.8,0.8333,0.2,1.0,0.7817,Soins infirmiers,same
0.8167,0.8333,1.0,0.8,0.8333,0.2,1.0,0.8033,Soins infirmiers,same
0.8167,0.8333,1.0,0.6,0.8333,0.4,1.0,0.7863,Soins infirmiers,same
0.8167,0.8333,1.0,0.6,0.8333,0.4,1.0,0.7915,Soins infirmiers,same
0.8167,0.8333,1.0,0.6,0.8333,0.4,1.0,0.7869,Soins infirmiers,same
0.7333,0.6667,1.0,1.0,0.6667,0.0,1.0,0.6934,Soins infirmiers,same
0.7333,0.6667,1.0,1.0,0.6667,0.0,1.0,0.6933,Soins infirmiers,same
0.7333,0.6667,1.0,1.0,0.6667,0.0,1.0,0.7078,Soins infirmiers,same
0.7333,0.6667,1.0,0.8,0.6667,0.2,1.0,0.7043,Soins infirmiers,same
0.7333,0.6667,1.0,0.8,0.6667,0.2,1.0,0.6934,Soins infirmiers,same
0.7333,0.6667,1.0,0.8,0.6667,0.2,1.0,0.6978,Soins infirmiers,same
0.7333,0.6667,1.0,0.6,0.6667,0.4,1.0,0.6846,Soins infirmiers,same
0.7333,0.6667,1.0,0.6,0.6667,0.4,1.0,0.71,Soins infirmiers,same
0.7333,0.6667,1.0,0.6,0.6667,0.4,1.0,0.697,Soins infirmiers,same
0.65,0.5,1.0,1.0,0.5,0.0,1.0,0.6256,Soins infirmiers,same
0.65,0.5,1.0,1.0,0.5,0.0,1.0,0.6227,Soins infirmiers,same
0.65,0.5,1.0,1.0,0.5,0.0,1.0,0.6345,Soins infirmiers,same
0.65,0.5,1.0,0.8,0.5,0.2,1.0,0.6279,Soins infirmiers,same
0.65,0.5,1.0,0.8,0.5,0.2,1.0,0.6214,Soins infirmiers,same
0.65,0.5,1.0,0.8,0.5,0.2,1.0,0.626,Soins infirmiers,same
0.65,0.5,1.0,0.6,0.5,0.4,1.0,0.6344,Soins infirmiers,same
0.65,0.5,1.0,0.6,0.5,0.4,1.0,0.6291,Soins infirmiers,same
0.65,0.5,1.0,0.6,0.5,0.4,1.0,0.6095,Soins infirmiers,same
0.65,0.5,1.0,1.0,0.5,0.0,1.0,0.6276,Soins infirmiers,same
0.65,0.5,1.0,1.0,0.5,0.0,1.0,0.6175,Soins infirmiers,same
0.65,0.5,1.0,1.0,0.5,0.0,1.0,0.6314,Soins infirmiers,same
0.65,0.5,1.0,0.8,0.5,0.2,1.0,0.6307,Soins infirmiers,same
0.65,0.5,1.0,0.8,0.5,0.2,1.0,0.6306,Soins infirmiers,same
0.65,0.5,1.0,0.8,0.5,0.2,1.0,0.6326,Soins infirmiers,same
0.65,0.5,1.0,0.6,0.5,0.4,1.0,0.6276,Soins infirmiers,same
0.65,0.5,1.0,0.6,0.5,0.4,1.0,0.6283,Soins infirmiers,same
0.65,0.5,1.0,0.6,0.5,0.4,1.0,0.6293,Soins infirmiers,same
0.5666,0.3333,1.0,1.0,0.3333,0.0,1.0,0.5344,Soins infirmiers,same
0.5666,0.3333,1.0,1.0,0.3333,0.0,1.0,0.5622,Soins infirmiers,same
0.5666,0.3333,1.0,1.0,0.3333,0.0,1.0,0.5258,Soins infirmiers,same
0.5666,0.3333,1.0,0.8,0.3333,0.2,1.0,0.5375,Soins infirmiers,same
0.5666,0.3333,1.0,0.8,0.3333,0.2,1.0,0.555,Soins infirmiers,same
0.5666,0.3333,1.0,0.8,0.3333,0.2,1.0,0.5459,Soins infirmiers,same
0.5666,0.3333,1.0,0.6,0.3333,0.4,1.0,0.5615,Soins infirmiers,same
0.5666,0.3333,1.0,0.6,0.3333,0.4,1.0,0.5479,Soins infirmiers,same
0.5666,0.3333,1.0,0.6,0.3333,0.4,1.0,0.5648,Soins infirmiers,same
0.4834,0.1667,1.0,1.0,0.1667,0.0,0.65,0.285,Soins infirmiers,adjacent
0.4834,0.1667,1.0,0.8,0.1667,0.2,0.65,0.3062,Soins infirmiers,adjacent
0.4834,0.1667,1.0,1.0,0.1667,0.0,0.65,0.315,Soins infirmiers,adjacent
0.4834,0.1667,1.0,0.8,0.1667,0.2,0.65,0.2875,Soins infirmiers,adjacent
0.4834,0.1667,1.0,1.0,0.1667,0.0,0.65,0.2978,Soins infirmiers,adjacent
0.4834,0.1667,1.0,0.8,0.1667,0.2,0.65,0.2983,Soins infirmiers,adjacent
0.4,0.0,1.0,0.8,0.0,0.2,0.0,0.0581,Soins infirmiers,different
0.4,0.0,1.0,0.6,0.0,0.4,0.0,0.04,Soins infirmiers,different
0.4,0.0,1.0,1.0,0.0,0.0,0.0,0.0695,Soins infirmiers,different
0.4,0.0,1.0,1.0,0.0,-0.2,0.0,0.055,Soins infirmiers,different
0.8167,0.8333,1.0,1.0,0.8333,0.0,1.0,0.7595,Kinésithérapie,same
0.8167,0.8333,1.0,1.0,0.8333,0.0,1.0,0.7532,Kinésithérapie,same
0.8167,0.8333,1.0,1.0,0.8333,0.0,1.0,0.7816,Kinésithérapie,same
0.8167,0.8333,1.0,0.8,0.8333,0.2,1.0,0.7895,Kinésithérapie,same
0.8167,0.8333,1.0,0.8,0.8333,0.2,1.0,0.7658,Kinésithérapie,same
0.8167,0.8333,1.0,0.8,0.8333,0.2,1.0,0.7645,Kinésithérapie,same
0.8167,0.8333,1.0,0.6,0.8333,0.4,1.0,0.7843,Kinésithérapie,same
0.8167,0.8333,1.0,0.6,0.8333,0.4,1.0,0.781,Kinésithérapie,same
0.8167,0.8333,1.0,0.6,0.8333,0.4,1.0,0.7661,Kinésithérapie,same
0.7333,0.6667,1.0,1.0,0.6667,0.0,1.0,0.7155,Kinésithérapie,same
0.7333,0.6667,1.0,1.0,0.6667,0.0,1.0,0.7067,Kinésithérapie,same
0.7333,0.6667,1.0,1.0,0.6667,0.0,1.0,0.6916,Kinésithérapie,same
0.7333,0.6667,1.0,0.8,0.6667,0.2,1.0,0.6966,Kinésithérapie,same
0.7333,0.6667,1.0,0.8,0.6667,0.2,1.0,0.6907,Kinésithérapie,same
0.7333,0.6667,1.0,0.8,0.6667,0.2,1.0,0.7207,Kinésithérapie,same
0.7333,0.6667,1.0,0.6,0.6667,0.4,1.0,0.6926,Kinésithérapie,same
0.7333,0.6667,1.0,0.6,0.6667,0.4,1.0,0.6874,Kinésithérapie,same
0.7333,0.6667,1.0,0.6,0.6667,0.4,1.0,0.6959,Kinésithérapie,same
0.65,0.5,1.0,1.0,0.5,0.0,1.0,0.6208,Kinésithérapie,same
0.65,0.5,1.0,1.0,0.5,0.0,1.0,0.6347,Kinésithérapie,same
0.65,0.5,1.0,1.0,0.5,0.0,1.0,0.637,Kinésithérapie,same
0.65,0.5,1.0,0.8,0.5,0.2,1.0,0.6227,Kinésithérapie,same
0.65,0.5,1.0,0.8,0.5,0.2,1.0,0.5894,Kinésithérapie,same
0.65,0.5,1.0,0.8,0.5,0.2,1.0,0.6217,Kinésithérapie,same
0.65,0.5,1.0,0.6,0.5,0.4,1.0,0.6168,Kinésithérapie,same
0.65,0.5,1.0,0.6,0.5,0.4,1.0,0.6124,Kinésithérapie,same
0.65,0.5,1.0,0.6,0.5,0.4,1.0,0.6184,Kinésithérapie,same
0.65,0.5,1.0,1.0,0.5,0.0,1.0,0.629,Kinésithérapie,same
0.65,0.5,1.0,1.0,0.5,0.0,1.0,0.612,Kinésithérapie,same
0.65,0.5,1.0,1.0,0.5,0.0,1.0,0.6404,Kinésithérapie,same
0.65,0.5,1.0,0.8,0.5,0.2,1.0,0.6107,Kinésithérapie,same
0.65,0.5,1.0,0.8,0.5,0.2,1.0,0.6106,Kinésithérapie,same
0.65,0.5,1.0,0.8,0.5,0.2,1.0,0.6294,Kinésithérapie,same
0.65,0.5,1.0,0.6,0.5,0.4,1.0,0.6395,Kinésithérapie,same
0.65,0.5,1.0,0.6,0.5,0.4,1.0,0.6366,Kinésithérapie,same
0.65,0.5,1.0,0.6,0.5,0.4,1.0,0.6193,Kinésithérapie,same
0.5666,0.3333,1.0,1.0,0.3333,0.0,1.0,0.548,Kinésithérapie,same
0.5666,0.3333,1.0,1.0,0.3333,0.0,1.0,0.5442,Kinésithérapie,same
0.5666,0.3333,1.0,1.0,0.3333,0.0,1.0,0.5662,Kinésithérapie,same
0.5666,0.3333,1.0,0.8,0.3333,0.2,1.0,0.5472,Kinésithérapie,same
0.5666,0.3333,1.0,0.8,0.3333,0.2,1.0,0.5505,Kinésithérapie,same
0.5666,0.3333,1.0,0.8,0.3333,0.2,1.0,0.557,Kinésithérapie,same
0.5666,0.3333,1.0,0.6,0.3333,0.4,1.0,0.5356,Kinésithérapie,same
0.5666,0.3333,1.0,0.6,0.3333,0.4,1.0,0.5452,Kinésithérapie,same
0.5666,0.3333,1.0,0.6,0.3333,0.4,1.0,0.5812,Kinésithérapie,same
0.4834,0.1667,1.0,1.0,0.1667,0.0,0.65,0.3207,Kinésithérapie,adjacent
0.4834,0.1667,1.0,0.8,0.1667,0.2,0.65,0.3114,Kinésithérapie,adjacent
0.4834,0.1667,1.0,1.0,0.1667,0.0,0.65,0.2931,Kinésithérapie,adjacent
0.4834,0.1667,1.0,0.8,0.1667,0.2,0.65,0.3168,Kinésithérapie,adjacent
0.4834,0.1667,1.0,1.0,0.1667,0.0,0.65,0.3153,Kinésithérapie,adjacent
0.4834,0.1667,1.0,0.8,0.1667,0.2,0.65,0.2809,Kinésithérapie,adjacent
0.4,0.0,1.0,1.0,0.0,-0.4,0.0,0.0502,Kinésithérapie,different
0.4,0.0,1.0,1.0,0.0,-0.2,0.0,0.0589,Kinésithérapie,different
0.4,0.0,1.0,1.0,0.0,-0.4,0.0,0.0489,Kinésithérapie,different
0.4,0.0,1.0,1.0,0.0,-0.2,0.0,0.0626,Kinésithérapie,different
0.8286,0.8571,1.0,1.0,0.8571,0.0,1.0,0.779,Comptabilité Générale,same
0.8286,0.8571,1.0,1.0,0.8571,0.0,1.0,0.8031,Comptabilité Générale,same
0.8286,0.8571,1.0,1.0,0.8571,0.0,1.0,0.7692,Comptabilité Générale,same
0.8286,0.8571,1.0,0.8,0.8571,0.2,1.0,0.7822,Comptabilité Générale,same
0.8286,0.8571,1.0,0.8,0.8571,0.2,1.0,0.8066,Comptabilité Générale,same
0.8286,0.8571,1.0,0.8,0.8571,0.2,1.0,0.7616,Comptabilité Générale,same
0.8286,0.8571,1.0,0.8,0.8571,0.2,1.0,0.8,Comptabilité Générale,same
0.8286,0.8571,1.0,0.8,0.8571,0.2,1.0,0.7635,Comptabilité Générale,same
0.8286,0.8571,1.0,0.8,0.8571,0.2,1.0,0.7846,Comptabilité Générale,same
0.7571,0.7143,1.0,1.0,0.7143,0.0,1.0,0.7194,Comptabilité Générale,same
0.7571,0.7143,1.0,1.0,0.7143,0.0,1.0,0.7313,Comptabilité Générale,same
0.7571,0.7143,1.0,1.0,0.7143,0.0,1.0,0.6836,Comptabilité Générale,same
0.7571,0.7143,1.0,0.8,0.7143,0.2,1.0,0.6984,Comptabilité Générale,same
0.7571,0.7143,1.0,0.8,0.7143,0.2,1.0,0.7146,Comptabilité Générale,same
0.7571,0.7143,1.0,0.8,0.7143,0.2,1.0,0.7219,Comptabilité Générale,same
0.7571,0.7143,1.0,0.8,0.7143,0.2,1.0,0.7107,Comptabilité Générale,same
0.7571,0.7143,1.0,0.8,0.7143,0.2,1.0,0.7188,Comptabilité Générale,same
0.7571,0.7143,1.0,0.8,0.7143,0.2,1.0,0.7072,Comptabilité Générale,same
0.6857,0.5714,1.0,1.0,0.5714,0.0,1.0,0.6523,Comptabilité Générale,same
0.6857,0.5714,1.0,1.0,0.5714,0.0,1.0,0.647,Comptabilité Générale,same
0.6857,0.5714,1.0,1.0,0.5714,0.0,1.0,0.6601,Comptabilité Générale,same
0.6857,0.5714,1.0,0.8,0.5714,0.2,1.0,0.6641,Comptabilité Générale,same
0.6857,0.5714,1.0,0.8,0.5714,0.2,1.0,0.6743,Comptabilité Générale,same
0.6857,0.5714,1.0,0.8,0.5714,0.2,1.0,0.6493,Comptabilité Générale,same
0.6857,0.5714,1.0,0.8,0.5714,0.2,1.0,0.6533,Comptabilité Générale,same
0.6857,0.5714,1.0,0.8,0.5714,0.2,1.0,0.6577,Comptabilité Générale,same
0.6857,0.5714,1.0,0.8,0.5714,0.2,1.0,0.6536,Comptabilité Générale,same
0.6143,0.4286,1.0,1.0,0.4286,0.0,1.0,0.5922,Comptabilité Générale,same
0.6143,0.4286,1.0,1.0,0.4286,0.0,1.0,0.5741,Comptabilité Générale,same
0.6143,0.4286,1.0,1.0,0.4286,0.0,1.0,0.5973,Comptabilité Générale,same
0.6143,0.4286,1.0,0.8,0.4286,0.2,1.0,0.5819,Comptabilité Générale,same
0.6143,0.4286,1.0,0.8,0.4286,0.2,1.0,0.5814,Comptabilité Générale,same
0.6143,0.4286,1.0,0.8,0.4286,0.2,1.0,0.5738,Comptabilité Générale,same
0.6143,0.4286,1.0,0.8,0.4286,0.2,1.0,0.6068,Comptabilité Générale,same
0.6143,0.4286,1.0,0.8,0.4286,0.2,1.0,0.5912,Comptabilité Générale,same
0.6143,0.4286,1.0,0.8,0.4286,0.2,1.0,0.6067,Comptabilité Générale,same
0.5429,0.2857,1.0,1.0,0.2857,0.0,1.0,0.5318,Comptabilité Générale,same
0.5429,0.2857,1.0,1.0,0.2857,0.0,1.0,0.5081,Comptabilité Générale,same
0.5429,0.2857,1.0,1.0,0.2857,0.0,1.0,0.5156,Comptabilité Générale,same
0.5429,0.2857,1.0,0.8,0.2857,0.2,1.0,0.5377,Comptabilité Générale,same
0.5429,0.2857,1.0,0.8,0.2857,0.2,1.0,0.5194,Comptabilité Générale,same
0.5429,0.2857,1.0,0.8,0.2857,0.2,1.0,0.5155,Comptabilité Générale,same
0.5429,0.2857,1.0,0.8,0.2857,0.2,1.0,0.5264,Comptabilité Générale,same
0.5429,0.2857,1.0,0.8,0.2857,0.2,1.0,0.5264,Comptabilité Générale,same
0.5429,0.2857,1.0,0.8,0.2857,0.2,1.0,0.5164,Comptabilité Générale,same
0.4715,0.1429,1.0,1.0,0.1429,0.0,0.65,0.2889,Comptabilité Générale,adjacent
0.4715,0.1429,1.0,0.8,0.1429,0.2,0.65,0.2871,Comptabilité Générale,adjacent
0.4715,0.1429,1.0,1.0,0.1429,0.0,0.65,0.2618,Comptabilité Générale,adjacent
0.4715,0.1429,1.0,0.8,0.1429,0.2,0.65,0.2989,Comptabilité Générale,adjacent
0.4715,0.1429,1.0,1.0,0.1429,0.0,0.65,0.2831,Comptabilité Générale,adjacent
0.4715,0.1429,1.0,0.8,0.1429,0.2,0.65,0.3085,Comptabilité Générale,adjacent
0.4,0.0,1.0,0.8,0.0,0.2,0.0,0.0643,Comptabilité Générale,different
0.4,0.0,1.0,1.0,0.0,-0.4,0.0,0.04,Comptabilité Générale,different
0.4,0.0,1.0,1.0,0.0,-0.4,0.0,0.0544,Comptabilité Générale,different
0.4,0.0,1.0,1.0,0.0,-0.2,0.0,0.051,Comptabilité Générale,different
0.8286,0.8571,1.0,1.0,0.8571,0.0,1.0,0.7855,Audit et Contrôle de Gestion,same
0.8286,0.8571,1.0,1.0,0.8571,0.0,1.0,0.7729,Audit et Contrôle de Gestion,same
0.8286,0.8571,1.0,1.0,0.8571,0.0,1.0,0.7996,Audit et Contrôle de Gestion,same
0.8286,0.8571,1.0,0.8,0.8571,0.2,1.0,0.7956,Audit et Contrôle de Gestion,same
0.8286,0.8571,1.0,0.8,0.8571,0.2,1.0,0.7948,Audit et Contrôle de Gestion,same
0.8286,0.8571,1.0,0.8,0.8571,0.2,1.0,0.7764,Audit et Contrôle de Gestion,same
0.8286,0.8571,1.0,0.6,0.8571,0.4,1.0,0.7768,Audit et Contrôle de Gestion,same
0.8286,0.8571,1.0,0.6,0.8571,0.4,1.0,0.7614,Audit et Contrôle de Gestion,same
0.8286,0.8571,1.0,0.6,0.8571,0.4,1.0,0.8062,Audit et Contrôle de Gestion,same
0.7571,0.7143,1.0,1.0,0.7143,0.0,1.0,0.7275,Audit et Contrôle de Gestion,same
0.7571,0.7143,1.0,1.0,0.7143,0.0,1.0,0.7183,Audit et Contrôle de Gestion,same
0.7571,0.7143,1.0,1.0,0.7143,0.0,1.0,0.7326,Audit et Contrôle de Gestion,same
0.7571,0.7143,1.0,0.8,0.7143,0.2,1.0,0.7304,Audit et Contrôle de Gestion,same
0.7571,0.7143,1.0,0.8,0.7143,0.2,1.0,0.7331,Audit et Contrôle de Gestion,same
0.7571,0.7143,1.0,0.8,0.7143,0.2,1.0,0.7019,Audit et Contrôle de Gestion,same
0.7571,0.7143,1.0,0.6,0.7143,0.4,1.0,0.7129,Audit et Contrôle de Gestion,same
0.7571,0.7143,1.0,0.6,0.7143,0.4,1.0,0.7238,Audit et Contrôle de Gestion,same
0.7571,0.7143,1.0,0.6,0.7143,0.4,1.0,0.7257,Audit et Contrôle de Gestion,same
0.6857,0.5714,1.0,1.0,0.5714,0.0,1.0,0.6686,Audit et Contrôle de Gestion,same
0.6857,0.5714,1.0,1.0,0.5714,0.0,1.0,0.645,Audit et Contrôle de Gestion,same
0.6857,0.5714,1.0,1.0,0.5714,0.0,1.0,0.6587,Audit et Contrôle de Gestion,same
0.6857,0.5714,1.0,0.8,0.5714,0.2,1.0,0.6836,Audit et Contrôle de Gestion,same
0.6857,0.5714,1.0,0.8,0.5714,0.2,1.0,0.6654,Audit et Contrôle de Gestion,same
0.6857,0.5714,1.0,0.8,0.5714,0.2,1.0,0.6676,Audit et Contrôle de Gestion,same
0.6857,0.5714,1.0,0.6,0.5714,0.4,1.0,0.6569,Audit et Contrôle de Gestion,same
0.6857,0.5714,1.0,0.6,0.5714,0.4,1.0,0.6664,Audit et Contrôle de Gestion,same
0.6857,0.5714,1.0,0.6,0.5714,0.4,1.0,0.6788,Audit et Contrôle de Gestion,same
0.6143,0.4286,1.0,1.0,0.4286,0.0,1.0,0.5941,Audit et Contrôle de Gestion,same
0.6143,0.4286,1.0,1.0,0.4286,0.0,1.0,0.6075,Audit et Contrôle de Gestion,same
0.6143,0.4286,1.0,1.0,0.4286,0.0,1.0,0.5824,Audit et Contrôle de Gestion,same
0.6143,0.4286,1.0,0.8,0.4286,0.2,1.0,0.5999,Audit et Contrôle de Gestion,same
0.6143,0.4286,1.0,0.8,0.4286,0.2,1.0,0.6037,Audit et Contrôle de Gestion,same
0.6143,0.4286,1.0,0.8,0.4286,0.2,1.0,0.5838,Audit et Contrôle de Gestion,same
0.6143,0.4286,1.0,0.6,0.4286,0.4,1.0,0.606,Audit et Contrôle de Gestion,same
0.6143,0.4286,1.0,0.6,0.4286,0.4,1.0,0.5848,Audit et Contrôle de Gestion,same
0.6143,0.4286,1.0,0.6,0.4286,0.4,1.0,0.5832,Audit et Contrôle de Gestion,same
0.5429,0.2857,1.0,1.0,0.2857,0.0,1.0,0.5286,Audit et Contrôle de Gestion,same
0.5429,0.2857,1.0,1.0,0.2857,0.0,1.0,0.5518,Audit et Contrôle de Gestion,same
0.5429,0.2857,1.0,1.0,0.2857,0.0,1.0,0.5323,Audit et Contrôle de Gestion,same
0.5429,0.2857,1.0,0.8,0.2857,0.2,1.0,0.5398,Audit et Contrôle de Gestion,same
0.5429,0.2857,1.0,0.8,0.2857,0.2,1.0,0.5198,Audit et Contrôle de Gestion,same
0.5429,0.2857,1.0,0.8,0.2857,0.2,1.0,0.5295,Audit et Contrôle de Gestion,same
0.5429,0.2857,1.0,0.6,0.2857,0.4,1.0,0.5145,Audit et Contrôle de Gestion,same
0.5429,0.2857,1.0,0.6,0.2857,0.4,1.0,0.5217,Audit et Contrôle de Gestion,same
0.5429,0.2857,1.0,0.6,0.2857,0.4,1.0,0.5386,Audit et Contrôle de Gestion,same
0.5429,0.2857,1.0,1.0,0.2857,0.0,0.65,0.3353,Audit et Contrôle de Gestion,adjacent
0.5429,0.2857,1.0,0.8,0.2857,0.2,0.65,0.3531,Audit et Contrôle de Gestion,adjacent
0.5429,0.2857,1.0,1.0,0.2857,0.0,0.65,0.3333,Audit et Contrôle de Gestion,adjacent
0.5429,0.2857,1.0,0.8,0.2857,0.2,0.65,0.3333,Audit et Contrôle de Gestion,adjacent
0.5429,0.2857,1.0,1.0,0.2857,0.0,0.65,0.351,Audit et Contrôle de Gestion,adjacent
0.5429,0.2857,1.0,0.8,0.2857,0.2,0.65,0.3279,Audit et Contrôle de Gestion,adjacent
0.4,0.0,1.0,0.2,0.0,0.8,0.0,0.04,Audit et Contrôle de Gestion,different
0.4,0.0,1.0,0.8,0.0,0.2,0.0,0.0514,Audit et Contrôle de Gestion,different
0.4,0.0,1.0,0.6,0.0,0.4,0.0,0.0414,Audit et Contrôle de Gestion,different
0.4,0.0,1.0,0.4,0.0,0.6,0.0,0.0499,Audit et Contrôle de Gestion,different
0.8286,0.8571,1.0,1.0,0.8571,0.0,1.0,0.8059,Finance d'Entreprise,same
0.8286,0.8571,1.0,1.0,0.8571,0.0,1.0,0.7877,Finance d'Entreprise,same
0.8286,0.8571,1.0,1.0,0.8571,0.0,1.0,0.7677,Finance d'Entreprise,same
0.8286,0.8571,1.0,0.8,0.8571,0.2,1.0,0.7893,Finance d'Entreprise,same
0.8286,0.8571,1.0,0.8,0.8571,0.2,1.0,0.7898,Finance d'Entreprise,same
0.8286,0.8571,1.0,0.8,0.8571,0.2,1.0,0.7833,Finance d'Entreprise,same
0.8286,0.8571,1.0,0.6,0.8571,0.4,1.0,0.7833,Finance d'Entreprise,same
0.8286,0.8571,1.0,0.6,0.8571,0.4,1.0,0.7865,Finance d'Entreprise,same
0.8286,0.8571,1.0,0.6,0.8571,0.4,1.0,0.7827,Finance d'Entreprise,same
0.7571,0.7143,1.0,1.0,0.7143,0.0,1.0,0.7172,Finance d'Entreprise,same
0.7571,0.7143,1.0,1.0,0.7143,0.0,1.0,0.7262,Finance d'Entreprise,same
0.7571,0.7143,1.0,1.0,0.7143,0.0,1.0,0.7304,Finance d'Entreprise,same
0.7571,0.7143,1.0,0.8,0.7143,0.2,1.0,0.7157,Finance d'Entreprise,same
0.7571,0.7143,1.0,0.8,0.7143,0.2,1.0,0.7145,Finance d'Entreprise,same
0.7571,0.7143,1.0,0.8,0.7143,0.2,1.0,0.7255,Finance d'Entreprise,same
0.7571,0.7143,1.0,0.6,0.7143,0.4,1.0,0.727,Finance d'Entreprise,same
0.7571,0.7143,1.0,0.6,0.7143,0.4,1.0,0.6975,Finance d'Entreprise,same
0.7571,0.7143,1.0,0.6,0.7143,0.4,1.0,0.712,Finance d'Entreprise,same
0.6857,0.5714,1.0,1.0,0.5714,0.0,1.0,0.6677,Finance d'Entreprise,same
0.6857,0.5714,1.0,1.0,0.5714,0.0,1.0,0.6561,Finance d'Entreprise,same
0.6857,0.5714,1.0,1.0,0.5714,0.0,1.0,0.6643,Finance d'Entreprise,same
0.6857,0.5714,1.0,0.8,0.5714,0.2,1.0,0.6819,Finance d'Entreprise,same
0.6857,0.5714,1.0,0.8,0.5714,0.2,1.0,0.6423,Finance d'Entreprise,same
0.6857,0.5714,1.0,0.8,0.5714,0.2,1.0,0.667,Finance d'Entreprise,same
0.6857,0.5714,1.0,0.6,0.5714,0.4,1.0,0.6551,Finance d'Entreprise,same
0.6857,0.5714,1.0,0.6,0.5714,0.4,1.0,0.672,Finance d'Entreprise,same
0.6857,0.5714,1.0,0.6,0.5714,0.4,1.0,0.6414,Finance d'Entreprise,same
0.6143,0.4286,1.0,1.0,0.4286,0.0,1.0,0.5882,Finance d'Entreprise,same
0.6143,0.4286,1.0,1.0,0.4286,0.0,1.0,0.5938,Finance d'Entreprise,same
0.6143,0.4286,1.0,1.0,0.4286,0.0,1.0,0.5931,Finance d'Entreprise,same
0.6143,0.4286,1.0,0.8,0.4286,0.2,1.0,0.5843,Finance d'Entreprise,same
0.6143,0.4286,1.0,0.8,0.4286,0.2,1.0,0.5848,Finance d'Entreprise,same
0.6143,0.4286,1.0,0.8,0.4286,0.2,1.0,0.5768,Finance d'Entreprise,same
0.6143,0.4286,1.0,0.6,0.4286,0.4,1.0,0.5743,Finance d'Entreprise,same
0.6143,0.4286,1.0,0.6,0.4286,0.4,1.0,0.6068,Finance d'Entreprise,same
0.6143,0.4286,1.0,0.6,0.4286,0.4,1.0,0.588,Finance d'Entreprise,same
0.5429,0.2857,1.0,1.0,0.2857,0.0,1.0,0.5267,Finance d'Entreprise,same
0.5429,0.2857,1.0,1.0,0.2857,0.0,1.0,0.5212,Finance d'Entreprise,same
0.5429,0.2857,1.0,1.0,0.2857,0.0,1.0,0.5344,Finance d'Entreprise,same
0.5429,0.2857,1.0,0.8,0.2857,0.2,1.0,0.5368,Finance d'Entreprise,same
0.5429,0.2857,1.0,0.8,0.2857,0.2,1.0,0.5366,Finance d'Entreprise,same
0.5429,0.2857,1.0,0.8,0.2857,0.2,1.0,0.5285,Finance d'Entreprise,same
0.5429,0.2857,1.0,0.6,0.2857,0.4,1.0,0.5192,Finance d'Entreprise,same
0.5429,0.2857,1.0,0.6,0.2857,0.4,1.0,0.516,Finance d'Entreprise,same
0.5429,0.2857,1.0,0.6,0.2857,0.4,1.0,0.5402,Finance d'Entreprise,same
0.4715,0.1429,1.0,1.0,0.1429,0.0,0.65,0.2804,Finance d'Entreprise,adjacent
0.4715,0.1429,1.0,0.8,0.1429,0.2,0.65,0.3059,Finance d'Entreprise,adjacent
0.4715,0.1429,1.0,1.0,0.1429,0.0,0.65,0.2764,Finance d'Entreprise,adjacent
0.4715,0.1429,1.0,0.8,0.1429,0.2,0.65,0.2958,Finance d'Entreprise,adjacent
0.4715,0.1429,1.0,1.0,0.1429,0.0,0.65,0.3029,Finance d'Entreprise,adjacent
0.4715,0.1429,1.0,0.8,0.1429,0.2,0.65,0.2891,Finance d'Entreprise,adjacent
0.4,0.0,1.0,1.0,0.0,0.0,0.0,0.04,Finance d'Entreprise,different
0.4,0.0,1.0,0.8,0.0,0.2,0.0,0.04,Finance d'Entreprise,different
0.4,0.0,1.0,0.8,0.0,0.2,0.0,0.0685,Finance d'Entreprise,different
0.4,0.0,1.0,0.6,0.0,0.4,0.0,0.0723,Finance d'Entreprise,different
0.8375,0.875,1.0,1.0,0.875,0.0,1.0,0.8003,Recrutement,same
0.8375,0.875,1.0,1.0,0.875,0.0,1.0,0.7996,Recrutement,same
0.8375,0.875,1.0,1.0,0.875,0.0,1.0,0.7822,Recrutement,same
0.8375,0.875,1.0,0.8,0.875,0.2,1.0,0.791,Recrutement,same
0.8375,0.875,1.0,0.8,0.875,0.2,1.0,0.7735,Recrutement,same
0.8375,0.875,1.0,0.8,0.875,0.2,1.0,0.815,Recrutement,same
0.8375,0.875,1.0,0.6,0.875,0.4,1.0,0.7888,Recrutement,same
0.8375,0.875,1.0,0.6,0.875,0.4,1.0,0.7796,Recrutement,same
0.8375,0.875,1.0,0.6,0.875,0.4,1.0,0.7773,Recrutement,same
0.775,0.75,1.0,1.0,0.75,0.0,1.0,0.7274,Recrutement,same
0.775,0.75,1.0,1.0,0.75,0.0,1.0,0.7507,Recrutement,same
0.775,0.75,1.0,1.0,0.75,0.0,1.0,0.726,Recrutement,same
0.775,0.75,1.0,0.8,0.75,0.2,1.0,0.7458,Recrutement,same
0.775,0.75,1.0,0.8,0.75,0.2,1.0,0.7231,Recrutement,same
0.775,0.75,1.0,0.8,0.75,0.2,1.0,0.7465,Recrutement,same
0.775,0.75,1.0,0.6,0.75,0.4,1.0,0.7339,Recrutement,same
0.775,0.75,1.0,0.6,0.75,0.4,1.0,0.7344,Recrutement,same
0.775,0.75,1.0,0.6,0.75,0.4,1.0,0.7297,Recrutement,same
0.7125,0.625,1.0,1.0,0.625,0.0,1.0,0.673,Recrutement,same
0.7125,0.625,1.0,1.0,0.625,0.0,1.0,0.6842,Recrutement,same
0.7125,0.625,1.0,1.0,0.625,0.0,1.0,0.6593,Recrutement,same
0.7125,0.625,1.0,0.8,0.625,0.2,1.0,0.7069,Recrutement,same
0.7125,0.625,1.0,0.8,0.625,0.2,1.0,0.6639,Recrutement,same
0.7125,0.625,1.0,0.8,0.625,0.2,1.0,0.7004,Recrutement,same
0.7125,0.625,1.0,0.6,0.625,0.4,1.0,0.6786,Recrutement,same
0.7125,0.625,1.0,0.6,0.625,0.4,1.0,0.6779,Recrutement,same
0.7125,0.625,1.0,0.6,0.625,0.4,1.0,0.6761,Recrutement,same
0.65,0.5,1.0,1.0,0.5,0.0,1.0,0.6561,Recrutement,same
0.65,0.5,1.0,1.0,0.5,0.0,1.0,0.6462,Recrutement,same
0.65,0.5,1.0,1.0,0.5,0.0,1.0,0.618,Recrutement,same
0.65,0.5,1.0,0.8,0.5,0.2,1.0,0.6319,Recrutement,same
0.65,0.5,1.0,0.8,0.5,0.2,1.0,0.6295,Recrutement,same
0.65,0.5,1.0,0.8,0.5,0.2,1.0,0.6046,Recrutement,same
0.65,0.5,1.0,0.6,0.5,0.4,1.0,0.6004,Recrutement,same
0.65,0.5,1.0,0.6,0.5,0.4,1.0,0.6353,Recrutement,same
0.65,0.5,1.0,0.6,0.5,0.4,1.0,0.6284,Recrutement,same
0.525,0.25,1.0,1.0,0.25,0.0,1.0,0.5336,Recrutement,same
0.525,0.25,1.0,1.0,0.25,0.0,1.0,0.511,Recrutement,same
0.525,0.25,1.0,1.0,0.25,0.0,1.0,0.5188,Recrutement,same
0.525,0.25,1.0,0.8,0.25,0.2,1.0,0.5342,Recrutement,same
0.525,0.25,1.0,0.8,0.25,0.2,1.0,0.4975,Recrutement,same
0.525,0.25,1.0,0.8,0.25,0.2,1.0,0.5072,Recrutement,same
0.525,0.25,1.0,0.6,0.25,0.4,1.0,0.5159,Recrutement,same
0.525,0.25,1.0,0.6,0.25,0.4,1.0,0.5044,Recrutement,same
0.525,0.25,1.0,0.6,0.25,0.4,1.0,0.5157,Recrutement,same
0.4625,0.125,1.0,1.0,0.125,0.0,0.65,0.2666,Recrutement,adjacent
0.4625,0.125,1.0,0.8,0.125,0.2,0.65,0.2795,Recrutement,adjacent
0.4625,0.125,1.0,1.0,0.125,0.0,0.65,0.282,Recrutement,adjacent
0.4625,0.125,1.0,0.8,0.125,0.2,0.65,0.3229,Recrutement,adjacent
0.4625,0.125,1.0,1.0,0.125,0.0,0.65,0.2839,Recrutement,adjacent
0.4625,0.125,1.0,0.8,0.125,0.2,0.65,0.2667,Recrutement,adjacent
0.4,0.0,1.0,0.6,0.0,0.4,0.0,0.0446,Recrutement,different
0.4,0.0,1.0,0.6,0.0,0.4,0.0,0.0711,Recrutement,different
0.4,0.0,1.0,0.8,0.0,0.2,0.0,0.052,Recrutement,different
0.4,0.0,1.0,1.0,0.0,0.0,0.0,0.0518,Recrutement,different
0.8286,0.8571,1.0,1.0,0.8571,0.0,1.0,0.7892,Ressources Humaines Généraliste,same
0.8286,0.8571,1.0,1.0,0.8571,0.0,1.0,0.785,Ressources Humaines Généraliste,same
0.8286,0.8571,1.0,1.0,0.8571,0.0,1.0,0.7711,Ressources Humaines Généraliste,same
0.8286,0.8571,1.0,0.8,0.8571,0.2,1.0,0.7853,Ressources Humaines Généraliste,same
0.8286,0.8571,1.0,0.8,0.8571,0.2,1.0,0.7721,Ressources Humaines Généraliste,same
0.8286,0.8571,1.0,0.8,0.8571,0.2,1.0,0.7882,Ressources Humaines Généraliste,same
0.8286,0.8571,1.0,0.6,0.8571,0.4,1.0,0.7715,Ressources Humaines Généraliste,same
0.8286,0.8571,1.0,0.6,0.8571,0.4,1.0,0.7967,Ressources Humaines Généraliste,same
0.8286,0.8571,1.0,0.6,0.8571,0.4,1.0,0.7947,Ressources Humaines Généraliste,same
0.7571,0.7143,1.0,1.0,0.7143,0.0,1.0,0.7248,Ressources Humaines Généraliste,same
0.7571,0.7143,1.0,1.0,0.7143,0.0,1.0,0.7202,Ressources Humaines Généraliste,same
0.7571,0.7143,1.0,1.0,0.7143,0.0,1.0,0.7264,Ressources Humaines Généraliste,same
0.7571,0.7143,1.0,0.8,0.7143,0.2,1.0,0.6978,Ressources Humaines Généraliste,same
0.7571,0.7143,1.0,0.8,0.7143,0.2,1.0,0.7083,Ressources Humaines Généraliste,same
0.7571,0.7143,1.0,0.8,0.7143,0.2,1.0,0.7196,Ressources Humaines Généraliste,same
0.7571,0.7143,1.0,0.6,0.7143,0.4,1.0,0.7256,Ressources Humaines Généraliste,same
0.7571,0.7143,1.0,0.6,0.7143,0.4,1.0,0.7205,Ressources Humaines Généraliste,same
0.7571,0.7143,1.0,0.6,0.7143,0.4,1.0,0.7094,Ressources Humaines Généraliste,same
0.6857,0.5714,1.0,1.0,0.5714,0.0,1.0,0.6587,Ressources Humaines Généraliste,same
0.6857,0.5714,1.0,1.0,0.5714,0.0,1.0,0.6517,Ressources Humaines Généraliste,same
0.6857,0.5714,1.0,1.0,0.5714,0.0,1.0,0.6443,Ressources Humaines Généraliste,same
0.6857,0.5714,1.0,0.8,0.5714,0.2,1.0,0.6611,Ressources Humaines Généraliste,same
0.6857,0.5714,1.0,0.8,0.5714,0.2,1.0,0.6546,Ressources Humaines Généraliste,same
0.6857,0.5714,1.0,0.8,0.5714,0.2,1.0,0.6715,Ressources Humaines Généraliste,same
0.6857,0.5714,1.0,0.6,0.5714,0.4,1.0,0.6651,Ressources Humaines Généraliste,same
0.6857,0.5714,1.0,0.6,0.5714,0.4,1.0,0.666,Ressources Humaines Généraliste,same
0.6857,0.5714,1.0,0.6,0.5714,0.4,1.0,0.661,Ressources Humaines Généraliste,same
0.6143,0.4286,1.0,1.0,0.4286,0.0,1.0,0.5827,Ressources Humaines Généraliste,same
0.6143,0.4286,1.0,1.0,0.4286,0.0,1.0,0.5816,Ressources Humaines Généraliste,same
0.6143,0.4286,1.0,1.0,0.4286,0.0,1.0,0.5752,Ressources Humaines Généraliste,same
0.6143,0.4286,1.0,0.8,0.4286,0.2,1.0,0.6274,Ressources Humaines Généraliste,same
0.6143,0.4286,1.0,0.8,0.4286,0.2,1.0,0.5799,Ressources Humaines Généraliste,same
0.6143,0.4286,1.0,0.8,0.4286,0.2,1.0,0.5903,Ressources Humaines Généraliste,same
0.6143,0.4286,1.0,0.6,0.4286,0.4,1.0,0.5885,Ressources Humaines Généraliste,same
0.6143,0.4286,1.0,0.6,0.4286,0.4,1.0,0.5895,Ressources Humaines Généraliste,same
0.6143,0.4286,1.0,0.6,0.4286,0.4,1.0,0.5858,Ressources Humaines Généraliste,same
0.5429,0.2857,1.0,1.0,0.2857,0.0,1.0,0.5062,Ressources Humaines Généraliste,same
0.5429,0.2857,1.0,1.0,0.2857,0.0,1.0,0.5166,Ressources Humaines Généraliste,same
0.5429,0.2857,1.0,1.0,0.2857,0.0,1.0,0.5119,Ressources Humaines Généraliste,same
0.5429,0.2857,1.0,0.8,0.2857,0.2,1.0,0.5271,Ressources Humaines Généraliste,same
0.5429,0.2857,1.0,0.8,0.2857,0.2,1.0,0.5204,Ressources Humaines Généraliste,same
0.5429,0.2857,1.0,0.8,0.2857,0.2,1.0,0.5203,Ressources Humaines Généraliste,same
0.5429,0.2857,1.0,0.6,0.2857,0.4,1.0,0.5312,Ressources Humaines Généraliste,same
0.5429,0.2857,1.0,0.6,0.2857,0.4,1.0,0.5216,Ressources Humaines Généraliste,same
0.5429,0.2857,1.0,0.6,0.2857,0.4,1.0,0.5398,Ressources Humaines Généraliste,same
0.4715,0.1429,1.0,1.0,0.1429,0.0,0.65,0.2882,Ressources Humaines Généraliste,adjacent
0.4715,0.1429,1.0,0.8,0.1429,0.2,0.65,0.2956,Ressources Humaines Généraliste,adjacent
0.4715,0.1429,1.0,1.0,0.1429,0.0,0.65,0.277,Ressources Humaines Généraliste,adjacent
0.4715,0.1429,1.0,0.8,0.1429,0.2,0.65,0.3007,Ressources Humaines Généraliste,adjacent
0.4715,0.1429,1.0,1.0,0.1429,0.0,0.65,0.288,Ressources Humaines Généraliste,adjacent
0.4715,0.1429,1.0,0.8,0.1429,0.2,0.65,0.2978,Ressources Humaines Généraliste,adjacent
0.4,0.0,1.0,1.0,0.0,-0.2,0.0,0.0543,Ressources Humaines Généraliste,different
0.4,0.0,1.0,1.0,0.0,-0.2,0.0,0.0527,Ressources Humaines Généraliste,different
0.4,0.0,1.0,1.0,0.0,0.0,0.0,0.04,Ressources Humaines Généraliste,different
0.4,0.0,1.0,1.0,0.0,-0.4,0.0,0.0445,Ressources Humaines Généraliste,different
0.8375,0.875,1.0,1.0,0.875,0.0,1.0,0.7908,Marketing Digital,same
0.8375,0.875,1.0,1.0,0.875,0.0,1.0,0.7991,Marketing Digital,same
0.8375,0.875,1.0,1.0,0.875,0.0,1.0,0.783,Marketing Digital,same
0.8375,0.875,1.0,0.8,0.875,0.2,1.0,0.8079,Marketing Digital,same
0.8375,0.875,1.0,0.8,0.875,0.2,1.0,0.7938,Marketing Digital,same
0.8375,0.875,1.0,0.8,0.875,0.2,1.0,0.7696,Marketing Digital,same
0.8375,0.875,1.0,0.6,0.875,0.4,1.0,0.788,Marketing Digital,same
0.8375,0.875,1.0,0.6,0.875,0.4,1.0,0.7627,Marketing Digital,same
0.8375,0.875,1.0,0.6,0.875,0.4,1.0,0.7847,Marketing Digital,same
0.775,0.75,1.0,1.0,0.75,0.0,1.0,0.7309,Marketing Digital,same
0.775,0.75,1.0,1.0,0.75,0.0,1.0,0.7302,Marketing Digital,same
0.775,0.75,1.0,1.0,0.75,0.0,1.0,0.7336,Marketing Digital,same
0.775,0.75,1.0,0.8,0.75,0.2,1.0,0.7328,Marketing Digital,same
0.775,0.75,1.0,0.8,0.75,0.2,1.0,0.7304,Marketing Digital,same
0.775,0.75,1.0,0.8,0.75,0.2,1.0,0.7555,Marketing Digital,same
0.775,0.75,1.0,0.6,0.75,0.4,1.0,0.7521,Marketing Digital,same
0.775,0.75,1.0,0.6,0.75,0.4,1.0,0.7238,Marketing Digital,same
0.775,0.75,1.0,0.6,0.75,0.4,1.0,0.7525,Marketing Digital,same
0.7125,0.625,1.0,1.0,0.625,0.0,1.0,0.6618,Marketing Digital,same
0.7125,0.625,1.0,1.0,0.625,0.0,1.0,0.6715,Marketing Digital,same
0.7125,0.625,1.0,1.0,0.625,0.0,1.0,0.6996,Marketing Digital,same
0.7125,0.625,1.0,0.8,0.625,0.2,1.0,0.6544,Marketing Digital,same
0.7125,0.625,1.0,0.8,0.625,0.2,1.0,0.6881,Marketing Digital,same
0.7125,0.625,1.0,0.8,0.625,0.2,1.0,0.6662,Marketing Digital,same
0.7125,0.625,1.0,0.6,0.625,0.4,1.0,0.6795,Marketing Digital,same
0.7125,0.625,1.0,0.6,0.625,0.4,1.0,0.6791,Marketing Digital,same
0.7125,0.625,1.0,0.6,0.625,0.4,1.0,0.7016,Marketing Digital,same
0.65,0.5,1.0,1.0,0.5,0.0,1.0,0.6153,Marketing Digital,same
0.65,0.5,1.0,1.0,0.5,0.0,1.0,0.6242,Marketing Digital,same
0.65,0.5,1.0,1.0,0.5,0.0,1.0,0.6325,Marketing Digital,same
0.65,0.5,1.0,0.8,0.5,0.2,1.0,0.622,Marketing Digital,same
0.65,0.5,1.0,0.8,0.5,0.2,1.0,0.6151,Marketing Digital,same
0.65,0.5,1.0,0.8,0.5,0.2,1.0,0.6243,Marketing Digital,same
0.65,0.5,1.0,0.6,0.5,0.4,1.0,0.6261,Marketing Digital,same
0.65,0.5,1.0,0.6,0.5,0.4,1.0,0.6356,Marketing Digital,same
0.65,0.5,1.0,0.6,0.5,0.4,1.0,0.6137,Marketing Digital,same
0.525,0.25,1.0,1.0,0.25,0.0,1.0,0.5071,Marketing Digital,same
0.525,0.25,1.0,1.0,0.25,0.0,1.0,0.5164,Marketing Digital,same
0.525,0.25,1.0,1.0,0.25,0.0,1.0,0.5105,Marketing Digital,same
0.525,0.25,1.0,0.8,0.25,0.2,1.0,0.5103,Marketing Digital,same
0.525,0.25,1.0,0.8,0.25,0.2,1.0,0.5123,Marketing Digital,same
0.525,0.25,1.0,0.8,0.25,0.2,1.0,0.5041,Marketing Digital,same
0.525,0.25,1.0,0.6,0.25,0.4,1.0,0.5029,Marketing Digital,same
0.525,0.25,1.0,0.6,0.25,0.4,1.0,0.5178,Marketing Digital,same
0.525,0.25,1.0,0.6,0.25,0.4,1.0,0.4994,Marketing Digital,same
0.4625,0.125,1.0,1.0,0.125,0.0,0.65,0.3015,Marketing Digital,adjacent
0.4625,0.125,1.0,0.8,0.125,0.2,0.65,0.2901,Marketing Digital,adjacent
0.4625,0.125,1.0,1.0,0.125,0.0,0.65,0.2722,Marketing Digital,adjacent
0.4625,0.125,1.0,0.8,0.125,0.2,0.65,0.2909,Marketing Digital,adjacent
0.4625,0.125,1.0,1.0,0.125,0.0,0.65,0.2895,Marketing Digital,adjacent
0.4625,0.125,1.0,0.8,0.125,0.2,0.65,0.2966,Marketing Digital,adjacent
0.4,0.0,1.0,0.6,0.0,0.4,0.0,0.0639,Marketing Digital,different
0.4,0.0,1.0,1.0,0.0,-0.2,0.0,0.04,Marketing Digital,different
0.4,0.0,1.0,1.0,0.0,-0.2,0.0,0.0575,Marketing Digital,different
0.4,0.0,1.0,0.8,0.0,0.2,0.0,0.0596,Marketing Digital,different
0.8167,0.8333,1.0,1.0,0.8333,0.0,1.0,0.7833,Communication / RP,same
0.8167,0.8333,1.0,1.0,0.8333,0.0,1.0,0.7713,Communication / RP,same
0.8167,0.8333,1.0,1.0,0.8333,0.0,1.0,0.7927,Communication / RP,same
0.8167,0.8333,1.0,0.8,0.8333,0.2,1.0,0.7573,Communication / RP,same
0.8167,0.8333,1.0,0.8,0.8333,0.2,1.0,0.7765,Communication / RP,same
0.8167,0.8333,1.0,0.8,0.8333,0.2,1.0,0.7865,Communication / RP,same
0.8167,0.8333,1.0,0.6,0.8333,0.4,1.0,0.7784,Communication / RP,same
0.8167,0.8333,1.0,0.6,0.8333,0.4,1.0,0.7738,Communication / RP,same
0.8167,0.8333,1.0,0.6,0.8333,0.4,1.0,0.7741,Communication / RP,same
0.7333,0.6667,1.0,1.0,0.6667,0.0,1.0,0.6974,Communication / RP,same
0.7333,0.6667,1.0,1.0,0.6667,0.0,1.0,0.7078,Communication / RP,same
0.7333,0.6667,1.0,1.0,0.6667,0.0,1.0,0.706,Communication / RP,same
0.7333,0.6667,1.0,0.8,0.6667,0.2,1.0,0.707,Communication / RP,same
0.7333,0.6667,1.0,0.8,0.6667,0.2,1.0,0.6993,Communication / RP,same
0.7333,0.6667,1.0,0.8,0.6667,0.2,1.0,0.7013,Communication / RP,same
0.7333,0.6667,1.0,0.6,0.6667,0.4,1.0,0.6999,Communication / RP,same
0.7333,0.6667,1.0,0.6,0.6667,0.4,1.0,0.6925,Communication / RP,same
0.7333,0.6667,1.0,0.6,0.6667,0.4,1.0,0.6863,Communication / RP,same
0.65,0.5,1.0,1.0,0.5,0.0,1.0,0.6378,Communication / RP,same
0.65,0.5,1.0,1.0,0.5,0.0,1.0,0.6023,Communication / RP,same
0.65,0.5,1.0,1.0,0.5,0.0,1.0,0.625,Communication / RP,same
0.65,0.5,1.0,0.8,0.5,0.2,1.0,0.6266,Communication / RP,same
0.65,0.5,1.0,0.8,0.5,0.2,1.0,0.6206,Communication / RP,same
0.65,0.5,1.0,0.8,0.5,0.2,1.0,0.6273,Communication / RP,same
0.65,0.5,1.0,0.6,0.5,0.4,1.0,0.6223,Communication / RP,same
0.65,0.5,1.0,0.6,0.5,0.4,1.0,0.6519,Communication / RP,same
0.65,0.5,1.0,0.6,0.5,0.4,1.0,0.6282,Communication / RP,same
0.65,0.5,1.0,1.0,0.5,0.0,1.0,0.6352,Communication / RP,same
0.65,0.5,1.0,1.0,0.5,0.0,1.0,0.613,Communication / RP,same
0.65,0.5,1.0,1.0,0.5,0.0,1.0,0.6081,Communication / RP,same
0.65,0.5,1.0,0.8,0.5,0.2,1.0,0.6166,Communication / RP,same
0.65,0.5,1.0,0.8,0.5,0.2,1.0,0.6198,Communication / RP,same
0.65,0.5,1.0,0.8,0.5,0.2,1.0,0.6279,Communication / RP,same
0.65,0.5,1.0,0.6,0.5,0.4,1.0,0.6355,Communication / RP,same
0.65,0.5,1.0,0.6,0.5,0.4,1.0,0.6264,Communication / RP,same
0.65,0.5,1.0,0.6,0.5,0.4,1.0,0.6303,Communication / RP,same
0.5666,0.3333,1.0,1.0,0.3333,0.0,1.0,0.5342,Communication / RP,same
0.5666,0.3333,1.0,1.0,0.3333,0.0,1.0,0.5633,Communication / RP,same
0.5666,0.3333,1.0,1.0,0.3333,0.0,1.0,0.5265,Communication / RP,same
0.5666,0.3333,1.0,0.8,0.3333,0.2,1.0,0.5697,Communication / RP,same
0.5666,0.3333,1.0,0.8,0.3333,0.2,1.0,0.5622,Communication / RP,same
0.5666,0.3333,1.0,0.8,0.3333,0.2,1.0,0.5507,Communication / RP,same
0.5666,0.3333,1.0,0.6,0.3333,0.4,1.0,0.566,Communication / RP,same
0.5666,0.3333,1.0,0.6,0.3333,0.4,1.0,0.5381,Communication / RP,same
0.5666,0.3333,1.0,0.6,0.3333,0.4,1.0,0.5482,Communication / RP,same
0.4834,0.1667,1.0,1.0,0.1667,0.0,0.65,0.296,Communication / RP,adjacent
0.4834,0.1667,1.0,0.8,0.1667,0.2,0.65,0.3102,Communication / RP,adjacent
0.4834,0.1667,1.0,1.0,0.1667,0.0,0.65,0.2964,Communication / RP,adjacent
0.4834,0.1667,1.0,0.8,0.1667,0.2,0.65,0.3063,Communication / RP,adjacent
0.4834,0.1667,1.0,1.0,0.1667,0.0,0.65,0.2941,Communication / RP,adjacent
0.4834,0.1667,1.0,0.8,0.1667,0.2,0.65,0.2996,Communication / RP,adjacent
0.4,0.0,1.0,1.0,0.0,-0.4,0.0,0.0592,Communication / RP,different
0.4,0.0,1.0,0.8,0.0,0.2,0.0,0.0438,Communication / RP,different
0.4,0.0,1.0,0.6,0.0,0.4,0.0,0.0497,Communication / RP,different
0.4,0.0,1.0,0.8,0.0,0.2,0.0,0.0574,Communication / RP,different
0.8167,0.8333,1.0,1.0,0.8333,0.0,1.0,0.8013,Droit des Affaires,same
0.8167,0.8333,1.0,1.0,0.8333,0.0,1.0,0.7885,Droit des Affaires,same
0.8167,0.8333,1.0,1.0,0.8333,0.0,1.0,0.7657,Droit des Affaires,same
0.8167,0.8333,1.0,0.8,0.8333,0.2,1.0,0.7654,Droit des Affaires,same
0.8167,0.8333,1.0,0.8,0.8333,0.2,1.0,0.7605,Droit des Affaires,same
0.8167,0.8333,1.0,0.8,0.8333,0.2,1.0,0.7688,Droit des Affaires,same
0.8167,0.8333,1.0,0.6,0.8333,0.4,1.0,0.7646,Droit des Affaires,same
0.8167,0.8333,1.0,0.6,0.8333,0.4,1.0,0.7525,Droit des Affaires,same
0.8167,0.8333,1.0,0.6,0.8333,0.4,1.0,0.7531,Droit des Affaires,same
0.7333,0.6667,1.0,1.0,0.6667,0.0,1.0,0.6724,Droit des Affaires,same
0.7333,0.6667,1.0,1.0,0.6667,0.0,1.0,0.6858,Droit des Affaires,same
0.7333,0.6667,1.0,1.0,0.6667,0.0,1.0,0.7286,Droit des Affaires,same
0.7333,0.6667,1.0,0.8,0.6667,0.2,1.0,0.6948,Droit des Affaires,same
0.7333,0.6667,1.0,0.8,0.6667,0.2,1.0,0.7118,Droit des Affaires,same
0.7333,0.6667,1.0,0.8,0.6667,0.2,1.0,0.6834,Droit des Affaires,same
0.7333,0.6667,1.0,0.6,0.6667,0.4,1.0,0.7033,Droit des Affaires,same
0.7333,0.6667,1.0,0.6,0.6667,0.4,1.0,0.7046,Droit des Affaires,same
0.7333,0.6667,1.0,0.6,0.6667,0.4,1.0,0.6846,Droit des Affaires,same
0.65,0.5,1.0,1.0,0.5,0.0,1.0,0.6222,Droit des Affaires,same
0.65,0.5,1.0,1.0,0.5,0.0,1.0,0.6288,Droit des Affaires,same
0.65,0.5,1.0,1.0,0.5,0.0,1.0,0.6218,Droit des Affaires,same
0.65,0.5,1.0,0.8,0.5,0.2,1.0,0.6258,Droit des Affaires,same
0.65,0.5,1.0,0.8,0.5,0.2,1.0,0.6183,Droit des Affaires,same
0.65,0.5,1.0,0.8,0.5,0.2,1.0,0.6322,Droit des Affaires,same
0.65,0.5,1.0,0.6,0.5,0.4,1.0,0.6047,Droit des Affaires,same
0.65,0.5,1.0,0.6,0.5,0.4,1.0,0.5989,Droit des Affaires,same
0.65,0.5,1.0,0.6,0.5,0.4,1.0,0.6386,Droit des Affaires,same
0.65,0.5,1.0,1.0,0.5,0.0,1.0,0.6337,Droit des Affaires,same
0.65,0.5,1.0,1.0,0.5,0.0,1.0,0.6132,Droit des Affaires,same
0.65,0.5,1.0,1.0,0.5,0.0,1.0,0.6355,Droit des Affaires,same
0.65,0.5,1.0,0.8,0.5,0.2,1.0,0.6439,Droit des Affaires,same
0.65,0.5,1.0,0.8,0.5,0.2,1.0,0.6194,Droit des Affaires,same
0.65,0.5,1.0,0.8,0.5,0.2,1.0,0.6504,Droit des Affaires,same
0.65,0.5,1.0,0.6,0.5,0.4,1.0,0.6317,Droit des Affaires,same
0.65,0.5,1.0,0.6,0.5,0.4,1.0,0.618,Droit des Affaires,same
0.65,0.5,1.0,0.6,0.5,0.4,1.0,0.6216,Droit des Affaires,same
0.5666,0.3333,1.0,1.0,0.3333,0.0,1.0,0.5388,Droit des Affaires,same
0.5666,0.3333,1.0,1.0,0.3333,0.0,1.0,0.5413,Droit des Affaires,same
0.5666,0.3333,1.0,1.0,0.3333,0.0,1.0,0.5627,Droit des Affaires,same
0.5666,0.3333,1.0,0.8,0.3333,0.2,1.0,0.5466,Droit des Affaires,same
0.5666,0.3333,1.0,0.8,0.3333,0.2,1.0,0.5585,Droit des Affaires,same
0.5666,0.3333,1.0,0.8,0.3333,0.2,1.0,0.5288,Droit des Affaires,same
0.5666,0.3333,1.0,0.6,0.3333,0.4,1.0,0.555,Droit des Affaires,same
0.5666,0.3333,1.0,0.6,0.3333,0.4,1.0,0.5494,Droit des Affaires,same
0.5666,0.3333,1.0,0.6,0.3333,0.4,1.0,0.5479,Droit des Affaires,same
0.4834,0.1667,1.0,1.0,0.1667,0.0,0.65,0.2973,Droit des Affaires,adjacent
0.4834,0.1667,1.0,0.8,0.1667,0.2,0.65,0.2903,Droit des Affaires,adjacent
0.4834,0.1667,1.0,1.0,0.1667,0.0,0.65,0.2645,Droit des Affaires,adjacent
0.4834,0.1667,1.0,0.8,0.1667,0.2,0.65,0.2837,Droit des Affaires,adjacent
0.4834,0.1667,1.0,1.0,0.1667,0.0,0.65,0.2975,Droit des Affaires,adjacent
0.4834,0.1667,1.0,0.8,0.1667,0.2,0.65,0.2824,Droit des Affaires,adjacent
0.4,0.0,1.0,0.8,0.0,0.2,0.0,0.0703,Droit des Affaires,different
0.4,0.0,1.0,0.6,0.0,0.4,0.0,0.04,Droit des Affaires,different
0.4,0.0,1.0,0.6,0.0,0.4,0.0,0.04,Droit des Affaires,different
0.4,0.0,1.0,0.6,0.0,0.4,0.0,0.04,Droit des Affaires,different
0.8,0.8,1.0,1.0,0.8,0.0,1.0,0.7558,Droit du Travail / RH Juridique,same
0.8,0.8,1.0,1.0,0.8,0.0,1.0,0.7597,Droit du Travail / RH Juridique,same
0.8,0.8,1.0,1.0,0.8,0.0,1.0,0.7834,Droit du Travail / RH Juridique,same
0.8,0.8,1.0,0.8,0.8,0.2,1.0,0.7759,Droit du Travail / RH Juridique,same
0.8,0.8,1.0,0.8,0.8,0.2,1.0,0.7564,Droit du Travail / RH Juridique,same
0.8,0.8,1.0,0.8,0.8,0.2,1.0,0.7629,Droit du Travail / RH Juridique,same
0.8,0.8,1.0,0.6,0.8,0.4,1.0,0.764,Droit du Travail / RH Juridique,same
0.8,0.8,1.0,0.6,0.8,0.4,1.0,0.7462,Droit du Travail / RH Juridique,same
0.8,0.8,1.0,0.6,0.8,0.4,1.0,0.7371,Droit du Travail / RH Juridique,same
0.8,0.8,1.0,1.0,0.8,0.0,1.0,0.7535,Droit du Travail / RH Juridique,same
0.8,0.8,1.0,1.0,0.8,0.0,1.0,0.7763,Droit du Travail / RH Juridique,same
0.8,0.8,1.0,1.0,0.8,0.0,1.0,0.7567,Droit du Travail / RH Juridique,same
0.8,0.8,1.0,0.8,0.8,0.2,1.0,0.7546,Droit du Travail / RH Juridique,same
0.8,0.8,1.0,0.8,0.8,0.2,1.0,0.7587,Droit du Travail / RH Juridique,same
0.8,0.8,1.0,0.8,0.8,0.2,1.0,0.7551,Droit du Travail / RH Juridique,same
0.8,0.8,1.0,0.6,0.8,0.4,1.0,0.7439,Droit du Travail / RH Juridique,same
0.8,0.8,1.0,0.6,0.8,0.4,1.0,0.7538,Droit du Travail / RH Juridique,same
0.8,0.8,1.0,0.6,0.8,0.4,1.0,0.757,Droit du Travail / RH Juridique,same
0.7,0.6,1.0,1.0,0.6,0.0,1.0,0.6755,Droit du Travail / RH Juridique,same
0.7,0.6,1.0,1.0,0.6,0.0,1.0,0.6615,Droit du Travail / RH Juridique,same
0.7,0.6,1.0,1.0,0.6,0.0,1.0,0.6422,Droit du Travail / RH Juridique,same
0.7,0.6,1.0,0.8,0.6,0.2,1.0,0.6965,Droit du Travail / RH Juridique,same
0.7,0.6,1.0,0.8,0.6,0.2,1.0,0.6695,Droit du Travail / RH Juridique,same
0.7,0.6,1.0,0.8,0.6,0.2,1.0,0.6849,Droit du Travail / RH Juridique,same
0.7,0.6,1.0,0.6,0.6,0.4,1.0,0.6799,Droit du Travail / RH Juridique,same
0.7,0.6,1.0,0.6,0.6,0.4,1.0,0.6677,Droit du Travail / RH Juridique,same
0.7,0.6,1.0,0.6,0.6,0.4,1.0,0.6699,Droit du Travail / RH Juridique,same
0.6,0.4,1.0,1.0,0.4,0.0,1.0,0.5693,Droit du Travail / RH Juridique,same
0.6,0.4,1.0,1.0,0.4,0.0,1.0,0.6075,Droit du Travail / RH Juridique,same
0.6,0.4,1.0,1.0,0.4,0.0,1.0,0.5689,Droit du Travail / RH Juridique,same
0.6,0.4,1.0,0.8,0.4,0.2,1.0,0.5972,Droit du Travail / RH Juridique,same
0.6,0.4,1.0,0.8,0.4,0.2,1.0,0.5997,Droit du Travail / RH Juridique,same
0.6,0.4,1.0,0.8,0.4,0.2,1.0,0.6318,Droit du Travail / RH Juridique,same
0.6,0.4,1.0,0.6,0.4,0.4,1.0,0.5857,Droit du Travail / RH Juridique,same
0.6,0.4,1.0,0.6,0.4,0.4,1.0,0.5883,Droit du Travail / RH Juridique,same
0.6,0.4,1.0,0.6,0.4,0.4,1.0,0.5834,Droit du Travail / RH Juridique,same
0.5,0.2,1.0,1.0,0.2,0.0,1.0,0.4761,Droit du Travail / RH Juridique,same
0.5,0.2,1.0,1.0,0.2,0.0,1.0,0.471,Droit du Travail / RH Juridique,same
0.5,0.2,1.0,1.0,0.2,0.0,1.0,0.4851,Droit du Travail / RH Juridique,same
0.5,0.2,1.0,0.8,0.2,0.2,1.0,0.4726,Droit du Travail / RH Juridique,same
0.5,0.2,1.0,0.8,0.2,0.2,1.0,0.4871,Droit du Travail / RH Juridique,same
0.5,0.2,1.0,0.8,0.2,0.2,1.0,0.5019,Droit du Travail / RH Juridique,same
0.5,0.2,1.0,0.6,0.2,0.4,1.0,0.4783,Droit du Travail / RH Juridique,same
0.5,0.2,1.0,0.6,0.2,0.4,1.0,0.4843,Droit du Travail / RH Juridique,same
0.5,0.2,1.0,0.6,0.2,0.4,1.0,0.486,Droit du Travail / RH Juridique,same
0.5,0.2,1.0,1.0,0.2,0.0,0.65,0.3178,Droit du Travail / RH Juridique,adjacent
0.5,0.2,1.0,0.8,0.2,0.2,0.65,0.3267,Droit du Travail / RH Juridique,adjacent
0.5,0.2,1.0,1.0,0.2,0.0,0.65,0.2917,Droit du Travail / RH Juridique,adjacent
0.5,0.2,1.0,0.8,0.2,0.2,0.65,0.2917,Droit du Travail / RH Juridique,adjacent
0.5,0.2,1.0,1.0,0.2,0.0,0.65,0.3094,Droit du Travail / RH Juridique,adjacent
0.5,0.2,1.0,0.8,0.2,0.2,0.65,0.3065,Droit du Travail / RH Juridique,adjacent
0.4,0.0,1.0,0.6,0.0,0.4,0.0,0.044,Droit du Travail / RH Juridique,different
0.4,0.0,1.0,1.0,0.0,0.0,0.0,0.04,Droit du Travail / RH Juridique,different
0.4,0.0,1.0,0.8,0.0,0.2,0.0,0.04,Droit du Travail / RH Juridique,different
0.4,0.0,1.0,0.8,0.0,0.2,0.0,0.0478,Droit du Travail / RH Juridique,different
0.8167,0.8333,1.0,1.0,0.8333,0.0,1.0,0.7554,Enseignement Secondaire,same
0.8167,0.8333,1.0,1.0,0.8333,0.0,1.0,0.7965,Enseignement Secondaire,same
0.8167,0.8333,1.0,1.0,0.8333,0.0,1.0,0.7883,Enseignement Secondaire,same
0.8167,0.8333,1.0,0.8,0.8333,0.2,1.0,0.7737,Enseignement Secondaire,same
0.8167,0.8333,1.0,0.8,0.8333,0.2,1.0,0.7727,Enseignement Secondaire,same
0.8167,0.8333,1.0,0.8,0.8333,0.2,1.0,0.7865,Enseignement Secondaire,same
0.8167,0.8333,1.0,0.6,0.8333,0.4,1.0,0.7442,Enseignement Secondaire,same
0.8167,0.8333,1.0,0.6,0.8333,0.4,1.0,0.7696,Enseignement Secondaire,same
0.8167,0.8333,1.0,0.6,0.8333,0.4,1.0,0.7838,Enseignement Secondaire,same
0.7333,0.6667,1.0,1.0,0.6667,0.0,1.0,0.6803,Enseignement Secondaire,same
0.7333,0.6667,1.0,1.0,0.6667,0.0,1.0,0.7059,Enseignement Secondaire,same
0.7333,0.6667,1.0,1.0,0.6667,0.0,1.0,0.707,Enseignement Secondaire,same
0.7333,0.6667,1.0,0.8,0.6667,0.2,1.0,0.6846,Enseignement Secondaire,same
0.7333,0.6667,1.0,0.8,0.6667,0.2,1.0,0.6811,Enseignement Secondaire,same
0.7333,0.6667,1.0,0.8,0.6667,0.2,1.0,0.6947,Enseignement Secondaire,same
0.7333,0.6667,1.0,0.6,0.6667,0.4,1.0,0.6981,Enseignement Secondaire,same
0.7333,0.6667,1.0,0.6,0.6667,0.4,1.0,0.7133,Enseignement Secondaire,same
0.7333,0.6667,1.0,0.6,0.6667,0.4,1.0,0.6807,Enseignement Secondaire,same
0.65,0.5,1.0,1.0,0.5,0.0,1.0,0.6205,Enseignement Secondaire,same
0.65,0.5,1.0,1.0,0.5,0.0,1.0,0.6449,Enseignement Secondaire,same
0.65,0.5,1.0,1.0,0.5,0.0,1.0,0.6213,Enseignement Secondaire,same
0.65,0.5,1.0,0.8,0.5,0.2,1.0,0.6508,Enseignement Secondaire,same
0.65,0.5,1.0,0.8,0.5,0.2,1.0,0.6327,Enseignement Secondaire,same
0.65,0.5,1.0,0.8,0.5,0.2,1.0,0.6353,Enseignement Secondaire,same
0.65,0.5,1.0,0.6,0.5,0.4,1.0,0.633,Enseignement Secondaire,same
0.65,0.5,1.0,0.6,0.5,0.4,1.0,0.6222,Enseignement Secondaire,same
0.65,0.5,1.0,0.6,0.5,0.4,1.0,0.6144,Enseignement Secondaire,same
0.65,0.5,1.0,1.0,0.5,0.0,1.0,0.6284,Enseignement Secondaire,same
0.65,0.5,1.0,1.0,0.5,0.0,1.0,0.6289,Enseignement Secondaire,same
0.65,0.5,1.0,1.0,0.5,0.0,1.0,0.6257,Enseignement Secondaire,same
0.65,0.5,1.0,0.8,0.5,0.2,1.0,0.6162,Enseignement Secondaire,same
0.65,0.5,1.0,0.8,0.5,0.2,1.0,0.6249,Enseignement Secondaire,same
0.65,0.5,1.0,0.8,0.5,0.2,1.0,0.6366,Enseignement Secondaire,same
0.65,0.5,1.0,0.6,0.5,0.4,1.0,0.6246,Enseignement Secondaire,same
0.65,0.5,1.0,0.6,0.5,0.4,1.0,0.6523,Enseignement Secondaire,same
0.65,0.5,1.0,0.6,0.5,0.4,1.0,0.6299,Enseignement Secondaire,same
0.5666,0.3333,1.0,1.0,0.3333,0.0,1.0,0.5592,Enseignement Secondaire,same
0.5666,0.3333,1.0,1.0,0.3333,0.0,1.0,0.5353,Enseignement Secondaire,same
0.5666,0.3333,1.0,1.0,0.3333,0.0,1.0,0.5517,Enseignement Secondaire,same
0.5666,0.3333,1.0,0.8,0.3333,0.2,1.0,0.5437,Enseignement Secondaire,same
0.5666,0.3333,1.0,0.8,0.3333,0.2,1.0,0.5448,Enseignement Secondaire,same
0.5666,0.3333,1.0,0.8,0.3333,0.2,1.0,0.572,Enseignement Secondaire,same
0.5666,0.3333,1.0,0.6,0.3333,0.4,1.0,0.5478,Enseignement Secondaire,same
0.5666,0.3333,1.0,0.6,0.3333,0.4,1.0,0.5438,Enseignement Secondaire,same
0.5666,0.3333,1.0,0.6,0.3333,0.4,1.0,0.5464,Enseignement Secondaire,same
0.4834,0.1667,1.0,1.0,0.1667,0.0,0.65,0.2874,Enseignement Secondaire,adjacent
0.4834,0.1667,1.0,0.8,0.1667,0.2,0.65,0.3049,Enseignement Secondaire,adjacent
0.4834,0.1667,1.0,1.0,0.1667,0.0,0.65,0.3002,Enseignement Secondaire,adjacent
0.4834,0.1667,1.0,0.8,0.1667,0.2,0.65,0.2992,Enseignement Secondaire,adjacent
0.4834,0.1667,1.0,1.0,0.1667,0.0,0.65,0.3228,Enseignement Secondaire,adjacent
0.4834,0.1667,1.0,0.8,0.1667,0.2,0.65,0.2816,Enseignement Secondaire,adjacent
0.4,0.0,1.0,1.0,0.0,0.0,0.0,0.0442,Enseignement Secondaire,different
0.4,0.0,1.0,0.2,0.0,0.8,0.0,0.0505,Enseignement Secondaire,different
0.4,0.0,1.0,0.4,0.0,0.6,0.0,0.0561,Enseignement Secondaire,different
0.4,0.0,1.0,1.0,0.0,0.0,0.0,0.0711,Enseignement Secondaire,different
0.8,0.8,1.0,1.0,0.8,0.0,1.0,0.7688,Formation Professionnelle,same
0.8,0.8,1.0,1.0,0.8,0.0,1.0,0.7451,Formation Professionnelle,same
0.8,0.8,1.0,1.0,0.8,0.0,1.0,0.76,Formation Professionnelle,same
0.8,0.8,1.0,0.8,0.8,0.2,1.0,0.7494,Formation Professionnelle,same
0.8,0.8,1.0,0.8,0.8,0.2,1.0,0.7484,Formation Professionnelle,same
0.8,0.8,1.0,0.8,0.8,0.2,1.0,0.758,Formation Professionnelle,same
0.8,0.8,1.0,0.6,0.8,0.4,1.0,0.7502,Formation Professionnelle,same
0.8,0.8,1.0,0.6,0.8,0.4,1.0,0.7712,Formation Professionnelle,same
0.8,0.8,1.0,0.6,0.8,0.4,1.0,0.7601,Formation Professionnelle,same
0.8,0.8,1.0,1.0,0.8,0.0,1.0,0.753,Formation Professionnelle,same
0.8,0.8,1.0,1.0,0.8,0.0,1.0,0.7567,Formation Professionnelle,same
0.8,0.8,1.0,1.0,0.8,0.0,1.0,0.7528,Formation Professionnelle,same
0.8,0.8,1.0,0.8,0.8,0.2,1.0,0.7473,Formation Professionnelle,same
0.8,0.8,1.0,0.8,0.8,0.2,1.0,0.741,Formation Professionnelle,same
0.8,0.8,1.0,0.8,0.8,0.2,1.0,0.7828,Formation Professionnelle,same
0.8,0.8,1.0,0.6,0.8,0.4,1.0,0.7397,Formation Professionnelle,same
0.8,0.8,1.0,0.6,0.8,0.4,1.0,0.7542,Formation Professionnelle,same
0.8,0.8,1.0,0.6,0.8,0.4,1.0,0.7576,Formation Professionnelle,same
0.7,0.6,1.0,1.0,0.6,0.0,1.0,0.6699,Formation Professionnelle,same
0.7,0.6,1.0,1.0,0.6,0.0,1.0,0.6725,Formation Professionnelle,same
0.7,0.6,1.0,1.0,0.6,0.0,1.0,0.6674,Formation Professionnelle,same
0.7,0.6,1.0,0.8,0.6,0.2,1.0,0.6612,Formation Professionnelle,same
0.7,0.6,1.0,0.8,0.6,0.2,1.0,0.6776,Formation Professionnelle,same
0.7,0.6,1.0,0.8,0.6,0.2,1.0,0.6698,Formation Professionnelle,same
0.7,0.6,1.0,0.6,0.6,0.4,1.0,0.6587,Formation Professionnelle,same
0.7,0.6,1.0,0.6,0.6,0.4,1.0,0.6781,Formation Professionnelle,same
0.7,0.6,1.0,0.6,0.6,0.4,1.0,0.6737,Formation Professionnelle,same
0.6,0.4,1.0,1.0,0.4,0.0,1.0,0.5769,Formation Professionnelle,same
0.6,0.4,1.0,1.0,0.4,0.0,1.0,0.5753,Formation Professionnelle,same
0.6,0.4,1.0,1.0,0.4,0.0,1.0,0.5624,Formation Professionnelle,same
0.6,0.4,1.0,0.8,0.4,0.2,1.0,0.5701,Formation Professionnelle,same
0.6,0.4,1.0,0.8,0.4,0.2,1.0,0.5875,Formation Professionnelle,same
0.6,0.4,1.0,0.8,0.4,0.2,1.0,0.5883,Formation Professionnelle,same
0.6,0.4,1.0,0.6,0.4,0.4,1.0,0.5709,Formation Professionnelle,same
0.6,0.4,1.0,0.6,0.4,0.4,1.0,0.5946,Formation Professionnelle,same
0.6,0.4,1.0,0.6,0.4,0.4,1.0,0.5888,Formation Professionnelle,same
0.5,0.2,1.0,1.0,0.2,0.0,1.0,0.474,Formation Professionnelle,same
0.5,0.2,1.0,1.0,0.2,0.0,1.0,0.5036,Formation Professionnelle,same
0.5,0.2,1.0,1.0,0.2,0.0,1.0,0.4884,Formation Professionnelle,same
0.5,0.2,1.0,0.8,0.2,0.2,1.0,0.4927,Formation Professionnelle,same
0.5,0.2,1.0,0.8,0.2,0.2,1.0,0.4959,Formation Professionnelle,same
0.5,0.2,1.0,0.8,0.2,0.2,1.0,0.4839,Formation Professionnelle,same
0.5,0.2,1.0,0.6,0.2,0.4,1.0,0.4619,Formation Professionnelle,same
0.5,0.2,1.0,0.6,0.2,0.4,1.0,0.4978,Formation Professionnelle,same
0.5,0.2,1.0,0.6,0.2,0.4,1.0,0.4919,Formation Professionnelle,same
0.5,0.2,1.0,1.0,0.2,0.0,0.65,0.3164,Formation Professionnelle,adjacent
0.5,0.2,1.0,0.8,0.2,0.2,0.65,0.2858,Formation Professionnelle,adjacent
0.5,0.2,1.0,1.0,0.2,0.0,0.65,0.3059,Formation Professionnelle,adjacent
0.5,0.2,1.0,0.8,0.2,0.2,0.65,0.3195,Formation Professionnelle,adjacent
0.5,0.2,1.0,1.0,0.2,0.0,0.65,0.2923,Formation Professionnelle,adjacent
0.5,0.2,1.0,0.8,0.2,0.2,0.65,0.3232,Formation Professionnelle,adjacent
0.4,0.0,1.0,1.0,0.0,-0.2,0.0,0.0669,Formation Professionnelle,different
0.4,0.0,1.0,1.0,0.0,0.0,0.0,0.0539,Formation Professionnelle,different
0.4,0.0,1.0,0.6,0.0,0.4,0.0,0.047,Formation Professionnelle,different
0.4,0.0,1.0,1.0,0.0,0.0,0.0,0.0554,Formation Professionnelle,different
0.8167,0.8333,1.0,1.0,0.8333,0.0,1.0,0.7902,Génie Civil / BTP,same
0.8167,0.8333,1.0,1.0,0.8333,0.0,1.0,0.7623,Génie Civil / BTP,same
0.8167,0.8333,1.0,1.0,0.8333,0.0,1.0,0.7844,Génie Civil / BTP,same
0.8167,0.8333,1.0,0.8,0.8333,0.2,1.0,0.7677,Génie Civil / BTP,same
0.8167,0.8333,1.0,0.8,0.8333,0.2,1.0,0.7889,Génie Civil / BTP,same
0.8167,0.8333,1.0,0.8,0.8333,0.2,1.0,0.7727,Génie Civil / BTP,same
0.8167,0.8333,1.0,0.6,0.8333,0.4,1.0,0.7477,Génie Civil / BTP,same
0.8167,0.8333,1.0,0.6,0.8333,0.4,1.0,0.7754,Génie Civil / BTP,same
0.8167,0.8333,1.0,0.6,0.8333,0.4,1.0,0.7536,Génie Civil / BTP,same
0.7333,0.6667,1.0,1.0,0.6667,0.0,1.0,0.6974,Génie Civil / BTP,same
0.7333,0.6667,1.0,1.0,0.6667,0.0,1.0,0.6993,Génie Civil / BTP,same
0.7333,0.6667,1.0,1.0,0.6667,0.0,1.0,0.6952,Génie Civil / BTP,same
0.7333,0.6667,1.0,0.8,0.6667,0.2,1.0,0.6822,Génie Civil / BTP,same
0.7333,0.6667,1.0,0.8,0.6667,0.2,1.0,0.6866,Génie Civil / BTP,same
0.7333,0.6667,1.0,0.8,0.6667,0.2,1.0,0.6899,Génie Civil / BTP,same
0.7333,0.6667,1.0,0.6,0.6667,0.4,1.0,0.697,Génie Civil / BTP,same
0.7333,0.6667,1.0,0.6,0.6667,0.4,1.0,0.7155,Génie Civil / BTP,same
0.7333,0.6667,1.0,0.6,0.6667,0.4,1.0,0.7085,Génie Civil / BTP,same
0.65,0.5,1.0,1.0,0.5,0.0,1.0,0.6193,Génie Civil / BTP,same
0.65,0.5,1.0,1.0,0.5,0.0,1.0,0.6403,Génie Civil / BTP,same
0.65,0.5,1.0,1.0,0.5,0.0,1.0,0.6086,Génie Civil / BTP,same
0.65,0.5,1.0,0.8,0.5,0.2,1.0,0.6332,Génie Civil / BTP,same
0.65,0.5,1.0,0.8,0.5,0.2,1.0,0.6229,Génie Civil / BTP,same
0.65,0.5,1.0,0.8,0.5,0.2,1.0,0.6278,Génie Civil / BTP,same
0.65,0.5,1.0,0.6,0.5,0.4,1.0,0.6327,Génie Civil / BTP,same
0.65,0.5,1.0,0.6,0.5,0.4,1.0,0.6168,Génie Civil / BTP,same
0.65,0.5,1.0,0.6,0.5,0.4,1.0,0.6346,Génie Civil / BTP,same
0.65,0.5,1.0,1.0,0.5,0.0,1.0,0.6249,Génie Civil / BTP,same
0.65,0.5,1.0,1.0,0.5,0.0,1.0,0.6539,Génie Civil / BTP,same
0.65,0.5,1.0,1.0,0.5,0.0,1.0,0.6213,Génie Civil / BTP,same
0.65,0.5,1.0,0.8,0.5,0.2,1.0,0.6402,Génie Civil / BTP,same
0.65,0.5,1.0,0.8,0.5,0.2,1.0,0.6328,Génie Civil / BTP,same
0.65,0.5,1.0,0.8,0.5,0.2,1.0,0.6109,Génie Civil / BTP,same
0.65,0.5,1.0,0.6,0.5,0.4,1.0,0.6413,Génie Civil / BTP,same
0.65,0.5,1.0,0.6,0.5,0.4,1.0,0.6123,Génie Civil / BTP,same
0.65,0.5,1.0,0.6,0.5,0.4,1.0,0.5982,Génie Civil / BTP,same
0.5666,0.3333,1.0,1.0,0.3333,0.0,1.0,0.5602,Génie Civil / BTP,same
0.5666,0.3333,1.0,1.0,0.3333,0.0,1.0,0.5628,Génie Civil / BTP,same
0.5666,0.3333,1.0,1.0,0.3333,0.0,1.0,0.5506,Génie Civil / BTP,same
0.5666,0.3333,1.0,0.8,0.3333,0.2,1.0,0.5469,Génie Civil / BTP,same
0.5666,0.3333,1.0,0.8,0.3333,0.2,1.0,0.569,Génie Civil / BTP,same
0.5666,0.3333,1.0,0.8,0.3333,0.2,1.0,0.5585,Génie Civil / BTP,same
0.5666,0.3333,1.0,0.6,0.3333,0.4,1.0,0.5421,Génie Civil / BTP,same
0.5666,0.3333,1.0,0.6,0.3333,0.4,1.0,0.5588,Génie Civil / BTP,same
0.5666,0.3333,1.0,0.6,0.3333,0.4,1.0,0.5351,Génie Civil / BTP,same
0.4834,0.1667,1.0,1.0,0.1667,0.0,0.65,0.2933,Génie Civil / BTP,adjacent
0.4834,0.1667,1.0,0.8,0.1667,0.2,0.65,0.2874,Génie Civil / BTP,adjacent
0.4834,0.1667,1.0,1.0,0.1667,0.0,0.65,0.2736,Génie Civil / BTP,adjacent
0.4834,0.1667,1.0,0.8,0.1667,0.2,0.65,0.2859,Génie Civil / BTP,adjacent
0.4834,0.1667,1.0,1.0,0.1667,0.0,0.65,0.3147,Génie Civil / BTP,adjacent
0.4834,0.1667,1.0,0.8,0.1667,0.2,0.65,0.2868,Génie Civil / BTP,adjacent
0.4,0.0,1.0,0.8,0.0,0.2,0.0,0.0434,Génie Civil / BTP,different
0.4,0.0,1.0,0.6,0.0,0.4,0.0,0.0527,Génie Civil / BTP,different
0.4,0.0,1.0,0.4,0.0,0.6,0.0,0.0493,Génie Civil / BTP,different
0.4,0.0,1.0,1.0,0.0,0.0,0.0,0.0551,Génie Civil / BTP,different
0.8286,0.8571,1.0,1.0,0.8571,0.0,1.0,0.7826,Génie Électrique / Électronique,same
0.8286,0.8571,1.0,1.0,0.8571,0.0,1.0,0.7886,Génie Électrique / Électronique,same
0.8286,0.8571,1.0,1.0,0.8571,0.0,1.0,0.7672,Génie Électrique / Électronique,same
0.8286,0.8571,1.0,0.8,0.8571,0.2,1.0,0.7894,Génie Électrique / Électronique,same
0.8286,0.8571,1.0,0.8,0.8571,0.2,1.0,0.8018,Génie Électrique / Électronique,same
0.8286,0.8571,1.0,0.8,0.8571,0.2,1.0,0.7707,Génie Électrique / Électronique,same
0.8286,0.8571,1.0,0.6,0.8571,0.4,1.0,0.7448,Génie Électrique / Électronique,same
0.8286,0.8571,1.0,0.6,0.8571,0.4,1.0,0.7877,Génie Électrique / Électronique,same
0.8286,0.8571,1.0,0.6,0.8571,0.4,1.0,0.7919,Génie Électrique / Électronique,same
0.7571,0.7143,1.0,1.0,0.7143,0.0,1.0,0.728,Génie Électrique / Électronique,same
0.7571,0.7143,1.0,1.0,0.7143,0.0,1.0,0.7247,Génie Électrique / Électronique,same
0.7571,0.7143,1.0,1.0,0.7143,0.0,1.0,0.712,Génie Électrique / Électronique,same
0.7571,0.7143,1.0,0.8,0.7143,0.2,1.0,0.6813,Génie Électrique / Électronique,same
0.7571,0.7143,1.0,0.8,0.7143,0.2,1.0,0.7331,Génie Électrique / Électronique,same
0.7571,0.7143,1.0,0.8,0.7143,0.2,1.0,0.6923,Génie Électrique / Électronique,same
0.7571,0.7143,1.0,0.6,0.7143,0.4,1.0,0.7392,Génie Électrique / Électronique,same
0.7571,0.7143,1.0,0.6,0.7143,0.4,1.0,0.7199,Génie Électrique / Électronique,same
0.7571,0.7143,1.0,0.6,0.7143,0.4,1.0,0.7176,Génie Électrique / Électronique,same
0.6857,0.5714,1.0,1.0,0.5714,0.0,1.0,0.6425,Génie Électrique / Électronique,same
0.6857,0.5714,1.0,1.0,0.5714,0.0,1.0,0.6546,Génie Électrique / Électronique,same
0.6857,0.5714,1.0,1.0,0.5714,0.0,1.0,0.667,Génie Électrique / Électronique,same
0.6857,0.5714,1.0,0.8,0.5714,0.2,1.0,0.6675,Génie Électrique / Électronique,same
0.6857,0.5714,1.0,0.8,0.5714,0.2,1.0,0.6729,Génie Électrique / Électronique,same
0.6857,0.5714,1.0,0.8,0.5714,0.2,1.0,0.6549,Génie Électrique / Électronique,same
0.6857,0.5714,1.0,0.6,0.5714,0.4,1.0,0.6501,Génie Électrique / Électronique,same
0.6857,0.5714,1.0,0.6,0.5714,0.4,1.0,0.6516,Génie Électrique / Électronique,same
0.6857,0.5714,1.0,0.6,0.5714,0.4,1.0,0.6637,Génie Électrique / Électronique,same
0.6143,0.4286,1.0,1.0,0.4286,0.0,1.0,0.614,Génie Électrique / Électronique,same
0.6143,0.4286,1.0,1.0,0.4286,0.0,1.0,0.5909,Génie Électrique / Électronique,same
0.6143,0.4286,1.0,1.0,0.4286,0.0,1.0,0.594,Génie Électrique / Électronique,same
0.6143,0.4286,1.0,0.8,0.4286,0.2,1.0,0.6068,Génie Électrique / Électronique,same
0.6143,0.4286,1.0,0.8,0.4286,0.2,1.0,0.5828,Génie Électrique / Électronique,same
0.6143,0.4286,1.0,0.8,0.4286,0.2,1.0,0.6049,Génie Électrique / Électronique,same
0.6143,0.4286,1.0,0.6,0.4286,0.4,1.0,0.5593,Génie Électrique / Électronique,same
0.6143,0.4286,1.0,0.6,0.4286,0.4,1.0,0.5998,Génie Électrique / Électronique,same
0.6143,0.4286,1.0,0.6,0.4286,0.4,1.0,0.6099,Génie Électrique / Électronique,same
0.5429,0.2857,1.0,1.0,0.2857,0.0,1.0,0.5467,Génie Électrique / Électronique,same
0.5429,0.2857,1.0,1.0,0.2857,0.0,1.0,0.5396,Génie Électrique / Électronique,same
0.5429,0.2857,1.0,1.0,0.2857,0.0,1.0,0.5334,Génie Électrique / Électronique,same
0.5429,0.2857,1.0,0.8,0.2857,0.2,1.0,0.5257,Génie Électrique / Électronique,same
0.5429,0.2857,1.0,0.8,0.2857,0.2,1.0,0.5152,Génie Électrique / Électronique,same
0.5429,0.2857,1.0,0.8,0.2857,0.2,1.0,0.5181,Génie Électrique / Électronique,same
0.5429,0.2857,1.0,0.6,0.2857,0.4,1.0,0.5351,Génie Électrique / Électronique,same
0.5429,0.2857,1.0,0.6,0.2857,0.4,1.0,0.523,Génie Électrique / Électronique,same
0.5429,0.2857,1.0,0.6,0.2857,0.4,1.0,0.5258,Génie Électrique / Électronique,same
0.4715,0.1429,1.0,1.0,0.1429,0.0,0.65,0.2909,Génie Électrique / Électronique,adjacent
0.4715,0.1429,1.0,0.8,0.1429,0.2,0.65,0.2972,Génie Électrique / Électronique,adjacent
0.4715,0.1429,1.0,1.0,0.1429,0.0,0.65,0.2787,Génie Électrique / Électronique,adjacent
0.4715,0.1429,1.0,0.8,0.1429,0.2,0.65,0.2959,Génie Électrique / Électronique,adjacent
0.4715,0.1429,1.0,1.0,0.1429,0.0,0.65,0.3085,Génie Électrique / Électronique,adjacent
0.4715,0.1429,1.0,0.8,0.1429,0.2,0.65,0.3091,Génie Électrique / Électronique,adjacent
0.4,0.0,1.0,1.0,0.0,-0.4,0.0,0.04,Génie Électrique / Électronique,different
0.4,0.0,1.0,0.8,0.0,0.2,0.0,0.04,Génie Électrique / Électronique,different
0.4,0.0,1.0,1.0,0.0,-0.4,0.0,0.0571,Génie Électrique / Électronique,different
0.4,0.0,1.0,1.0,0.0,0.0,0.0,0.04,Génie Électrique / Électronique,different
0.8167,0.8333,1.0,1.0,0.8333,0.0,1.0,0.7897,Génie Mécanique,same
0.8167,0.8333,1.0,1.0,0.8333,0.0,1.0,0.7989,Génie Mécanique,same
0.8167,0.8333,1.0,1.0,0.8333,0.0,1.0,0.7795,Génie Mécanique,same
0.8167,0.8333,1.0,0.8,0.8333,0.2,1.0,0.8038,Génie Mécanique,same
0.8167,0.8333,1.0,0.8,0.8333,0.2,1.0,0.7653,Génie Mécanique,same
0.8167,0.8333,1.0,0.8,0.8333,0.2,1.0,0.7738,Génie Mécanique,same
0.8167,0.8333,1.0,0.6,0.8333,0.4,1.0,0.782,Génie Mécanique,same
0.8167,0.8333,1.0,0.6,0.8333,0.4,1.0,0.7788,Génie Mécanique,same
0.8167,0.8333,1.0,0.6,0.8333,0.4,1.0,0.7843,Génie Mécanique,same
0.7333,0.6667,1.0,1.0,0.6667,0.0,1.0,0.6974,Génie Mécanique,same
0.7333,0.6667,1.0,1.0,0.6667,0.0,1.0,0.6883,Génie Mécanique,same
0.7333,0.6667,1.0,1.0,0.6667,0.0,1.0,0.6883,Génie Mécanique,same
0.7333,0.6667,1.0,0.8,0.6667,0.2,1.0,0.7143,Génie Mécanique,same
0.7333,0.6667,1.0,0.8,0.6667,0.2,1.0,0.7095,Génie Mécanique,same
0.7333,0.6667,1.0,0.8,0.6667,0.2,1.0,0.6867,Génie Mécanique,same
0.7333,0.6667,1.0,0.6,0.6667,0.4,1.0,0.6914,Génie Mécanique,same
0.7333,0.6667,1.0,0.6,0.6667,0.4,1.0,0.708,Génie Mécanique,same
0.7333,0.6667,1.0,0.6,0.6667,0.4,1.0,0.7148,Génie Mécanique,same
0.65,0.5,1.0,1.0,0.5,0.0,1.0,0.6339,Génie Mécanique,same
0.65,0.5,1.0,1.0,0.5,0.0,1.0,0.6187,Génie Mécanique,same
0.65,0.5,1.0,1.0,0.5,0.0,1.0,0.6281,Génie Mécanique,same
0.65,0.5,1.0,0.8,0.5,0.2,1.0,0.6234,Génie Mécanique,same
0.65,0.5,1.0,0.8,0.5,0.2,1.0,0.6282,Génie Mécanique,same
0.65,0.5,1.0,0.8,0.5,0.2,1.0,0.6213,Génie Mécanique,same
0.65,0.5,1.0,0.6,0.5,0.4,1.0,0.6445,Génie Mécanique,same
0.65,0.5,1.0,0.6,0.5,0.4,1.0,0.6185,Génie Mécanique,same
0.65,0.5,1.0,0.6,0.5,0.4,1.0,0.6242,Génie Mécanique,same
0.65,0.5,1.0,1.0,0.5,0.0,1.0,0.6332,Génie Mécanique,same
0.65,0.5,1.0,1.0,0.5,0.0,1.0,0.61,Génie Mécanique,same
0.65,0.5,1.0,1.0,0.5,0.0,1.0,0.6177,Génie Mécanique,same
0.65,0.5,1.0,0.8,0.5,0.2,1.0,0.6497,Génie Mécanique,same
0.65,0.5,1.0,0.8,0.5,0.2,1.0,0.6298,Génie Mécanique,same
0.65,0.5,1.0,0.8,0.5,0.2,1.0,0.6085,Génie Mécanique,same
0.65,0.5,1.0,0.6,0.5,0.4,1.0,0.6201,Génie Mécanique,same
0.65,0.5,1.0,0.6,0.5,0.4,1.0,0.6221,Génie Mécanique,same
0.65,0.5,1.0,0.6,0.5,0.4,1.0,0.6335,Génie Mécanique,same
0.5666,0.3333,1.0,1.0,0.3333,0.0,1.0,0.5543,Génie Mécanique,same
0.5666,0.3333,1.0,1.0,0.3333,0.0,1.0,0.5385,Génie Mécanique,same
0.5666,0.3333,1.0,1.0,0.3333,0.0,1.0,0.5324,Génie Mécanique,same
0.5666,0.3333,1.0,0.8,0.3333,0.2,1.0,0.5553,Génie Mécanique,same
0.5666,0.3333,1.0,0.8,0.3333,0.2,1.0,0.5568,Génie Mécanique,same
0.5666,0.3333,1.0,0.8,0.3333,0.2,1.0,0.5604,Génie Mécanique,same
0.5666,0.3333,1.0,0.6,0.3333,0.4,1.0,0.5393,Génie Mécanique,same
0.5666,0.3333,1.0,0.6,0.3333,0.4,1.0,0.5524,Génie Mécanique,same
0.5666,0.3333,1.0,0.6,0.3333,0.4,1.0,0.5648,Génie Mécanique,same
0.4834,0.1667,1.0,1.0,0.1667,0.0,0.65,0.3187,Génie Mécanique,adjacent
0.4834,0.1667,1.0,0.8,0.1667,0.2,0.65,0.2849,Génie Mécanique,adjacent
0.4834,0.1667,1.0,1.0,0.1667,0.0,0.65,0.3324,Génie Mécanique,adjacent
0.4834,0.1667,1.0,0.8,0.1667,0.2,0.65,0.2932,Génie Mécanique,adjacent
0.4834,0.1667,1.0,1.0,0.1667,0.0,0.65,0.31,Génie Mécanique,adjacent
0.4834,0.1667,1.0,0.8,0.1667,0.2,0.65,0.301,Génie Mécanique,adjacent
0.4,0.0,1.0,0.6,0.0,0.4,0.0,0.04,Génie Mécanique,different
0.4,0.0,1.0,0.8,0.0,0.2,0.0,0.0594,Génie Mécanique,different
0.4,0.0,1.0,0.8,0.0,0.2,0.0,0.0591,Génie Mécanique,different
0.4,0.0,1.0,0.6,0.0,0.4,0.0,0.0726,Génie Mécanique,different
0.8167,0.8333,1.0,1.0,0.8333,0.0,1.0,0.7669,Architecture,same
0.8167,0.8333,1.0,1.0,0.8333,0.0,1.0,0.7482,Architecture,same
0.8167,0.8333,1.0,1.0,0.8333,0.0,1.0,0.7901,Architecture,same
0.8167,0.8333,1.0,0.8,0.8333,0.2,1.0,0.793,Architecture,same
0.8167,0.8333,1.0,0.8,0.8333,0.2,1.0,0.7623,Architecture,same
0.8167,0.8333,1.0,0.8,0.8333,0.2,1.0,0.7925,Architecture,same
0.8167,0.8333,1.0,0.6,0.8333,0.4,1.0,0.7672,Architecture,same
0.8167,0.8333,1.0,0.6,0.8333,0.4,1.0,0.7776,Architecture,same
0.8167,0.8333,1.0,0.6,0.8333,0.4,1.0,0.7816,Architecture,same
0.7333,0.6667,1.0,1.0,0.6667,0.0,1.0,0.7135,Architecture,same
0.7333,0.6667,1.0,1.0,0.6667,0.0,1.0,0.6997,Architecture,same
0.7333,0.6667,1.0,1.0,0.6667,0.0,1.0,0.7102,Architecture,same
0.7333,0.6667,1.0,0.8,0.6667,0.2,1.0,0.6903,Architecture,same
0.7333,0.6667,1.0,0.8,0.6667,0.2,1.0,0.7101,Architecture,same
0.7333,0.6667,1.0,0.8,0.6667,0.2,1.0,0.7064,Architecture,same
0.7333,0.6667,1.0,0.6,0.6667,0.4,1.0,0.6914,Architecture,same
0.7333,0.6667,1.0,0.6,0.6667,0.4,1.0,0.7024,Architecture,same
0.7333,0.6667,1.0,0.6,0.6667,0.4,1.0,0.6967,Architecture,same
0.65,0.5,1.0,1.0,0.5,0.0,1.0,0.6231,Architecture,same
0.65,0.5,1.0,1.0,0.5,0.0,1.0,0.6218,Architecture,same
0.65,0.5,1.0,1.0,0.5,0.0,1.0,0.6409,Architecture,same
0.65,0.5,1.0,0.8,0.5,0.2,1.0,0.6349,Architecture,same
0.65,0.5,1.0,0.8,0.5,0.2,1.0,0.61,Architecture,same
0.65,0.5,1.0,0.8,0.5,0.2,1.0,0.6247,Architecture,same
0.65,0.5,1.0,0.6,0.5,0.4,1.0,0.6265,Architecture,same
0.65,0.5,1.0,0.6,0.5,0.4,1.0,0.63,Architecture,same
0.65,0.5,1.0,0.6,0.5,0.4,1.0,0.629,Architecture,same
0.65,0.5,1.0,1.0,0.5,0.0,1.0,0.624,Architecture,same
0.65,0.5,1.0,1.0,0.5,0.0,1.0,0.6364,Architecture,same
0.65,0.5,1.0,1.0,0.5,0.0,1.0,0.622,Architecture,same
0.65,0.5,1.0,0.8,0.5,0.2,1.0,0.6271,Architecture,same
0.65,0.5,1.0,0.8,0.5,0.2,1.0,0.6396,Architecture,same
0.65,0.5,1.0,0.8,0.5,0.2,1.0,0.6299,Architecture,same
0.65,0.5,1.0,0.6,0.5,0.4,1.0,0.6186,Architecture,same
0.65,0.5,1.0,0.6,0.5,0.4,1.0,0.6325,Architecture,same
0.65,0.5,1.0,0.6,0.5,0.4,1.0,0.6151,Architecture,same
0.5666,0.3333,1.0,1.0,0.3333,0.0,1.0,0.5586,Architecture,same
0.5666,0.3333,1.0,1.0,0.3333,0.0,1.0,0.5287,Architecture,same
0.5666,0.3333,1.0,1.0,0.3333,0.0,1.0,0.5431,Architecture,same
0.5666,0.3333,1.0,0.8,0.3333,0.2,1.0,0.5382,Architecture,same
0.5666,0.3333,1.0,0.8,0.3333,0.2,1.0,0.5385,Architecture,same
0.5666,0.3333,1.0,0.8,0.3333,0.2,1.0,0.5537,Architecture,same
0.5666,0.3333,1.0,0.6,0.3333,0.4,1.0,0.5539,Architecture,same
0.5666,0.3333,1.0,0.6,0.3333,0.4,1.0,0.5253,Architecture,same
0.5666,0.3333,1.0,0.6,0.3333,0.4,1.0,0.5752,Architecture,same
0.4834,0.1667,1.0,1.0,0.1667,0.0,0.65,0.2893,Architecture,adjacent
0.4834,0.1667,1.0,0.8,0.1667,0.2,0.65,0.2959,Architecture,adjacent
0.4834,0.1667,1.0,1.0,0.1667,0.0,0.65,0.31,Architecture,adjacent
0.4834,0.1667,1.0,0.8,0.1667,0.2,0.65,0.3128,Architecture,adjacent
0.4834,0.1667,1.0,1.0,0.1667,0.0,0.65,0.2972,Architecture,adjacent
0.4834,0.1667,1.0,0.8,0.1667,0.2,0.65,0.302,Architecture,adjacent
0.4,0.0,1.0,0.2,0.0,0.8,0.0,0.0451,Architecture,different
0.4,0.0,1.0,1.0,0.0,0.0,0.0,0.04,Architecture,different
0.4,0.0,1.0,0.4,0.0,0.6,0.0,0.0552,Architecture,different
0.4,0.0,1.0,1.0,0.0,0.0,0.0,0.0459,Architecture,different
0.8286,0.8571,1.0,1.0,0.8571,0.0,1.0,0.8049,Gestion de Projet IT,same
0.8286,0.8571,1.0,1.0,0.8571,0.0,1.0,0.817,Gestion de Projet IT,same
0.8286,0.8571,1.0,1.0,0.8571,0.0,1.0,0.785,Gestion de Projet IT,same
0.8286,0.8571,1.0,0.8,0.8571,0.2,1.0,0.7756,Gestion de Projet IT,same
0.8286,0.8571,1.0,0.8,0.8571,0.2,1.0,0.7741,Gestion de Projet IT,same
0.8286,0.8571,1.0,0.8,0.8571,0.2,1.0,0.805,Gestion de Projet IT,same
0.8286,0.8571,1.0,0.6,0.8571,0.4,1.0,0.7673,Gestion de Projet IT,same
0.8286,0.8571,1.0,0.6,0.8571,0.4,1.0,0.7819,Gestion de Projet IT,same
0.8286,0.8571,1.0,0.6,0.8571,0.4,1.0,0.7789,Gestion de Projet IT,same
0.7571,0.7143,1.0,1.0,0.7143,0.0,1.0,0.7424,Gestion de Projet IT,same
0.7571,0.7143,1.0,1.0,0.7143,0.0,1.0,0.7093,Gestion de Projet IT,same
0.7571,0.7143,1.0,1.0,0.7143,0.0,1.0,0.7346,Gestion de Projet IT,same
0.7571,0.7143,1.0,0.8,0.7143,0.2,1.0,0.7372,Gestion de Projet IT,same
0.7571,0.7143,1.0,0.8,0.7143,0.2,1.0,0.7194,Gestion de Projet IT,same
0.7571,0.7143,1.0,0.8,0.7143,0.2,1.0,0.727,Gestion de Projet IT,same
0.7571,0.7143,1.0,0.6,0.7143,0.4,1.0,0.703,Gestion de Projet IT,same
0.7571,0.7143,1.0,0.6,0.7143,0.4,1.0,0.7204,Gestion de Projet IT,same
0.7571,0.7143,1.0,0.6,0.7143,0.4,1.0,0.7188,Gestion de Projet IT,same
0.6857,0.5714,1.0,1.0,0.5714,0.0,1.0,0.6262,Gestion de Projet IT,same
0.6857,0.5714,1.0,1.0,0.5714,0.0,1.0,0.6621,Gestion de Projet IT,same
0.6857,0.5714,1.0,1.0,0.5714,0.0,1.0,0.6614,Gestion de Projet IT,same
0.6857,0.5714,1.0,0.8,0.5714,0.2,1.0,0.6368,Gestion de Projet IT,same
0.6857,0.5714,1.0,0.8,0.5714,0.2,1.0,0.6402,Gestion de Projet IT,same
0.6857,0.5714,1.0,0.8,0.5714,0.2,1.0,0.6482,Gestion de Projet IT,same
0.6857,0.5714,1.0,0.6,0.5714,0.4,1.0,0.6508,Gestion de Projet IT,same
0.6857,0.5714,1.0,0.6,0.5714,0.4,1.0,0.6535,Gestion de Projet IT,same
0.6857,0.5714,1.0,0.6,0.5714,0.4,1.0,0.6456,Gestion de Projet IT,same
0.6143,0.4286,1.0,1.0,0.4286,0.0,1.0,0.5808,Gestion de Projet IT,same
0.6143,0.4286,1.0,1.0,0.4286,0.0,1.0,0.5965,Gestion de Projet IT,same
0.6143,0.4286,1.0,1.0,0.4286,0.0,1.0,0.5872,Gestion de Projet IT,same
0.6143,0.4286,1.0,0.8,0.4286,0.2,1.0,0.5916,Gestion de Projet IT,same
0.6143,0.4286,1.0,0.8,0.4286,0.2,1.0,0.5901,Gestion de Projet IT,same
0.6143,0.4286,1.0,0.8,0.4286,0.2,1.0,0.5983,Gestion de Projet IT,same
0.6143,0.4286,1.0,0.6,0.4286,0.4,1.0,0.591,Gestion de Projet IT,same
0.6143,0.4286,1.0,0.6,0.4286,0.4,1.0,0.6032,Gestion de Projet IT,same
0.6143,0.4286,1.0,0.6,0.4286,0.4,1.0,0.5941,Gestion de Projet IT,same
0.5429,0.2857,1.0,1.0,0.2857,0.0,1.0,0.5392,Gestion de Projet IT,same
0.5429,0.2857,1.0,1.0,0.2857,0.0,1.0,0.5435,Gestion de Projet IT,same
0.5429,0.2857,1.0,1.0,0.2857,0.0,1.0,0.511,Gestion de Projet IT,same
0.5429,0.2857,1.0,0.8,0.2857,0.2,1.0,0.5396,Gestion de Projet IT,same
0.5429,0.2857,1.0,0.8,0.2857,0.2,1.0,0.55,Gestion de Projet IT,same
0.5429,0.2857,1.0,0.8,0.2857,0.2,1.0,0.5169,Gestion de Projet IT,same
0.5429,0.2857,1.0,0.6,0.2857,0.4,1.0,0.5282,Gestion de Projet IT,same
0.5429,0.2857,1.0,0.6,0.2857,0.4,1.0,0.5243,Gestion de Projet IT,same
0.5429,0.2857,1.0,0.6,0.2857,0.4,1.0,0.5339,Gestion de Projet IT,same
0.4715,0.1429,1.0,1.0,0.1429,0.0,0.65,0.2991,Gestion de Projet IT,adjacent
0.4715,0.1429,1.0,0.8,0.1429,0.2,0.65,0.2848,Gestion de Projet IT,adjacent
0.4715,0.1429,1.0,1.0,0.1429,0.0,0.65,0.3086,Gestion de Projet IT,adjacent
0.4715,0.1429,1.0,0.8,0.1429,0.2,0.65,0.2826,Gestion de Projet IT,adjacent
0.4715,0.1429,1.0,1.0,0.1429,0.0,0.65,0.2912,Gestion de Projet IT,adjacent
0.4715,0.1429,1.0,0.8,0.1429,0.2,0.65,0.3051,Gestion de Projet IT,adjacent
0.4,0.0,1.0,0.6,0.0,0.4,0.0,0.0734,Gestion de Projet IT,different
0.4,0.0,1.0,0.6,0.0,0.4,0.0,0.0526,Gestion de Projet IT,different
0.4,0.0,1.0,0.6,0.0,0.4,0.0,0.04,Gestion de Projet IT,different
0.4,0.0,1.0,0.8,0.0,0.2,0.0,0.0594,Gestion de Projet IT,different
0.8286,0.8571,1.0,1.0,0.8571,0.0,1.0,0.7831,Supply Chain / Logistique,same
0.8286,0.8571,1.0,1.0,0.8571,0.0,1.0,0.7771,Supply Chain / Logistique,same
0.8286,0.8571,1.0,1.0,0.8571,0.0,1.0,0.813,Supply Chain / Logistique,same
0.8286,0.8571,1.0,0.8,0.8571,0.2,1.0,0.8062,Supply Chain / Logistique,same
0.8286,0.8571,1.0,0.8,0.8571,0.2,1.0,0.7834,Supply Chain / Logistique,same
0.8286,0.8571,1.0,0.8,0.8571,0.2,1.0,0.7806,Supply Chain / Logistique,same
0.8286,0.8571,1.0,0.6,0.8571,0.4,1.0,0.7681,Supply Chain / Logistique,same
0.8286,0.8571,1.0,0.6,0.8571,0.4,1.0,0.772,Supply Chain / Logistique,same
0.8286,0.8571,1.0,0.6,0.8571,0.4,1.0,0.7867,Supply Chain / Logistique,same
0.7571,0.7143,1.0,1.0,0.7143,0.0,1.0,0.6954,Supply Chain / Logistique,same
0.7571,0.7143,1.0,1.0,0.7143,0.0,1.0,0.711,Supply Chain / Logistique,same
0.7571,0.7143,1.0,1.0,0.7143,0.0,1.0,0.7197,Supply Chain / Logistique,same
0.7571,0.7143,1.0,0.8,0.7143,0.2,1.0,0.7117,Supply Chain / Logistique,same
0.7571,0.7143,1.0,0.8,0.7143,0.2,1.0,0.708,Supply Chain / Logistique,same
0.7571,0.7143,1.0,0.8,0.7143,0.2,1.0,0.7147,Supply Chain / Logistique,same
0.7571,0.7143,1.0,0.6,0.7143,0.4,1.0,0.731,Supply Chain / Logistique,same
0.7571,0.7143,1.0,0.6,0.7143,0.4,1.0,0.7141,Supply Chain / Logistique,same
0.7571,0.7143,1.0,0.6,0.7143,0.4,1.0,0.7098,Supply Chain / Logistique,same
0.6857,0.5714,1.0,1.0,0.5714,0.0,1.0,0.6742,Supply Chain / Logistique,same
0.6857,0.5714,1.0,1.0,0.5714,0.0,1.0,0.6593,Supply Chain / Logistique,same
0.6857,0.5714,1.0,1.0,0.5714,0.0,1.0,0.6599,Supply Chain / Logistique,same
0.6857,0.5714,1.0,0.8,0.5714,0.2,1.0,0.6618,Supply Chain / Logistique,same
0.6857,0.5714,1.0,0.8,0.5714,0.2,1.0,0.6558,Supply Chain / Logistique,same
0.6857,0.5714,1.0,0.8,0.5714,0.2,1.0,0.6727,Supply Chain / Logistique,same
0.6857,0.5714,1.0,0.6,0.5714,0.4,1.0,0.6491,Supply Chain / Logistique,same
0.6857,0.5714,1.0,0.6,0.5714,0.4,1.0,0.657,Supply Chain / Logistique,same
0.6857,0.5714,1.0,0.6,0.5714,0.4,1.0,0.6488,Supply Chain / Logistique,same
0.6143,0.4286,1.0,1.0,0.4286,0.0,1.0,0.5973,Supply Chain / Logistique,same
0.6143,0.4286,1.0,1.0,0.4286,0.0,1.0,0.5844,Supply Chain / Logistique,same
0.6143,0.4286,1.0,1.0,0.4286,0.0,1.0,0.584,Supply Chain / Logistique,same
0.6143,0.4286,1.0,0.8,0.4286,0.2,1.0,0.5892,Supply Chain / Logistique,same
0.6143,0.4286,1.0,0.8,0.4286,0.2,1.0,0.6081,Supply Chain / Logistique,same
0.6143,0.4286,1.0,0.8,0.4286,0.2,1.0,0.6054,Supply Chain / Logistique,same
0.6143,0.4286,1.0,0.6,0.4286,0.4,1.0,0.5931,Supply Chain / Logistique,same
0.6143,0.4286,1.0,0.6,0.4286,0.4,1.0,0.5967,Supply Chain / Logistique,same
0.6143,0.4286,1.0,0.6,0.4286,0.4,1.0,0.6,Supply Chain / Logistique,same
0.5429,0.2857,1.0,1.0,0.2857,0.0,1.0,0.5238,Supply Chain / Logistique,same
0.5429,0.2857,1.0,1.0,0.2857,0.0,1.0,0.5292,Supply Chain / Logistique,same
0.5429,0.2857,1.0,1.0,0.2857,0.0,1.0,0.5341,Supply Chain / Logistique,same
0.5429,0.2857,1.0,0.8,0.2857,0.2,1.0,0.522,Supply Chain / Logistique,same
0.5429,0.2857,1.0,0.8,0.2857,0.2,1.0,0.5405,Supply Chain / Logistique,same
0.5429,0.2857,1.0,0.8,0.2857,0.2,1.0,0.5258,Supply Chain / Logistique,same
0.5429,0.2857,1.0,0.6,0.2857,0.4,1.0,0.5226,Supply Chain / Logistique,same
0.5429,0.2857,1.0,0.6,0.2857,0.4,1.0,0.5609,Supply Chain / Logistique,same
0.5429,0.2857,1.0,0.6,0.2857,0.4,1.0,0.5212,Supply Chain / Logistique,same
0.4715,0.1429,1.0,1.0,0.1429,0.0,0.65,0.3024,Supply Chain / Logistique,adjacent
0.4715,0.1429,1.0,0.8,0.1429,0.2,0.65,0.3075,Supply Chain / Logistique,adjacent
0.4715,0.1429,1.0,1.0,0.1429,0.0,0.65,0.3028,Supply Chain / Logistique,adjacent
0.4715,0.1429,1.0,0.8,0.1429,0.2,0.65,0.2836,Supply Chain / Logistique,adjacent
0.4715,0.1429,1.0,1.0,0.1429,0.0,0.65,0.2811,Supply Chain / Logistique,adjacent
0.4715,0.1429,1.0,0.8,0.1429,0.2,0.65,0.2765,Supply Chain / Logistique,adjacent
0.4,0.0,1.0,1.0,0.0,0.0,0.0,0.0491,Supply Chain / Logistique,different
0.4,0.0,1.0,0.6,0.0,0.4,0.0,0.0541,Supply Chain / Logistique,different
0.4,0.0,1.0,1.0,0.0,-0.4,0.0,0.04,Supply Chain / Logistique,different
0.4,0.0,1.0,0.6,0.0,0.4,0.0,0.0458,Supply Chain / Logistique,different
0.8286,0.8571,1.0,1.0,0.8571,0.0,1.0,0.7658,Commerce B2B / Vente,same
0.8286,0.8571,1.0,1.0,0.8571,0.0,1.0,0.797,Commerce B2B / Vente,same
0.8286,0.8571,1.0,1.0,0.8571,0.0,1.0,0.7887,Commerce B2B / Vente,same
0.8286,0.8571,1.0,0.8,0.8571,0.2,1.0,0.7844,Commerce B2B / Vente,same
0.8286,0.8571,1.0,0.8,0.8571,0.2,1.0,0.7966,Commerce B2B / Vente,same
0.8286,0.8571,1.0,0.8,0.8571,0.2,1.0,0.7676,Commerce B2B / Vente,same
0.8286,0.8571,1.0,0.8,0.8571,0.2,1.0,0.7935,Commerce B2B / Vente,same
0.8286,0.8571,1.0,0.8,0.8571,0.2,1.0,0.8041,Commerce B2B / Vente,same
0.8286,0.8571,1.0,0.8,0.8571,0.2,1.0,0.7926,Commerce B2B / Vente,same
0.7571,0.7143,1.0,1.0,0.7143,0.0,1.0,0.7143,Commerce B2B / Vente,same
0.7571,0.7143,1.0,1.0,0.7143,0.0,1.0,0.7313,Commerce B2B / Vente,same
0.7571,0.7143,1.0,1.0,0.7143,0.0,1.0,0.7238,Commerce B2B / Vente,same
0.7571,0.7143,1.0,0.8,0.7143,0.2,1.0,0.6994,Commerce B2B / Vente,same
0.7571,0.7143,1.0,0.8,0.7143,0.2,1.0,0.7048,Commerce B2B / Vente,same
0.7571,0.7143,1.0,0.8,0.7143,0.2,1.0,0.7147,Commerce B2B / Vente,same
0.7571,0.7143,1.0,0.8,0.7143,0.2,1.0,0.7328,Commerce B2B / Vente,same
0.7571,0.7143,1.0,0.8,0.7143,0.2,1.0,0.7122,Commerce B2B / Vente,same
0.7571,0.7143,1.0,0.8,0.7143,0.2,1.0,0.7101,Commerce B2B / Vente,same
0.6857,0.5714,1.0,1.0,0.5714,0.0,1.0,0.6621,Commerce B2B / Vente,same
0.6857,0.5714,1.0,1.0,0.5714,0.0,1.0,0.653,Commerce B2B / Vente,same
0.6857,0.5714,1.0,1.0,0.5714,0.0,1.0,0.6476,Commerce B2B / Vente,same
0.6857,0.5714,1.0,0.8,0.5714,0.2,1.0,0.6569,Commerce B2B / Vente,same
0.6857,0.5714,1.0,0.8,0.5714,0.2,1.0,0.661,Commerce B2B / Vente,same
0.6857,0.5714,1.0,0.8,0.5714,0.2,1.0,0.6471,Commerce B2B / Vente,same
0.6857,0.5714,1.0,0.8,0.5714,0.2,1.0,0.6551,Commerce B2B / Vente,same
0.6857,0.5714,1.0,0.8,0.5714,0.2,1.0,0.6399,Commerce B2B / Vente,same
0.6857,0.5714,1.0,0.8,0.5714,0.2,1.0,0.6567,Commerce B2B / Vente,same
0.6143,0.4286,1.0,1.0,0.4286,0.0,1.0,0.5909,Commerce B2B / Vente,same
0.6143,0.4286,1.0,1.0,0.4286,0.0,1.0,0.5876,Commerce B2B / Vente,same
0.6143,0.4286,1.0,1.0,0.4286,0.0,1.0,0.6014,Commerce B2B / Vente,same
0.6143,0.4286,1.0,0.8,0.4286,0.2,1.0,0.5893,Commerce B2B / Vente,same
0.6143,0.4286,1.0,0.8,0.4286,0.2,1.0,0.5859,Commerce B2B / Vente,same
0.6143,0.4286,1.0,0.8,0.4286,0.2,1.0,0.5797,Commerce B2B / Vente,same
0.6143,0.4286,1.0,0.8,0.4286,0.2,1.0,0.5819,Commerce B2B / Vente,same
0.6143,0.4286,1.0,0.8,0.4286,0.2,1.0,0.5823,Commerce B2B / Vente,same
0.6143,0.4286,1.0,0.8,0.4286,0.2,1.0,0.6,Commerce B2B / Vente,same
0.5429,0.2857,1.0,1.0,0.2857,0.0,1.0,0.5229,Commerce B2B / Vente,same
0.5429,0.2857,1.0,1.0,0.2857,0.0,1.0,0.5393,Commerce B2B / Vente,same
0.5429,0.2857,1.0,1.0,0.2857,0.0,1.0,0.5566,Commerce B2B / Vente,same
0.5429,0.2857,1.0,0.8,0.2857,0.2,1.0,0.5477,Commerce B2B / Vente,same
0.5429,0.2857,1.0,0.8,0.2857,0.2,1.0,0.5007,Commerce B2B / Vente,same
0.5429,0.2857,1.0,0.8,0.2857,0.2,1.0,0.5325,Commerce B2B / Vente,same
0.5429,0.2857,1.0,0.8,0.2857,0.2,1.0,0.5404,Commerce B2B / Vente,same
0.5429,0.2857,1.0,0.8,0.2857,0.2,1.0,0.5291,Commerce B2B / Vente,same
0.5429,0.2857,1.0,0.8,0.2857,0.2,1.0,0.5196,Commerce B2B / Vente,same
0.5429,0.2857,1.0,1.0,0.2857,0.0,0.65,0.3388,Commerce B2B / Vente,adjacent
0.5429,0.2857,1.0,0.8,0.2857,0.2,0.65,0.3281,Commerce B2B / Vente,adjacent
0.5429,0.2857,1.0,1.0,0.2857,0.0,0.65,0.3496,Commerce B2B / Vente,adjacent
0.5429,0.2857,1.0,0.8,0.2857,0.2,0.65,0.3273,Commerce B2B / Vente,adjacent
0.5429,0.2857,1.0,1.0,0.2857,0.0,0.65,0.3316,Commerce B2B / Vente,adjacent
0.5429,0.2857,1.0,0.8,0.2857,0.2,0.65,0.3301,Commerce B2B / Vente,adjacent
0.4,0.0,1.0,0.8,0.0,0.2,0.0,0.0568,Commerce B2B / Vente,different
0.4,0.0,1.0,1.0,0.0,-0.2,0.0,0.04,Commerce B2B / Vente,different
0.4,0.0,1.0,1.0,0.0,-0.2,0.0,0.0579,Commerce B2B / Vente,different
0.4,0.0,1.0,1.0,0.0,-0.2,0.0,0.0437,Commerce B2B / Vente,different
0.8,0.8,1.0,1.0,0.8,0.0,1.0,0.7544,Commerce Immobilier,same
0.8,0.8,1.0,1.0,0.8,0.0,1.0,0.7646,Commerce Immobilier,same
0.8,0.8,1.0,1.0,0.8,0.0,1.0,0.7651,Commerce Immobilier,same
0.8,0.8,1.0,0.8,0.8,0.2,1.0,0.7598,Commerce Immobilier,same
0.8,0.8,1.0,0.8,0.8,0.2,1.0,0.7436,Commerce Immobilier,same
0.8,0.8,1.0,0.8,0.8,0.2,1.0,0.7469,Commerce Immobilier,same
0.8,0.8,1.0,0.8,0.8,0.2,1.0,0.7676,Commerce Immobilier,same
0.8,0.8,1.0,0.8,0.8,0.2,1.0,0.7453,Commerce Immobilier,same
0.8,0.8,1.0,0.8,0.8,0.2,1.0,0.7627,Commerce Immobilier,same
0.8,0.8,1.0,1.0,0.8,0.0,1.0,0.7557,Commerce Immobilier,same
0.8,0.8,1.0,1.0,0.8,0.0,1.0,0.7528,Commerce Immobilier,same
0.8,0.8,1.0,1.0,0.8,0.0,1.0,0.7603,Commerce Immobilier,same
0.8,0.8,1.0,0.8,0.8,0.2,1.0,0.7801,Commerce Immobilier,same
0.8,0.8,1.0,0.8,0.8,0.2,1.0,0.7635,Commerce Immobilier,same
0.8,0.8,1.0,0.8,0.8,0.2,1.0,0.7565,Commerce Immobilier,same
0.8,0.8,1.0,0.8,0.8,0.2,1.0,0.7423,Commerce Immobilier,same
0.8,0.8,1.0,0.8,0.8,0.2,1.0,0.7661,Commerce Immobilier,same
0.8,0.8,1.0,0.8,0.8,0.2,1.0,0.7736,Commerce Immobilier,same
0.7,0.6,1.0,1.0,0.6,0.0,1.0,0.6773,Commerce Immobilier,same
0.7,0.6,1.0,1.0,0.6,0.0,1.0,0.684,Commerce Immobilier,same
0.7,0.6,1.0,1.0,0.6,0.0,1.0,0.6757,Commerce Immobilier,same
0.7,0.6,1.0,0.8,0.6,0.2,1.0,0.6544,Commerce Immobilier,same
0.7,0.6,1.0,0.8,0.6,0.2,1.0,0.6695,Commerce Immobilier,same
0.7,0.6,1.0,0.8,0.6,0.2,1.0,0.6763,Commerce Immobilier,same
0.7,0.6,1.0,0.8,0.6,0.2,1.0,0.6787,Commerce Immobilier,same
0.7,0.6,1.0,0.8,0.6,0.2,1.0,0.6641,Commerce Immobilier,same
0.7,0.6,1.0,0.8,0.6,0.2,1.0,0.6692,Commerce Immobilier,same
0.6,0.4,1.0,1.0,0.4,0.0,1.0,0.5844,Commerce Immobilier,same
0.6,0.4,1.0,1.0,0.4,0.0,1.0,0.5953,Commerce Immobilier,same
0.6,0.4,1.0,1.0,0.4,0.0,1.0,0.5921,Commerce Immobilier,same
0.6,0.4,1.0,0.8,0.4,0.2,1.0,0.5878,Commerce Immobilier,same
0.6,0.4,1.0,0.8,0.4,0.2,1.0,0.5848,Commerce Immobilier,same
0.6,0.4,1.0,0.8,0.4,0.2,1.0,0.5677,Commerce Immobilier,same
0.6,0.4,1.0,0.8,0.4,0.2,1.0,0.5668,Commerce Immobilier,same
0.6,0.4,1.0,0.8,0.4,0.2,1.0,0.5789,Commerce Immobilier,same
0.6,0.4,1.0,0.8,0.4,0.2,1.0,0.5925,Commerce Immobilier,same
0.5,0.2,1.0,1.0,0.2,0.0,1.0,0.4947,Commerce Immobilier,same
0.5,0.2,1.0,1.0,0.2,0.0,1.0,0.4967,Commerce Immobilier,same
0.5,0.2,1.0,1.0,0.2,0.0,1.0,0.472,Commerce Immobilier,same
0.5,0.2,1.0,0.8,0.2,0.2,1.0,0.4725,Commerce Immobilier,same
0.5,0.2,1.0,0.8,0.2,0.2,1.0,0.5034,Commerce Immobilier,same
0.5,0.2,1.0,0.8,0.2,0.2,1.0,0.4896,Commerce Immobilier,same
0.5,0.2,1.0,0.8,0.2,0.2,1.0,0.4742,Commerce Immobilier,same
0.5,0.2,1.0,0.8,0.2,0.2,1.0,0.5006,Commerce Immobilier,same
0.5,0.2,1.0,0.8,0.2,0.2,1.0,0.4931,Commerce Immobilier,same
0.5,0.2,1.0,1.0,0.2,0.0,0.65,0.3454,Commerce Immobilier,adjacent
0.5,0.2,1.0,0.8,0.2,0.2,0.65,0.325,Commerce Immobilier,adjacent
0.5,0.2,1.0,1.0,0.2,0.0,0.65,0.3142,Commerce Immobilier,adjacent
0.5,0.2,1.0,0.8,0.2,0.2,0.65,0.3082,Commerce Immobilier,adjacent
0.5,0.2,1.0,1.0,0.2,0.0,0.65,0.3128,Commerce Immobilier,adjacent
0.5,0.2,1.0,0.8,0.2,0.2,0.65,0.3088,Commerce Immobilier,adjacent
0.4,0.0,1.0,1.0,0.0,-0.4,0.0,0.0524,Commerce Immobilier,different
0.4,0.0,1.0,1.0,0.0,-0.4,0.0,0.04,Commerce Immobilier,different
0.4,0.0,1.0,1.0,0.0,-0.4,0.0,0.0678,Commerce Immobilier,different
0.4,0.0,1.0,1.0,0.0,-0.4,0.0,0.04,Commerce Immobilier,different
0.8286,0.8571,1.0,1.0,0.8571,0.0,1.0,0.7785,Design Graphique,same
0.8286,0.8571,1.0,1.0,0.8571,0.0,1.0,0.7696,Design Graphique,same
0.8286,0.8571,1.0,1.0,0.8571,0.0,1.0,0.7688,Design Graphique,same
0.8286,0.8571,1.0,0.8,0.8571,0.2,1.0,0.7814,Design Graphique,same
0.8286,0.8571,1.0,0.8,0.8571,0.2,1.0,0.7814,Design Graphique,same
0.8286,0.8571,1.0,0.8,0.8571,0.2,1.0,0.7919,Design Graphique,same
0.8286,0.8571,1.0,0.6,0.8571,0.4,1.0,0.7714,Design Graphique,same
0.8286,0.8571,1.0,0.6,0.8571,0.4,1.0,0.7823,Design Graphique,same
0.8286,0.8571,1.0,0.6,0.8571,0.4,1.0,0.7845,Design Graphique,same
0.7571,0.7143,1.0,1.0,0.7143,0.0,1.0,0.713,Design Graphique,same
0.7571,0.7143,1.0,1.0,0.7143,0.0,1.0,0.724,Design Graphique,same
0.7571,0.7143,1.0,1.0,0.7143,0.0,1.0,0.7215,Design Graphique,same
0.7571,0.7143,1.0,0.8,0.7143,0.2,1.0,0.7161,Design Graphique,same
0.7571,0.7143,1.0,0.8,0.7143,0.2,1.0,0.7386,Design Graphique,same
0.7571,0.7143,1.0,0.8,0.7143,0.2,1.0,0.7072,Design Graphique,same
0.7571,0.7143,1.0,0.6,0.7143,0.4,1.0,0.7174,Design Graphique,same
0.7571,0.7143,1.0,0.6,0.7143,0.4,1.0,0.7255,Design Graphique,same
0.7571,0.7143,1.0,0.6,0.7143,0.4,1.0,0.7133,Design Graphique,same
0.6857,0.5714,1.0,1.0,0.5714,0.0,1.0,0.6517,Design Graphique,same
0.6857,0.5714,1.0,1.0,0.5714,0.0,1.0,0.6651,Design Graphique,same
0.6857,0.5714,1.0,1.0,0.5714,0.0,1.0,0.675,Design Graphique,same
0.6857,0.5714,1.0,0.8,0.5714,0.2,1.0,0.6498,Design Graphique,same
0.6857,0.5714,1.0,0.8,0.5714,0.2,1.0,0.6737,Design Graphique,same
0.6857,0.5714,1.0,0.8,0.5714,0.2,1.0,0.6714,Design Graphique,same
0.6857,0.5714,1.0,0.6,0.5714,0.4,1.0,0.6393,Design Graphique,same
0.6857,0.5714,1.0,0.6,0.5714,0.4,1.0,0.6671,Design Graphique,same
0.6857,0.5714,1.0,0.6,0.5714,0.4,1.0,0.6587,Design Graphique,same
0.6143,0.4286,1.0,1.0,0.4286,0.0,1.0,0.5914,Design Graphique,same
0.6143,0.4286,1.0,1.0,0.4286,0.0,1.0,0.5944,Design Graphique,same
0.6143,0.4286,1.0,1.0,0.4286,0.0,1.0,0.5982,Design Graphique,same
0.6143,0.4286,1.0,0.8,0.4286,0.2,1.0,0.6087,Design Graphique,same
0.6143,0.4286,1.0,0.8,0.4286,0.2,1.0,0.5962,Design Graphique,same
0.6143,0.4286,1.0,0.8,0.4286,0.2,1.0,0.5918,Design Graphique,same
0.6143,0.4286,1.0,0.6,0.4286,0.4,1.0,0.5892,Design Graphique,same
0.6143,0.4286,1.0,0.6,0.4286,0.4,1.0,0.5921,Design Graphique,same
0.6143,0.4286,1.0,0.6,0.4286,0.4,1.0,0.5807,Design Graphique,same
0.5429,0.2857,1.0,1.0,0.2857,0.0,1.0,0.5294,Design Graphique,same
0.5429,0.2857,1.0,1.0,0.2857,0.0,1.0,0.5369,Design Graphique,same
0.5429,0.2857,1.0,1.0,0.2857,0.0,1.0,0.5313,Design Graphique,same
0.5429,0.2857,1.0,0.8,0.2857,0.2,1.0,0.5255,Design Graphique,same
0.5429,0.2857,1.0,0.8,0.2857,0.2,1.0,0.5187,Design Graphique,same
0.5429,0.2857,1.0,0.8,0.2857,0.2,1.0,0.5283,Design Graphique,same
0.5429,0.2857,1.0,0.6,0.2857,0.4,1.0,0.5364,Design Graphique,same
0.5429,0.2857,1.0,0.6,0.2857,0.4,1.0,0.5107,Design Graphique,same
0.5429,0.2857,1.0,0.6,0.2857,0.4,1.0,0.5218,Design Graphique,same
0.4715,0.1429,1.0,1.0,0.1429,0.0,0.65,0.3076,Design Graphique,adjacent
0.4715,0.1429,1.0,0.8,0.1429,0.2,0.65,0.2879,Design Graphique,adjacent
0.4715,0.1429,1.0,1.0,0.1429,0.0,0.65,0.2835,Design Graphique,adjacent
0.4715,0.1429,1.0,0.8,0.1429,0.2,0.65,0.2907,Design Graphique,adjacent
0.4715,0.1429,1.0,1.0,0.1429,0.0,0.65,0.2992,Design Graphique,adjacent
0.4715,0.1429,1.0,0.8,0.1429,0.2,0.65,0.2883,Design Graphique,adjacent
0.4,0.0,1.0,1.0,0.0,0.0,0.0,0.0428,Design Graphique,different
0.4,0.0,1.0,0.6,0.0,0.4,0.0,0.0734,Design Graphique,different
0.4,0.0,1.0,0.8,0.0,0.2,0.0,0.0422,Design Graphique,different
0.4,0.0,1.0,1.0,0.0,-0.2,0.0,0.04,Design Graphique,different
0.8286,0.8571,1.0,1.0,0.8571,0.0,1.0,0.7866,Journalisme / Rédaction,same
0.8286,0.8571,1.0,1.0,0.8571,0.0,1.0,0.8024,Journalisme / Rédaction,same
0.8286,0.8571,1.0,1.0,0.8571,0.0,1.0,0.7793,Journalisme / Rédaction,same
0.8286,0.8571,1.0,0.8,0.8571,0.2,1.0,0.7881,Journalisme / Rédaction,same
0.8286,0.8571,1.0,0.8,0.8571,0.2,1.0,0.7755,Journalisme / Rédaction,same
0.8286,0.8571,1.0,0.8,0.8571,0.2,1.0,0.7798,Journalisme / Rédaction,same
0.8286,0.8571,1.0,0.6,0.8571,0.4,1.0,0.7891,Journalisme / Rédaction,same
0.8286,0.8571,1.0,0.6,0.8571,0.4,1.0,0.7714,Journalisme / Rédaction,same
0.8286,0.8571,1.0,0.6,0.8571,0.4,1.0,0.7998,Journalisme / Rédaction,same
0.7571,0.7143,1.0,1.0,0.7143,0.0,1.0,0.6984,Journalisme / Rédaction,same
0.7571,0.7143,1.0,1.0,0.7143,0.0,1.0,0.7253,Journalisme / Rédaction,same
0.7571,0.7143,1.0,1.0,0.7143,0.0,1.0,0.7155,Journalisme / Rédaction,same
0.7571,0.7143,1.0,0.8,0.7143,0.2,1.0,0.7393,Journalisme / Rédaction,same
0.7571,0.7143,1.0,0.8,0.7143,0.2,1.0,0.7306,Journalisme / Rédaction,same
0.7571,0.7143,1.0,0.8,0.7143,0.2,1.0,0.6964,Journalisme / Rédaction,same
0.7571,0.7143,1.0,0.6,0.7143,0.4,1.0,0.6924,Journalisme / Rédaction,same
0.7571,0.7143,1.0,0.6,0.7143,0.4,1.0,0.7094,Journalisme / Rédaction,same
0.7571,0.7143,1.0,0.6,0.7143,0.4,1.0,0.7154,Journalisme / Rédaction,same
0.6857,0.5714,1.0,1.0,0.5714,0.0,1.0,0.6549,Journalisme / Rédaction,same
0.6857,0.5714,1.0,1.0,0.5714,0.0,1.0,0.6575,Journalisme / Rédaction,same
0.6857,0.5714,1.0,1.0,0.5714,0.0,1.0,0.6652,Journalisme / Rédaction,same
0.6857,0.5714,1.0,0.8,0.5714,0.2,1.0,0.6408,Journalisme / Rédaction,same
0.6857,0.5714,1.0,0.8,0.5714,0.2,1.0,0.6355,Journalisme / Rédaction,same
0.6857,0.5714,1.0,0.8,0.5714,0.2,1.0,0.6602,Journalisme / Rédaction,same
0.6857,0.5714,1.0,0.6,0.5714,0.4,1.0,0.6528,Journalisme / Rédaction,same
0.6857,0.5714,1.0,0.6,0.5714,0.4,1.0,0.6559,Journalisme / Rédaction,same
0.6857,0.5714,1.0,0.6,0.5714,0.4,1.0,0.6494,Journalisme / Rédaction,same
0.6143,0.4286,1.0,1.0,0.4286,0.0,1.0,0.5908,Journalisme / Rédaction,same
0.6143,0.4286,1.0,1.0,0.4286,0.0,1.0,0.6107,Journalisme / Rédaction,same
0.6143,0.4286,1.0,1.0,0.4286,0.0,1.0,0.5734,Journalisme / Rédaction,same
0.6143,0.4286,1.0,0.8,0.4286,0.2,1.0,0.5782,Journalisme / Rédaction,same
0.6143,0.4286,1.0,0.8,0.4286,0.2,1.0,0.6006,Journalisme / Rédaction,same
0.6143,0.4286,1.0,0.8,0.4286,0.2,1.0,0.6117,Journalisme / Rédaction,same
0.6143,0.4286,1.0,0.6,0.4286,0.4,1.0,0.5904,Journalisme / Rédaction,same
0.6143,0.4286,1.0,0.6,0.4286,0.4,1.0,0.5777,Journalisme / Rédaction,same
0.6143,0.4286,1.0,0.6,0.4286,0.4,1.0,0.5688,Journalisme / Rédaction,same
0.5429,0.2857,1.0,1.0,0.2857,0.0,1.0,0.5317,Journalisme / Rédaction,same
0.5429,0.2857,1.0,1.0,0.2857,0.0,1.0,0.5136,Journalisme / Rédaction,same
0.5429,0.2857,1.0,1.0,0.2857,0.0,1.0,0.5547,Journalisme / Rédaction,same
0.5429,0.2857,1.0,0.8,0.2857,0.2,1.0,0.5567,Journalisme / Rédaction,same
0.5429,0.2857,1.0,0.8,0.2857,0.2,1.0,0.5313,Journalisme / Rédaction,same
0.5429,0.2857,1.0,0.8,0.2857,0.2,1.0,0.5344,Journalisme / Rédaction,same
0.5429,0.2857,1.0,0.6,0.2857,0.4,1.0,0.5272,Journalisme / Rédaction,same
0.5429,0.2857,1.0,0.6,0.2857,0.4,1.0,0.5423,Journalisme / Rédaction,same
0.5429,0.2857,1.0,0.6,0.2857,0.4,1.0,0.5285,Journalisme / Rédaction,same
0.4715,0.1429,1.0,1.0,0.1429,0.0,0.65,0.2936,Journalisme / Rédaction,adjacent
0.4715,0.1429,1.0,0.8,0.1429,0.2,0.65,0.3092,Journalisme / Rédaction,adjacent
0.4715,0.1429,1.0,1.0,0.1429,0.0,0.65,0.3004,Journalisme / Rédaction,adjacent
0.4715,0.1429,1.0,0.8,0.1429,0.2,0.65,0.3184,Journalisme / Rédaction,adjacent
0.4715,0.1429,1.0,1.0,0.1429,0.0,0.65,0.2732,Journalisme / Rédaction,adjacent
0.4715,0.1429,1.0,0.8,0.1429,0.2,0.65,0.2862,Journalisme / Rédaction,adjacent
0.4,0.0,1.0,1.0,0.0,-0.2,0.0,0.04,Journalisme / Rédaction,different
0.4,0.0,1.0,1.0,0.0,0.0,0.0,0.0476,Journalisme / Rédaction,different
0.4,0.0,1.0,1.0,0.0,-0.4,0.0,0.04,Journalisme / Rédaction,different
0.4,0.0,1.0,1.0,0.0,-0.2,0.0,0.0546,Journalisme / Rédaction,different
0.8,0.8,1.0,1.0,0.8,0.0,1.0,0.7699,Psychologie Clinique,same
0.8,0.8,1.0,1.0,0.8,0.0,1.0,0.7541,Psychologie Clinique,same
0.8,0.8,1.0,1.0,0.8,0.0,1.0,0.7468,Psychologie Clinique,same
0.8,0.8,1.0,0.8,0.8,0.2,1.0,0.7679,Psychologie Clinique,same
0.8,0.8,1.0,0.8,0.8,0.2,1.0,0.7612,Psychologie Clinique,same
0.8,0.8,1.0,0.8,0.8,0.2,1.0,0.7666,Psychologie Clinique,same
0.8,0.8,1.0,0.6,0.8,0.4,1.0,0.7581,Psychologie Clinique,same
0.8,0.8,1.0,0.6,0.8,0.4,1.0,0.788,Psychologie Clinique,same
0.8,0.8,1.0,0.6,0.8,0.4,1.0,0.749,Psychologie Clinique,same
0.8,0.8,1.0,1.0,0.8,0.0,1.0,0.754,Psychologie Clinique,same
0.8,0.8,1.0,1.0,0.8,0.0,1.0,0.7662,Psychologie Clinique,same
0.8,0.8,1.0,1.0,0.8,0.0,1.0,0.7688,Psychologie Clinique,same
0.8,0.8,1.0,0.8,0.8,0.2,1.0,0.7435,Psychologie Clinique,same
0.8,0.8,1.0,0.8,0.8,0.2,1.0,0.7756,Psychologie Clinique,same
0.8,0.8,1.0,0.8,0.8,0.2,1.0,0.7425,Psychologie Clinique,same
0.8,0.8,1.0,0.6,0.8,0.4,1.0,0.7601,Psychologie Clinique,same
0.8,0.8,1.0,0.6,0.8,0.4,1.0,0.7563,Psychologie Clinique,same
0.8,0.8,1.0,0.6,0.8,0.4,1.0,0.7515,Psychologie Clinique,same
0.7,0.6,1.0,1.0,0.6,0.0,1.0,0.6836,Psychologie Clinique,same
0.7,0.6,1.0,1.0,0.6,0.0,1.0,0.6418,Psychologie Clinique,same
0.7,0.6,1.0,1.0,0.6,0.0,1.0,0.6612,Psychologie Clinique,same
0.7,0.6,1.0,0.8,0.6,0.2,1.0,0.6592,Psychologie Clinique,same
0.7,0.6,1.0,0.8,0.6,0.2,1.0,0.6805,Psychologie Clinique,same
0.7,0.6,1.0,0.8,0.6,0.2,1.0,0.6886,Psychologie Clinique,same
0.7,0.6,1.0,0.6,0.6,0.4,1.0,0.6793,Psychologie Clinique,same
0.7,0.6,1.0,0.6,0.6,0.4,1.0,0.6867,Psychologie Clinique,same
0.7,0.6,1.0,0.6,0.6,0.4,1.0,0.6433,Psychologie Clinique,same
0.6,0.4,1.0,1.0,0.4,0.0,1.0,0.582,Psychologie Clinique,same
0.6,0.4,1.0,1.0,0.4,0.0,1.0,0.5634,Psychologie Clinique,same
0.6,0.4,1.0,1.0,0.4,0.0,1.0,0.5755,Psychologie Clinique,same
0.6,0.4,1.0,0.8,0.4,0.2,1.0,0.5829,Psychologie Clinique,same
0.6,0.4,1.0,0.8,0.4,0.2,1.0,0.5811,Psychologie Clinique,same
0.6,0.4,1.0,0.8,0.4,0.2,1.0,0.5965,Psychologie Clinique,same
0.6,0.4,1.0,0.6,0.4,0.4,1.0,0.5563,Psychologie Clinique,same
0.6,0.4,1.0,0.6,0.4,0.4,1.0,0.57,Psychologie Clinique,same
0.6,0.4,1.0,0.6,0.4,0.4,1.0,0.5622,Psychologie Clinique,same
0.5,0.2,1.0,1.0,0.2,0.0,1.0,0.4703,Psychologie Clinique,same
0.5,0.2,1.0,1.0,0.2,0.0,1.0,0.5021,Psychologie Clinique,same
0.5,0.2,1.0,1.0,0.2,0.0,1.0,0.4922,Psychologie Clinique,same
0.5,0.2,1.0,0.8,0.2,0.2,1.0,0.5087,Psychologie Clinique,same
0.5,0.2,1.0,0.8,0.2,0.2,1.0,0.5042,Psychologie Clinique,same
0.5,0.2,1.0,0.8,0.2,0.2,1.0,0.4908,Psychologie Clinique,same
0.5,0.2,1.0,0.6,0.2,0.4,1.0,0.4784,Psychologie Clinique,same
0.5,0.2,1.0,0.6,0.2,0.4,1.0,0.5019,Psychologie Clinique,same
0.5,0.2,1.0,0.6,0.2,0.4,1.0,0.4817,Psychologie Clinique,same
0.5,0.2,1.0,1.0,0.2,0.0,0.65,0.2956,Psychologie Clinique,adjacent
0.5,0.2,1.0,0.8,0.2,0.2,0.65,0.2962,Psychologie Clinique,adjacent
0.5,0.2,1.0,1.0,0.2,0.0,0.65,0.3115,Psychologie Clinique,adjacent
0.5,0.2,1.0,0.8,0.2,0.2,0.65,0.3252,Psychologie Clinique,adjacent
0.5,0.2,1.0,1.0,0.2,0.0,0.65,0.3106,Psychologie Clinique,adjacent
0.5,0.2,1.0,0.8,0.2,0.2,0.65,0.3247,Psychologie Clinique,adjacent
0.4,0.0,1.0,0.6,0.0,0.4,0.0,0.0511,Psychologie Clinique,different
0.4,0.0,1.0,0.6,0.0,0.4,0.0,0.04,Psychologie Clinique,different
0.4,0.0,1.0,0.8,0.0,0.2,0.0,0.0497,Psychologie Clinique,different
0.4,0.0,1.0,0.2,0.0,0.8,0.0,0.0412,Psychologie Clinique,different
0.8,0.8,1.0,1.0,0.8,0.0,1.0,0.7586,Travail Social / Éducation Spécialisée,same
0.8,0.8,1.0,1.0,0.8,0.0,1.0,0.7533,Travail Social / Éducation Spécialisée,same
0.8,0.8,1.0,1.0,0.8,0.0,1.0,0.7537,Travail Social / Éducation Spécialisée,same
0.8,0.8,1.0,0.8,0.8,0.2,1.0,0.747,Travail Social / Éducation Spécialisée,same
0.8,0.8,1.0,0.8,0.8,0.2,1.0,0.7769,Travail Social / Éducation Spécialisée,same
0.8,0.8,1.0,0.8,0.8,0.2,1.0,0.7867,Travail Social / Éducation Spécialisée,same
0.8,0.8,1.0,0.6,0.8,0.4,1.0,0.7745,Travail Social / Éducation Spécialisée,same
0.8,0.8,1.0,0.6,0.8,0.4,1.0,0.7513,Travail Social / Éducation Spécialisée,same
0.8,0.8,1.0,0.6,0.8,0.4,1.0,0.7623,Travail Social / Éducation Spécialisée,same
0.8,0.8,1.0,1.0,0.8,0.0,1.0,0.7567,Travail Social / Éducation Spécialisée,same
0.8,0.8,1.0,1.0,0.8,0.0,1.0,0.7504,Travail Social / Éducation Spécialisée,same
0.8,0.8,1.0,1.0,0.8,0.0,1.0,0.7623,Travail Social / Éducation Spécialisée,same
0.8,0.8,1.0,0.8,0.8,0.2,1.0,0.7557,Travail Social / Éducation Spécialisée,same
0.8,0.8,1.0,0.8,0.8,0.2,1.0,0.7774,Travail Social / Éducation Spécialisée,same
0.8,0.8,1.0,0.8,0.8,0.2,1.0,0.7591,Travail Social / Éducation Spécialisée,same
0.8,0.8,1.0,0.6,0.8,0.4,1.0,0.772,Travail Social / Éducation Spécialisée,same
0.8,0.8,1.0,0.6,0.8,0.4,1.0,0.7624,Travail Social / Éducation Spécialisée,same
0.8,0.8,1.0,0.6,0.8,0.4,1.0,0.7502,Travail Social / Éducation Spécialisée,same
0.7,0.6,1.0,1.0,0.6,0.0,1.0,0.6795,Travail Social / Éducation Spécialisée,same
0.7,0.6,1.0,1.0,0.6,0.0,1.0,0.6578,Travail Social / Éducation Spécialisée,same
0.7,0.6,1.0,1.0,0.6,0.0,1.0,0.6558,Travail Social / Éducation Spécialisée,same
0.7,0.6,1.0,0.8,0.6,0.2,1.0,0.6901,Travail Social / Éducation Spécialisée,same
0.7,0.6,1.0,0.8,0.6,0.2,1.0,0.6815,Travail Social / Éducation Spécialisée,same
0.7,0.6,1.0,0.8,0.6,0.2,1.0,0.6634,Travail Social / Éducation Spécialisée,same
0.7,0.6,1.0,0.6,0.6,0.4,1.0,0.6615,Travail Social / Éducation Spécialisée,same
0.7,0.6,1.0,0.6,0.6,0.4,1.0,0.7021,Travail Social / Éducation Spécialisée,same
0.7,0.6,1.0,0.6,0.6,0.4,1.0,0.6654,Travail Social / Éducation Spécialisée,same
0.6,0.4,1.0,1.0,0.4,0.0,1.0,0.6012,Travail Social / Éducation Spécialisée,same
0.6,0.4,1.0,1.0,0.4,0.0,1.0,0.5635,Travail Social / Éducation Spécialisée,same
0.6,0.4,1.0,1.0,0.4,0.0,1.0,0.5833,Travail Social / Éducation Spécialisée,same
0.6,0.4,1.0,0.8,0.4,0.2,1.0,0.6056,Travail Social / Éducation Spécialisée,same
0.6,0.4,1.0,0.8,0.4,0.2,1.0,0.5745,Travail Social / Éducation Spécialisée,same
0.6,0.4,1.0,0.8,0.4,0.2,1.0,0.5655,Travail Social / Éducation Spécialisée,same
0.6,0.4,1.0,0.6,0.4,0.4,1.0,0.5764,Travail Social / Éducation Spécialisée,same
0.6,0.4,1.0,0.6,0.4,0.4,1.0,0.607,Travail Social / Éducation Spécialisée,same
0.6,0.4,1.0,0.6,0.4,0.4,1.0,0.5761,Travail Social / Éducation Spécialisée,same
0.5,0.2,1.0,1.0,0.2,0.0,1.0,0.4811,Travail Social / Éducation Spécialisée,same
0.5,0.2,1.0,1.0,0.2,0.0,1.0,0.4731,Travail Social / Éducation Spécialisée,same
0.5,0.2,1.0,1.0,0.2,0.0,1.0,0.4853,Travail Social / Éducation Spécialisée,same
0.5,0.2,1.0,0.8,0.2,0.2,1.0,0.5,Travail Social / Éducation Spécialisée,same
0.5,0.2,1.0,0.8,0.2,0.2,1.0,0.5111,Travail Social / Éducation Spécialisée,same
0.5,0.2,1.0,0.8,0.2,0.2,1.0,0.4981,Travail Social / Éducation Spécialisée,same
0.5,0.2,1.0,0.6,0.2,0.4,1.0,0.4908,Travail Social / Éducation Spécialisée,same
0.5,0.2,1.0,0.6,0.2,0.4,1.0,0.5037,Travail Social / Éducation Spécialisée,same
0.5,0.2,1.0,0.6,0.2,0.4,1.0,0.5075,Travail Social / Éducation Spécialisée,same
0.5,0.2,1.0,1.0,0.2,0.0,0.65,0.3219,Travail Social / Éducation Spécialisée,adjacent
0.5,0.2,1.0,0.8,0.2,0.2,0.65,0.2851,Travail Social / Éducation Spécialisée,adjacent
0.5,0.2,1.0,1.0,0.2,0.0,0.65,0.3053,Travail Social / Éducation Spécialisée,adjacent
0.5,0.2,1.0,0.8,0.2,0.2,0.65,0.3247,Travail Social / Éducation Spécialisée,adjacent
0.5,0.2,1.0,1.0,0.2,0.0,0.65,0.2887,Travail Social / Éducation Spécialisée,adjacent
0.5,0.2,1.0,0.8,0.2,0.2,0.65,0.3005,Travail Social / Éducation Spécialisée,adjacent
0.4,0.0,1.0,1.0,0.0,-0.4,0.0,0.04,Travail Social / Éducation Spécialisée,different
0.4,0.0,1.0,0.6,0.0,0.4,0.0,0.0631,Travail Social / Éducation Spécialisée,different
0.4,0.0,1.0,1.0,0.0,0.0,0.0,0.0571,Travail Social / Éducation Spécialisée,different
0.4,0.0,1.0,0.6,0.0,0.4,0.0,0.055,Travail Social / Éducation Spécialisée,different
0.8286,0.8571,1.0,1.0,0.8571,0.0,1.0,0.7726,Traduction / Interprétariat,same
0.8286,0.8571,1.0,1.0,0.8571,0.0,1.0,0.7756,Traduction / Interprétariat,same
0.8286,0.8571,1.0,1.0,0.8571,0.0,1.0,0.7596,Traduction / Interprétariat,same
0.8286,0.8571,1.0,0.8,0.8571,0.2,1.0,0.7678,Traduction / Interprétariat,same
0.8286,0.8571,1.0,0.8,0.8571,0.2,1.0,0.7779,Traduction / Interprétariat,same
0.8286,0.8571,1.0,0.8,0.8571,0.2,1.0,0.8008,Traduction / Interprétariat,same
0.8286,0.8571,1.0,0.6,0.8571,0.4,1.0,0.7885,Traduction / Interprétariat,same
0.8286,0.8571,1.0,0.6,0.8571,0.4,1.0,0.7729,Traduction / Interprétariat,same
0.8286,0.8571,1.0,0.6,0.8571,0.4,1.0,0.7878,Traduction / Interprétariat,same
0.7571,0.7143,1.0,1.0,0.7143,0.0,1.0,0.7365,Traduction / Interprétariat,same
0.7571,0.7143,1.0,1.0,0.7143,0.0,1.0,0.716,Traduction / Interprétariat,same
0.7571,0.7143,1.0,1.0,0.7143,0.0,1.0,0.7269,Traduction / Interprétariat,same
0.7571,0.7143,1.0,0.8,0.7143,0.2,1.0,0.7114,Traduction / Interprétariat,same
0.7571,0.7143,1.0,0.8,0.7143,0.2,1.0,0.7154,Traduction / Interprétariat,same
0.7571,0.7143,1.0,0.8,0.7143,0.2,1.0,0.7228,Traduction / Interprétariat,same
0.7571,0.7143,1.0,0.6,0.7143,0.4,1.0,0.7115,Traduction / Interprétariat,same
0.7571,0.7143,1.0,0.6,0.7143,0.4,1.0,0.7215,Traduction / Interprétariat,same
0.7571,0.7143,1.0,0.6,0.7143,0.4,1.0,0.7261,Traduction / Interprétariat,same
0.6857,0.5714,1.0,1.0,0.5714,0.0,1.0,0.6558,Traduction / Interprétariat,same
0.6857,0.5714,1.0,1.0,0.5714,0.0,1.0,0.6688,Traduction / Interprétariat,same
0.6857,0.5714,1.0,1.0,0.5714,0.0,1.0,0.6586,Traduction / Interprétariat,same
0.6857,0.5714,1.0,0.8,0.5714,0.2,1.0,0.6504,Traduction / Interprétariat,same
0.6857,0.5714,1.0,0.8,0.5714,0.2,1.0,0.6484,Traduction / Interprétariat,same
0.6857,0.5714,1.0,0.8,0.5714,0.2,1.0,0.6644,Traduction / Interprétariat,same
0.6857,0.5714,1.0,0.6,0.5714,0.4,1.0,0.6812,Traduction / Interprétariat,same
0.6857,0.5714,1.0,0.6,0.5714,0.4,1.0,0.6728,Traduction / Interprétariat,same
0.6857,0.5714,1.0,0.6,0.5714,0.4,1.0,0.638,Traduction / Interprétariat,same
0.6143,0.4286,1.0,1.0,0.4286,0.0,1.0,0.5998,Traduction / Interprétariat,same
0.6143,0.4286,1.0,1.0,0.4286,0.0,1.0,0.597,Traduction / Interprétariat,same
0.6143,0.4286,1.0,1.0,0.4286,0.0,1.0,0.5959,Traduction / Interprétariat,same
0.6143,0.4286,1.0,0.8,0.4286,0.2,1.0,0.579,Traduction / Interprétariat,same
0.6143,0.4286,1.0,0.8,0.4286,0.2,1.0,0.5993,Traduction / Interprétariat,same
0.6143,0.4286,1.0,0.8,0.4286,0.2,1.0,0.5873,Traduction / Interprétariat,same
0.6143,0.4286,1.0,0.6,0.4286,0.4,1.0,0.5924,Traduction / Interprétariat,same
0.6143,0.4286,1.0,0.6,0.4286,0.4,1.0,0.6058,Traduction / Interprétariat,same
0.6143,0.4286,1.0,0.6,0.4286,0.4,1.0,0.601,Traduction / Interprétariat,same
0.5429,0.2857,1.0,1.0,0.2857,0.0,1.0,0.5113,Traduction / Interprétariat,same
0.5429,0.2857,1.0,1.0,0.2857,0.0,1.0,0.5165,Traduction / Interprétariat,same
0.5429,0.2857,1.0,1.0,0.2857,0.0,1.0,0.5298,Traduction / Interprétariat,same
0.5429,0.2857,1.0,0.8,0.2857,0.2,1.0,0.5271,Traduction / Interprétariat,same
0.5429,0.2857,1.0,0.8,0.2857,0.2,1.0,0.5107,Traduction / Interprétariat,same
0.5429,0.2857,1.0,0.8,0.2857,0.2,1.0,0.5393,Traduction / Interprétariat,same
0.5429,0.2857,1.0,0.6,0.2857,0.4,1.0,0.5262,Traduction / Interprétariat,same
0.5429,0.2857,1.0,0.6,0.2857,0.4,1.0,0.5134,Traduction / Interprétariat,same
0.5429,0.2857,1.0,0.6,0.2857,0.4,1.0,0.5375,Traduction / Interprétariat,same
0.4715,0.1429,1.0,1.0,0.1429,0.0,0.65,0.2924,Traduction / Interprétariat,adjacent
0.4715,0.1429,1.0,0.8,0.1429,0.2,0.65,0.2748,Traduction / Interprétariat,adjacent
0.4715,0.1429,1.0,1.0,0.1429,0.0,0.65,0.2904,Traduction / Interprétariat,adjacent
0.4715,0.1429,1.0,0.8,0.1429,0.2,0.65,0.2975,Traduction / Interprétariat,adjacent
0.4715,0.1429,1.0,1.0,0.1429,0.0,0.65,0.3012,Traduction / Interprétariat,adjacent
0.4715,0.1429,1.0,0.8,0.1429,0.2,0.65,0.2921,Traduction / Interprétariat,adjacent
0.4,0.0,1.0,0.8,0.0,0.2,0.0,0.0567,Traduction / Interprétariat,different
0.4,0.0,1.0,1.0,0.0,0.0,0.0,0.0436,Traduction / Interprétariat,different
0.4,0.0,1.0,1.0,0.0,0.0,0.0,0.07,Traduction / Interprétariat,different
0.4,0.0,1.0,0.8,0.0,0.2,0.0,0.04,Traduction / Interprétariat,different
0.8167,0.8333,1.0,1.0,0.8333,0.0,1.0,0.7754,Cuisine / Chef de Cuisine,same
0.8167,0.8333,1.0,1.0,0.8333,0.0,1.0,0.7688,Cuisine / Chef de Cuisine,same
0.8167,0.8333,1.0,1.0,0.8333,0.0,1.0,0.7767,Cuisine / Chef de Cuisine,same
0.8167,0.8333,1.0,0.8,0.8333,0.2,1.0,0.787,Cuisine / Chef de Cuisine,same
0.8167,0.8333,1.0,0.8,0.8333,0.2,1.0,0.7755,Cuisine / Chef de Cuisine,same
0.8167,0.8333,1.0,0.8,0.8333,0.2,1.0,0.7814,Cuisine / Chef de Cuisine,same
0.8167,0.8333,1.0,0.8,0.8333,0.2,1.0,0.7652,Cuisine / Chef de Cuisine,same
0.8167,0.8333,1.0,0.8,0.8333,0.2,1.0,0.7834,Cuisine / Chef de Cuisine,same
0.8167,0.8333,1.0,0.8,0.8333,0.2,1.0,0.7652,Cuisine / Chef de Cuisine,same
0.7333,0.6667,1.0,1.0,0.6667,0.0,1.0,0.6797,Cuisine / Chef de Cuisine,same
0.7333,0.6667,1.0,1.0,0.6667,0.0,1.0,0.7094,Cuisine / Chef de Cuisine,same
0.7333,0.6667,1.0,1.0,0.6667,0.0,1.0,0.6906,Cuisine / Chef de Cuisine,same
0.7333,0.6667,1.0,0.8,0.6667,0.2,1.0,0.6869,Cuisine / Chef de Cuisine,same
0.7333,0.6667,1.0,0.8,0.6667,0.2,1.0,0.6949,Cuisine / Chef de Cuisine,same
0.7333,0.6667,1.0,0.8,0.6667,0.2,1.0,0.7155,Cuisine / Chef de Cuisine,same
0.7333,0.6667,1.0,0.8,0.6667,0.2,1.0,0.6954,Cuisine / Chef de Cuisine,same
0.7333,0.6667,1.0,0.8,0.6667,0.2,1.0,0.6871,Cuisine / Chef de Cuisine,same
0.7333,0.6667,1.0,0.8,0.6667,0.2,1.0,0.7053,Cuisine / Chef de Cuisine,same
0.65,0.5,1.0,1.0,0.5,0.0,1.0,0.6359,Cuisine / Chef de Cuisine,same
0.65,0.5,1.0,1.0,0.5,0.0,1.0,0.6168,Cuisine / Chef de Cuisine,same
0.65,0.5,1.0,1.0,0.5,0.0,1.0,0.6427,Cuisine / Chef de Cuisine,same
0.65,0.5,1.0,0.8,0.5,0.2,1.0,0.6039,Cuisine / Chef de Cuisine,same
0.65,0.5,1.0,0.8,0.5,0.2,1.0,0.6017,Cuisine / Chef de Cuisine,same
0.65,0.5,1.0,0.8,0.5,0.2,1.0,0.6271,Cuisine / Chef de Cuisine,same
0.65,0.5,1.0,0.8,0.5,0.2,1.0,0.6146,Cuisine / Chef de Cuisine,same
0.65,0.5,1.0,0.8,0.5,0.2,1.0,0.621,Cuisine / Chef de Cuisine,same
0.65,0.5,1.0,0.8,0.5,0.2,1.0,0.6457,Cuisine / Chef de Cuisine,same
0.65,0.5,1.0,1.0,0.5,0.0,1.0,0.6066,Cuisine / Chef de Cuisine,same
0.65,0.5,1.0,1.0,0.5,0.0,1.0,0.6459,Cuisine / Chef de Cuisine,same
0.65,0.5,1.0,1.0,0.5,0.0,1.0,0.6378,Cuisine / Chef de Cuisine,same
0.65,0.5,1.0,0.8,0.5,0.2,1.0,0.6642,Cuisine / Chef de Cuisine,same
0.65,0.5,1.0,0.8,0.5,0.2,1.0,0.6337,Cuisine / Chef de Cuisine,same
0.65,0.5,1.0,0.8,0.5,0.2,1.0,0.6435,Cuisine / Chef de Cuisine,same
0.65,0.5,1.0,0.8,0.5,0.2,1.0,0.6441,Cuisine / Chef de Cuisine,same
0.65,0.5,1.0,0.8,0.5,0.2,1.0,0.6283,Cuisine / Chef de Cuisine,same
0.65,0.5,1.0,0.8,0.5,0.2,1.0,0.6327,Cuisine / Chef de Cuisine,same
0.5666,0.3333,1.0,1.0,0.3333,0.0,1.0,0.5471,Cuisine / Chef de Cuisine,same
0.5666,0.3333,1.0,1.0,0.3333,0.0,1.0,0.5567,Cuisine / Chef de Cuisine,same
0.5666,0.3333,1.0,1.0,0.3333,0.0,1.0,0.5284,Cuisine / Chef de Cuisine,same
0.5666,0.3333,1.0,0.8,0.3333,0.2,1.0,0.5711,Cuisine / Chef de Cuisine,same
0.5666,0.3333,1.0,0.8,0.3333,0.2,1.0,0.5598,Cuisine / Chef de Cuisine,same
0.5666,0.3333,1.0,0.8,0.3333,0.2,1.0,0.555,Cuisine / Chef de Cuisine,same
0.5666,0.3333,1.0,0.8,0.3333,0.2,1.0,0.5328,Cuisine / Chef de Cuisine,same
0.5666,0.3333,1.0,0.8,0.3333,0.2,1.0,0.5565,Cuisine / Chef de Cuisine,same
0.5666,0.3333,1.0,0.8,0.3333,0.2,1.0,0.5578,Cuisine / Chef de Cuisine,same
0.4834,0.1667,1.0,1.0,0.1667,0.0,0.65,0.2999,Cuisine / Chef de Cuisine,adjacent
0.4834,0.1667,1.0,0.8,0.1667,0.2,0.65,0.3069,Cuisine / Chef de Cuisine,adjacent
0.4834,0.1667,1.0,1.0,0.1667,0.0,0.65,0.2897,Cuisine / Chef de Cuisine,adjacent
0.4834,0.1667,1.0,0.8,0.1667,0.2,0.65,0.3054,Cuisine / Chef de Cuisine,adjacent
0.4834,0.1667,1.0,1.0,0.1667,0.0,0.65,0.2846,Cuisine / Chef de Cuisine,adjacent
0.4834,0.1667,1.0,0.8,0.1667,0.2,0.65,0.3051,Cuisine / Chef de Cuisine,adjacent
0.4,0.0,1.0,1.0,0.0,-0.6,0.0,0.04,Cuisine / Chef de Cuisine,different
0.4,0.0,1.0,1.0,0.0,-0.4,0.0,0.0442,Cuisine / Chef de Cuisine,different
0.4,0.0,1.0,0.8,0.0,0.2,0.0,0.0434,Cuisine / Chef de Cuisine,different
0.4,0.0,1.0,1.0,0.0,-0.6,0.0,0.04,Cuisine / Chef de Cuisine,different
0.8167,0.8333,1.0,1.0,0.8333,0.0,1.0,0.78,Hôtellerie / Réception,same
0.8167,0.8333,1.0,1.0,0.8333,0.0,1.0,0.772,Hôtellerie / Réception,same
0.8167,0.8333,1.0,1.0,0.8333,0.0,1.0,0.7752,Hôtellerie / Réception,same
0.8167,0.8333,1.0,0.8,0.8333,0.2,1.0,0.7927,Hôtellerie / Réception,same
0.8167,0.8333,1.0,0.8,0.8333,0.2,1.0,0.7833,Hôtellerie / Réception,same
0.8167,0.8333,1.0,0.8,0.8333,0.2,1.0,0.7893,Hôtellerie / Réception,same
0.8167,0.8333,1.0,0.8,0.8333,0.2,1.0,0.7591,Hôtellerie / Réception,same
0.8167,0.8333,1.0,0.8,0.8333,0.2,1.0,0.7683,Hôtellerie / Réception,same
0.8167,0.8333,1.0,0.8,0.8333,0.2,1.0,0.7561,Hôtellerie / Réception,same
0.7333,0.6667,1.0,1.0,0.6667,0.0,1.0,0.675,Hôtellerie / Réception,same
0.7333,0.6667,1.0,1.0,0.6667,0.0,1.0,0.6895,Hôtellerie / Réception,same
0.7333,0.6667,1.0,1.0,0.6667,0.0,1.0,0.7187,Hôtellerie / Réception,same
0.7333,0.6667,1.0,0.8,0.6667,0.2,1.0,0.7043,Hôtellerie / Réception,same
0.7333,0.6667,1.0,0.8,0.6667,0.2,1.0,0.7034,Hôtellerie / Réception,same
0.7333,0.6667,1.0,0.8,0.6667,0.2,1.0,0.7035,Hôtellerie / Réception,same
0.7333,0.6667,1.0,0.8,0.6667,0.2,1.0,0.7196,Hôtellerie / Réception,same
0.7333,0.6667,1.0,0.8,0.6667,0.2,1.0,0.6829,Hôtellerie / Réception,same
0.7333,0.6667,1.0,0.8,0.6667,0.2,1.0,0.6935,Hôtellerie / Réception,same
0.65,0.5,1.0,1.0,0.5,0.0,1.0,0.6271,Hôtellerie / Réception,same
0.65,0.5,1.0,1.0,0.5,0.0,1.0,0.6364,Hôtellerie / Réception,same
0.65,0.5,1.0,1.0,0.5,0.0,1.0,0.6074,Hôtellerie / Réception,same
0.65,0.5,1.0,0.8,0.5,0.2,1.0,0.6292,Hôtellerie / Réception,same
0.65,0.5,1.0,0.8,0.5,0.2,1.0,0.6225,Hôtellerie / Réception,same
0.65,0.5,1.0,0.8,0.5,0.2,1.0,0.6186,Hôtellerie / Réception,same
0.65,0.5,1.0,0.8,0.5,0.2,1.0,0.6388,Hôtellerie / Réception,same
0.65,0.5,1.0,0.8,0.5,0.2,1.0,0.6248,Hôtellerie / Réception,same
0.65,0.5,1.0,0.8,0.5,0.2,1.0,0.6174,Hôtellerie / Réception,same
0.65,0.5,1.0,1.0,0.5,0.0,1.0,0.6509,Hôtellerie / Réception,same
0.65,0.5,1.0,1.0,0.5,0.0,1.0,0.6444,Hôtellerie / Réception,same
0.65,0.5,1.0,1.0,0.5,0.0,1.0,0.6366,Hôtellerie / Réception,same
0.65,0.5,1.0,0.8,0.5,0.2,1.0,0.6236,Hôtellerie / Réception,same
0.65,0.5,1.0,0.8,0.5,0.2,1.0,0.614,Hôtellerie / Réception,same
0.65,0.5,1.0,0.8,0.5,0.2,1.0,0.6134,Hôtellerie / Réception,same
0.65,0.5,1.0,0.8,0.5,0.2,1.0,0.6425,Hôtellerie / Réception,same
0.65,0.5,1.0,0.8,0.5,0.2,1.0,0.614,Hôtellerie / Réception,same
0.65,0.5,1.0,0.8,0.5,0.2,1.0,0.6235,Hôtellerie / Réception,same
0.5666,0.3333,1.0,1.0,0.3333,0.0,1.0,0.5657,Hôtellerie / Réception,same
0.5666,0.3333,1.0,1.0,0.3333,0.0,1.0,0.5611,Hôtellerie / Réception,same
0.5666,0.3333,1.0,1.0,0.3333,0.0,1.0,0.5457,Hôtellerie / Réception,same
0.5666,0.3333,1.0,0.8,0.3333,0.2,1.0,0.5513,Hôtellerie / Réception,same
0.5666,0.3333,1.0,0.8,0.3333,0.2,1.0,0.5682,Hôtellerie / Réception,same
0.5666,0.3333,1.0,0.8,0.3333,0.2,1.0,0.5552,Hôtellerie / Réception,same
0.5666,0.3333,1.0,0.8,0.3333,0.2,1.0,0.5609,Hôtellerie / Réception,same
0.5666,0.3333,1.0,0.8,0.3333,0.2,1.0,0.5516,Hôtellerie / Réception,same
0.5666,0.3333,1.0,0.8,0.3333,0.2,1.0,0.5666,Hôtellerie / Réception,same
0.4834,0.1667,1.0,1.0,0.1667,0.0,0.65,0.3137,Hôtellerie / Réception,adjacent
0.4834,0.1667,1.0,0.8,0.1667,0.2,0.65,0.3178,Hôtellerie / Réception,adjacent
0.4834,0.1667,1.0,1.0,0.1667,0.0,0.65,0.2916,Hôtellerie / Réception,adjacent
0.4834,0.1667,1.0,0.8,0.1667,0.2,0.65,0.2849,Hôtellerie / Réception,adjacent
0.4834,0.1667,1.0,1.0,0.1667,0.0,0.65,0.2985,Hôtellerie / Réception,adjacent
0.4834,0.1667,1.0,0.8,0.1667,0.2,0.65,0.2938,Hôtellerie / Réception,adjacent
0.4,0.0,1.0,1.0,0.0,-0.4,0.0,0.061,Hôtellerie / Réception,different
0.4,0.0,1.0,1.0,0.0,-0.4,0.0,0.0569,Hôtellerie / Réception,different
0.4,0.0,1.0,1.0,0.0,-0.4,0.0,0.0657,Hôtellerie / Réception,different
0.4,0.0,1.0,0.8,0.0,0.2,0.0,0.0597,Hôtellerie / Réception,different
0.8,0.8,1.0,1.0,0.8,0.0,1.0,0.7512,Électricité Bâtiment / Industrie,same
0.8,0.8,1.0,1.0,0.8,0.0,1.0,0.759,Électricité Bâtiment / Industrie,same
0.8,0.8,1.0,1.0,0.8,0.0,1.0,0.7605,Électricité Bâtiment / Industrie,same
0.8,0.8,1.0,0.8,0.8,0.2,1.0,0.7621,Électricité Bâtiment / Industrie,same
0.8,0.8,1.0,0.8,0.8,0.2,1.0,0.7695,Électricité Bâtiment / Industrie,same
0.8,0.8,1.0,0.8,0.8,0.2,1.0,0.7539,Électricité Bâtiment / Industrie,same
0.8,0.8,1.0,0.8,0.8,0.2,1.0,0.7395,Électricité Bâtiment / Industrie,same
0.8,0.8,1.0,0.8,0.8,0.2,1.0,0.741,Électricité Bâtiment / Industrie,same
0.8,0.8,1.0,0.8,0.8,0.2,1.0,0.75,Électricité Bâtiment / Industrie,same
0.8,0.8,1.0,1.0,0.8,0.0,1.0,0.7489,Électricité Bâtiment / Industrie,same
0.8,0.8,1.0,1.0,0.8,0.0,1.0,0.7574,Électricité Bâtiment / Industrie,same
0.8,0.8,1.0,1.0,0.8,0.0,1.0,0.7619,Électricité Bâtiment / Industrie,same
0.8,0.8,1.0,0.8,0.8,0.2,1.0,0.7656,Électricité Bâtiment / Industrie,same
0.8,0.8,1.0,0.8,0.8,0.2,1.0,0.7534,Électricité Bâtiment / Industrie,same
0.8,0.8,1.0,0.8,0.8,0.2,1.0,0.7478,Électricité Bâtiment / Industrie,same
0.8,0.8,1.0,0.8,0.8,0.2,1.0,0.7702,Électricité Bâtiment / Industrie,same
0.8,0.8,1.0,0.8,0.8,0.2,1.0,0.7578,Électricité Bâtiment / Industrie,same
0.8,0.8,1.0,0.8,0.8,0.2,1.0,0.7508,Électricité Bâtiment / Industrie,same
0.7,0.6,1.0,1.0,0.6,0.0,1.0,0.6777,Électricité Bâtiment / Industrie,same
0.7,0.6,1.0,1.0,0.6,0.0,1.0,0.6784,Électricité Bâtiment / Industrie,same
0.7,0.6,1.0,1.0,0.6,0.0,1.0,0.6774,Électricité Bâtiment / Industrie,same
0.7,0.6,1.0,0.8,0.6,0.2,1.0,0.6629,Électricité Bâtiment / Industrie,same
0.7,0.6,1.0,0.8,0.6,0.2,1.0,0.6719,Électricité Bâtiment / Industrie,same
0.7,0.6,1.0,0.8,0.6,0.2,1.0,0.66,Électricité Bâtiment / Industrie,same
0.7,0.6,1.0,0.8,0.6,0.2,1.0,0.6509,Électricité Bâtiment / Industrie,same
0.7,0.6,1.0,0.8,0.6,0.2,1.0,0.684,Électricité Bâtiment / Industrie,same
0.7,0.6,1.0,0.8,0.6,0.2,1.0,0.6622,Électricité Bâtiment / Industrie,same
0.6,0.4,1.0,1.0,0.4,0.0,1.0,0.5751,Électricité Bâtiment / Industrie,same
0.6,0.4,1.0,1.0,0.4,0.0,1.0,0.5708,Électricité Bâtiment / Industrie,same
0.6,0.4,1.0,1.0,0.4,0.0,1.0,0.5804,Électricité Bâtiment / Industrie,same
0.6,0.4,1.0,0.8,0.4,0.2,1.0,0.586,Électricité Bâtiment / Industrie,same
0.6,0.4,1.0,0.8,0.4,0.2,1.0,0.5754,Électricité Bâtiment / Industrie,same
0.6,0.4,1.0,0.8,0.4,0.2,1.0,0.5847,Électricité Bâtiment / Industrie,same
0.6,0.4,1.0,0.8,0.4,0.2,1.0,0.5676,Électricité Bâtiment / Industrie,same
0.6,0.4,1.0,0.8,0.4,0.2,1.0,0.5904,Électricité Bâtiment / Industrie,same
0.6,0.4,1.0,0.8,0.4,0.2,1.0,0.5688,Électricité Bâtiment / Industrie,same
0.5,0.2,1.0,1.0,0.2,0.0,1.0,0.4843,Électricité Bâtiment / Industrie,same
0.5,0.2,1.0,1.0,0.2,0.0,1.0,0.4752,Électricité Bâtiment / Industrie,same
0.5,0.2,1.0,1.0,0.2,0.0,1.0,0.4912,Électricité Bâtiment / Industrie,same
0.5,0.2,1.0,0.8,0.2,0.2,1.0,0.5142,Électricité Bâtiment / Industrie,same
0.5,0.2,1.0,0.8,0.2,0.2,1.0,0.4765,Électricité Bâtiment / Industrie,same
0.5,0.2,1.0,0.8,0.2,0.2,1.0,0.4934,Électricité Bâtiment / Industrie,same
0.5,0.2,1.0,0.8,0.2,0.2,1.0,0.4964,Électricité Bâtiment / Industrie,same
0.5,0.2,1.0,0.8,0.2,0.2,1.0,0.4881,Électricité Bâtiment / Industrie,same
0.5,0.2,1.0,0.8,0.2,0.2,1.0,0.4975,Électricité Bâtiment / Industrie,same
0.6,0.4,1.0,1.0,0.4,0.0,0.65,0.3791,Électricité Bâtiment / Industrie,adjacent
0.6,0.4,1.0,0.8,0.4,0.2,0.65,0.356,Électricité Bâtiment / Industrie,adjacent
0.6,0.4,1.0,1.0,0.4,0.0,0.65,0.3896,Électricité Bâtiment / Industrie,adjacent
0.6,0.4,1.0,0.8,0.4,0.2,0.65,0.3479,Électricité Bâtiment / Industrie,adjacent
0.6,0.4,1.0,1.0,0.4,0.0,0.65,0.3621,Électricité Bâtiment / Industrie,adjacent
0.6,0.4,1.0,0.8,0.4,0.2,0.65,0.3708,Électricité Bâtiment / Industrie,adjacent
0.4,0.0,1.0,1.0,0.0,-0.4,0.0,0.04,Électricité Bâtiment / Industrie,different
0.4,0.0,1.0,1.0,0.0,-0.4,0.0,0.0495,Électricité Bâtiment / Industrie,different
0.4,0.0,1.0,1.0,0.0,-0.4,0.0,0.0577,Électricité Bâtiment / Industrie,different
0.4,0.0,1.0,1.0,0.0,0.0,0.0,0.0634,Électricité Bâtiment / Industrie,different
0.8167,0.8333,1.0,1.0,0.8333,0.0,1.0,0.7834,Soudure / Chaudronnerie,same
0.8167,0.8333,1.0,1.0,0.8333,0.0,1.0,0.7767,Soudure / Chaudronnerie,same
0.8167,0.8333,1.0,1.0,0.8333,0.0,1.0,0.77,Soudure / Chaudronnerie,same
0.8167,0.8333,1.0,0.8,0.8333,0.2,1.0,0.7953,Soudure / Chaudronnerie,same
0.8167,0.8333,1.0,0.8,0.8333,0.2,1.0,0.7561,Soudure / Chaudronnerie,same
0.8167,0.8333,1.0,0.8,0.8333,0.2,1.0,0.7667,Soudure / Chaudronnerie,same
0.8167,0.8333,1.0,0.8,0.8333,0.2,1.0,0.7607,Soudure / Chaudronnerie,same
0.8167,0.8333,1.0,0.8,0.8333,0.2,1.0,0.7754,Soudure / Chaudronnerie,same
0.8167,0.8333,1.0,0.8,0.8333,0.2,1.0,0.7665,Soudure / Chaudronnerie,same
0.7333,0.6667,1.0,1.0,0.6667,0.0,1.0,0.6958,Soudure / Chaudronnerie,same
0.7333,0.6667,1.0,1.0,0.6667,0.0,1.0,0.6646,Soudure / Chaudronnerie,same
0.7333,0.6667,1.0,1.0,0.6667,0.0,1.0,0.6902,Soudure / Chaudronnerie,same
0.7333,0.6667,1.0,0.8,0.6667,0.2,1.0,0.6805,Soudure / Chaudronnerie,same
0.7333,0.6667,1.0,0.8,0.6667,0.2,1.0,0.6947,Soudure / Chaudronnerie,same
0.7333,0.6667,1.0,0.8,0.6667,0.2,1.0,0.7008,Soudure / Chaudronnerie,same
0.7333,0.6667,1.0,0.8,0.6667,0.2,1.0,0.6871,Soudure / Chaudronnerie,same
0.7333,0.6667,1.0,0.8,0.6667,0.2,1.0,0.7025,Soudure / Chaudronnerie,same
0.7333,0.6667,1.0,0.8,0.6667,0.2,1.0,0.7124,Soudure / Chaudronnerie,same
0.65,0.5,1.0,1.0,0.5,0.0,1.0,0.6235,Soudure / Chaudronnerie,same
0.65,0.5,1.0,1.0,0.5,0.0,1.0,0.6076,Soudure / Chaudronnerie,same
0.65,0.5,1.0,1.0,0.5,0.0,1.0,0.6254,Soudure / Chaudronnerie,same
0.65,0.5,1.0,0.8,0.5,0.2,1.0,0.6495,Soudure / Chaudronnerie,same
0.65,0.5,1.0,0.8,0.5,0.2,1.0,0.6342,Soudure / Chaudronnerie,same
0.65,0.5,1.0,0.8,0.5,0.2,1.0,0.6269,Soudure / Chaudronnerie,same
0.65,0.5,1.0,0.8,0.5,0.2,1.0,0.6283,Soudure / Chaudronnerie,same
0.65,0.5,1.0,0.8,0.5,0.2,1.0,0.6211,Soudure / Chaudronnerie,same
0.65,0.5,1.0,0.8,0.5,0.2,1.0,0.629,Soudure / Chaudronnerie,same
0.65,0.5,1.0,1.0,0.5,0.0,1.0,0.6205,Soudure / Chaudronnerie,same
0.65,0.5,1.0,1.0,0.5,0.0,1.0,0.6281,Soudure / Chaudronnerie,same
0.65,0.5,1.0,1.0,0.5,0.0,1.0,0.6174,Soudure / Chaudronnerie,same
0.65,0.5,1.0,0.8,0.5,0.2,1.0,0.6236,Soudure / Chaudronnerie,same
0.65,0.5,1.0,0.8,0.5,0.2,1.0,0.6067,Soudure / Chaudronnerie,same
0.65,0.5,1.0,0.8,0.5,0.2,1.0,0.6356,Soudure / Chaudronnerie,same
0.65,0.5,1.0,0.8,0.5,0.2,1.0,0.6124,Soudure / Chaudronnerie,same
0.65,0.5,1.0,0.8,0.5,0.2,1.0,0.6101,Soudure / Chaudronnerie,same
0.65,0.5,1.0,0.8,0.5,0.2,1.0,0.6322,Soudure / Chaudronnerie,same
0.5666,0.3333,1.0,1.0,0.3333,0.0,1.0,0.5548,Soudure / Chaudronnerie,same
0.5666,0.3333,1.0,1.0,0.3333,0.0,1.0,0.5285,Soudure / Chaudronnerie,same
0.5666,0.3333,1.0,1.0,0.3333,0.0,1.0,0.5553,Soudure / Chaudronnerie,same
0.5666,0.3333,1.0,0.8,0.3333,0.2,1.0,0.5353,Soudure / Chaudronnerie,same
0.5666,0.3333,1.0,0.8,0.3333,0.2,1.0,0.5342,Soudure / Chaudronnerie,same
0.5666,0.3333,1.0,0.8,0.3333,0.2,1.0,0.5467,Soudure / Chaudronnerie,same
0.5666,0.3333,1.0,0.8,0.3333,0.2,1.0,0.5664,Soudure / Chaudronnerie,same
0.5666,0.3333,1.0,0.8,0.3333,0.2,1.0,0.5791,Soudure / Chaudronnerie,same
0.5666,0.3333,1.0,0.8,0.3333,0.2,1.0,0.5459,Soudure / Chaudronnerie,same
0.4834,0.1667,1.0,1.0,0.1667,0.0,0.65,0.3151,Soudure / Chaudronnerie,adjacent
0.4834,0.1667,1.0,0.8,0.1667,0.2,0.65,0.3138,Soudure / Chaudronnerie,adjacent
0.4834,0.1667,1.0,1.0,0.1667,0.0,0.65,0.2957,Soudure / Chaudronnerie,adjacent
0.4834,0.1667,1.0,0.8,0.1667,0.2,0.65,0.3179,Soudure / Chaudronnerie,adjacent
0.4834,0.1667,1.0,1.0,0.1667,0.0,0.65,0.2871,Soudure / Chaudronnerie,adjacent
0.4834,0.1667,1.0,0.8,0.1667,0.2,0.65,0.3132,Soudure / Chaudronnerie,adjacent
0.4,0.0,1.0,1.0,0.0,-0.4,0.0,0.065,Soudure / Chaudronnerie,different
0.4,0.0,1.0,1.0,0.0,-0.2,0.0,0.0668,Soudure / Chaudronnerie,different
0.4,0.0,1.0,1.0,0.0,0.0,0.0,0.0672,Soudure / Chaudronnerie,different
0.4,0.0,1.0,1.0,0.0,-0.2,0.0,0.0513,Soudure / Chaudronnerie,different
0.8167,0.8333,1.0,1.0,0.8333,0.0,1.0,0.757,Maçonnerie / Gros Œuvre,same
0.8167,0.8333,1.0,1.0,0.8333,0.0,1.0,0.7593,Maçonnerie / Gros Œuvre,same
0.8167,0.8333,1.0,1.0,0.8333,0.0,1.0,0.776,Maçonnerie / Gros Œuvre,same
0.8167,0.8333,1.0,1.0,0.8333,0.0,1.0,0.7735,Maçonnerie / Gros Œuvre,same
0.8167,0.8333,1.0,1.0,0.8333,0.0,1.0,0.7873,Maçonnerie / Gros Œuvre,same
0.8167,0.8333,1.0,1.0,0.8333,0.0,1.0,0.7588,Maçonnerie / Gros Œuvre,same
0.8167,0.8333,1.0,1.0,0.8333,0.0,1.0,0.7801,Maçonnerie / Gros Œuvre,same
0.8167,0.8333,1.0,1.0,0.8333,0.0,1.0,0.7789,Maçonnerie / Gros Œuvre,same
0.8167,0.8333,1.0,1.0,0.8333,0.0,1.0,0.7714,Maçonnerie / Gros Œuvre,same
0.7333,0.6667,1.0,1.0,0.6667,0.0,1.0,0.6904,Maçonnerie / Gros Œuvre,same
0.7333,0.6667,1.0,1.0,0.6667,0.0,1.0,0.6991,Maçonnerie / Gros Œuvre,same
0.7333,0.6667,1.0,1.0,0.6667,0.0,1.0,0.7106,Maçonnerie / Gros Œuvre,same
0.7333,0.6667,1.0,1.0,0.6667,0.0,1.0,0.6955,Maçonnerie / Gros Œuvre,same
0.7333,0.6667,1.0,1.0,0.6667,0.0,1.0,0.7102,Maçonnerie / Gros Œuvre,same
0.7333,0.6667,1.0,1.0,0.6667,0.0,1.0,0.6967,Maçonnerie / Gros Œuvre,same
0.7333,0.6667,1.0,1.0,0.6667,0.0,1.0,0.7207,Maçonnerie / Gros Œuvre,same
0.7333,0.6667,1.0,1.0,0.6667,0.0,1.0,0.7003,Maçonnerie / Gros Œuvre,same
0.7333,0.6667,1.0,1.0,0.6667,0.0,1.0,0.6979,Maçonnerie / Gros Œuvre,same
0.65,0.5,1.0,1.0,0.5,0.0,1.0,0.6057,Maçonnerie / Gros Œuvre,same
0.65,0.5,1.0,1.0,0.5,0.0,1.0,0.6079,Maçonnerie / Gros Œuvre,same
0.65,0.5,1.0,1.0,0.5,0.0,1.0,0.6296,Maçonnerie / Gros Œuvre,same
0.65,0.5,1.0,1.0,0.5,0.0,1.0,0.6223,Maçonnerie / Gros Œuvre,same
0.65,0.5,1.0,1.0,0.5,0.0,1.0,0.6284,Maçonnerie / Gros Œuvre,same
0.65,0.5,1.0,1.0,0.5,0.0,1.0,0.6168,Maçonnerie / Gros Œuvre,same
0.65,0.5,1.0,1.0,0.5,0.0,1.0,0.6232,Maçonnerie / Gros Œuvre,same
0.65,0.5,1.0,1.0,0.5,0.0,1.0,0.6175,Maçonnerie / Gros Œuvre,same
0.65,0.5,1.0,1.0,0.5,0.0,1.0,0.6285,Maçonnerie / Gros Œuvre,same
0.65,0.5,1.0,1.0,0.5,0.0,1.0,0.6224,Maçonnerie / Gros Œuvre,same
0.65,0.5,1.0,1.0,0.5,0.0,1.0,0.6474,Maçonnerie / Gros Œuvre,same
0.65,0.5,1.0,1.0,0.5,0.0,1.0,0.6167,Maçonnerie / Gros Œuvre,same
0.65,0.5,1.0,1.0,0.5,0.0,1.0,0.6384,Maçonnerie / Gros Œuvre,same
0.65,0.5,1.0,1.0,0.5,0.0,1.0,0.6123,Maçonnerie / Gros Œuvre,same
0.65,0.5,1.0,1.0,0.5,0.0,1.0,0.6194,Maçonnerie / Gros Œuvre,same
0.65,0.5,1.0,1.0,0.5,0.0,1.0,0.6149,Maçonnerie / Gros Œuvre,same
0.65,0.5,1.0,1.0,0.5,0.0,1.0,0.6401,Maçonnerie / Gros Œuvre,same
0.65,0.5,1.0,1.0,0.5,0.0,1.0,0.6302,Maçonnerie / Gros Œuvre,same
0.5666,0.3333,1.0,1.0,0.3333,0.0,1.0,0.5516,Maçonnerie / Gros Œuvre,same
0.5666,0.3333,1.0,1.0,0.3333,0.0,1.0,0.5528,Maçonnerie / Gros Œuvre,same
0.5666,0.3333,1.0,1.0,0.3333,0.0,1.0,0.537,Maçonnerie / Gros Œuvre,same
0.5666,0.3333,1.0,1.0,0.3333,0.0,1.0,0.5668,Maçonnerie / Gros Œuvre,same
0.5666,0.3333,1.0,1.0,0.3333,0.0,1.0,0.5667,Maçonnerie / Gros Œuvre,same
0.5666,0.3333,1.0,1.0,0.3333,0.0,1.0,0.5496,Maçonnerie / Gros Œuvre,same
0.5666,0.3333,1.0,1.0,0.3333,0.0,1.0,0.5502,Maçonnerie / Gros Œuvre,same
0.5666,0.3333,1.0,1.0,0.3333,0.0,1.0,0.5578,Maçonnerie / Gros Œuvre,same
0.5666,0.3333,1.0,1.0,0.3333,0.0,1.0,0.5479,Maçonnerie / Gros Œuvre,same
0.4834,0.1667,1.0,1.0,0.1667,0.0,0.65,0.2976,Maçonnerie / Gros Œuvre,adjacent
0.4834,0.1667,1.0,1.0,0.1667,0.0,0.65,0.2941,Maçonnerie / Gros Œuvre,adjacent
0.4834,0.1667,1.0,1.0,0.1667,0.0,0.65,0.2958,Maçonnerie / Gros Œuvre,adjacent
0.4834,0.1667,1.0,1.0,0.1667,0.0,0.65,0.2943,Maçonnerie / Gros Œuvre,adjacent
0.4834,0.1667,1.0,1.0,0.1667,0.0,0.65,0.3088,Maçonnerie / Gros Œuvre,adjacent
0.4834,0.1667,1.0,1.0,0.1667,0.0,0.65,0.2961,Maçonnerie / Gros Œuvre,adjacent
0.4,0.0,1.0,1.0,0.0,-0.4,0.0,0.0654,Maçonnerie / Gros Œuvre,different
0.4,0.0,1.0,1.0,0.0,-0.2,0.0,0.0588,Maçonnerie / Gros Œuvre,different
0.4,0.0,1.0,1.0,0.0,-0.6,0.0,0.0436,Maçonnerie / Gros Œuvre,different
0.4,0.0,1.0,1.0,0.0,-0.2,0.0,0.0675,Maçonnerie / Gros Œuvre,different
0.8,0.8,1.0,1.0,0.8,0.0,1.0,0.7495,Mécanique Automobile,same
0.8,0.8,1.0,1.0,0.8,0.0,1.0,0.7445,Mécanique Automobile,same
0.8,0.8,1.0,1.0,0.8,0.0,1.0,0.7737,Mécanique Automobile,same
0.8,0.8,1.0,0.8,0.8,0.2,1.0,0.7601,Mécanique Automobile,same
0.8,0.8,1.0,0.8,0.8,0.2,1.0,0.7658,Mécanique Automobile,same
0.8,0.8,1.0,0.8,0.8,0.2,1.0,0.7664,Mécanique Automobile,same
0.8,0.8,1.0,0.8,0.8,0.2,1.0,0.7593,Mécanique Automobile,same
0.8,0.8,1.0,0.8,0.8,0.2,1.0,0.7585,Mécanique Automobile,same
0.8,0.8,1.0,0.8,0.8,0.2,1.0,0.7526,Mécanique Automobile,same
0.8,0.8,1.0,1.0,0.8,0.0,1.0,0.7392,Mécanique Automobile,same
0.8,0.8,1.0,1.0,0.8,0.0,1.0,0.7725,Mécanique Automobile,same
0.8,0.8,1.0,1.0,0.8,0.0,1.0,0.7591,Mécanique Automobile,same
0.8,0.8,1.0,0.8,0.8,0.2,1.0,0.7631,Mécanique Automobile,same
0.8,0.8,1.0,0.8,0.8,0.2,1.0,0.7634,Mécanique Automobile,same
0.8,0.8,1.0,0.8,0.8,0.2,1.0,0.7456,Mécanique Automobile,same
0.8,0.8,1.0,0.8,0.8,0.2,1.0,0.773,Mécanique Automobile,same
0.8,0.8,1.0,0.8,0.8,0.2,1.0,0.7683,Mécanique Automobile,same
0.8,0.8,1.0,0.8,0.8,0.2,1.0,0.7662,Mécanique Automobile,same
0.7,0.6,1.0,1.0,0.6,0.0,1.0,0.6748,Mécanique Automobile,same
0.7,0.6,1.0,1.0,0.6,0.0,1.0,0.6656,Mécanique Automobile,same
0.7,0.6,1.0,1.0,0.6,0.0,1.0,0.6729,Mécanique Automobile,same
0.7,0.6,1.0,0.8,0.6,0.2,1.0,0.6501,Mécanique Automobile,same
0.7,0.6,1.0,0.8,0.6,0.2,1.0,0.6953,Mécanique Automobile,same
0.7,0.6,1.0,0.8,0.6,0.2,1.0,0.698,Mécanique Automobile,same
0.7,0.6,1.0,0.8,0.6,0.2,1.0,0.6792,Mécanique Automobile,same
0.7,0.6,1.0,0.8,0.6,0.2,1.0,0.6815,Mécanique Automobile,same
0.7,0.6,1.0,0.8,0.6,0.2,1.0,0.6874,Mécanique Automobile,same
0.6,0.4,1.0,1.0,0.4,0.0,1.0,0.5809,Mécanique Automobile,same
0.6,0.4,1.0,1.0,0.4,0.0,1.0,0.5621,Mécanique Automobile,same
0.6,0.4,1.0,1.0,0.4,0.0,1.0,0.5871,Mécanique Automobile,same
0.6,0.4,1.0,0.8,0.4,0.2,1.0,0.5752,Mécanique Automobile,same
0.6,0.4,1.0,0.8,0.4,0.2,1.0,0.575,Mécanique Automobile,same
0.6,0.4,1.0,0.8,0.4,0.2,1.0,0.5645,Mécanique Automobile,same
0.6,0.4,1.0,0.8,0.4,0.2,1.0,0.5896,Mécanique Automobile,same
0.6,0.4,1.0,0.8,0.4,0.2,1.0,0.5833,Mécanique Automobile,same
0.6,0.4,1.0,0.8,0.4,0.2,1.0,0.5761,Mécanique Automobile,same
0.5,0.2,1.0,1.0,0.2,0.0,1.0,0.5062,Mécanique Automobile,same
0.5,0.2,1.0,1.0,0.2,0.0,1.0,0.5018,Mécanique Automobile,same
0.5,0.2,1.0,1.0,0.2,0.0,1.0,0.48,Mécanique Automobile,same
0.5,0.2,1.0,0.8,0.2,0.2,1.0,0.4837,Mécanique Automobile,same
0.5,0.2,1.0,0.8,0.2,0.2,1.0,0.5002,Mécanique Automobile,same
0.5,0.2,1.0,0.8,0.2,0.2,1.0,0.4876,Mécanique Automobile,same
0.5,0.2,1.0,0.8,0.2,0.2,1.0,0.4962,Mécanique Automobile,same
0.5,0.2,1.0,0.8,0.2,0.2,1.0,0.4974,Mécanique Automobile,same
0.5,0.2,1.0,0.8,0.2,0.2,1.0,0.5032,Mécanique Automobile,same
0.5,0.2,1.0,1.0,0.2,0.0,0.65,0.3177,Mécanique Automobile,adjacent
0.5,0.2,1.0,0.8,0.2,0.2,0.65,0.2967,Mécanique Automobile,adjacent
0.5,0.2,1.0,1.0,0.2,0.0,0.65,0.3004,Mécanique Automobile,adjacent
0.5,0.2,1.0,0.8,0.2,0.2,0.65,0.3133,Mécanique Automobile,adjacent
0.5,0.2,1.0,1.0,0.2,0.0,0.65,0.2919,Mécanique Automobile,adjacent
0.5,0.2,1.0,0.8,0.2,0.2,0.65,0.3201,Mécanique Automobile,adjacent
0.4,0.0,1.0,1.0,0.0,-0.2,0.0,0.04,Mécanique Automobile,different
0.4,0.0,1.0,1.0,0.0,-0.6,0.0,0.04,Mécanique Automobile,different
0.4,0.0,1.0,1.0,0.0,-0.2,0.0,0.0488,Mécanique Automobile,different
0.4,0.0,1.0,0.8,0.0,0.2,0.0,0.0441,Mécanique Automobile,different
0.8167,0.8333,1.0,1.0,0.8333,0.0,1.0,0.7752,Agriculture / Agronomie,same
0.8167,0.8333,1.0,1.0,0.8333,0.0,1.0,0.7589,Agriculture / Agronomie,same
0.8167,0.8333,1.0,1.0,0.8333,0.0,1.0,0.775,Agriculture / Agronomie,same
0.8167,0.8333,1.0,0.8,0.8333,0.2,1.0,0.7424,Agriculture / Agronomie,same
0.8167,0.8333,1.0,0.8,0.8333,0.2,1.0,0.7691,Agriculture / Agronomie,same
0.8167,0.8333,1.0,0.8,0.8333,0.2,1.0,0.8029,Agriculture / Agronomie,same
0.8167,0.8333,1.0,0.8,0.8333,0.2,1.0,0.7727,Agriculture / Agronomie,same
0.8167,0.8333,1.0,0.8,0.8333,0.2,1.0,0.7911,Agriculture / Agronomie,same
0.8167,0.8333,1.0,0.8,0.8333,0.2,1.0,0.7926,Agriculture / Agronomie,same
0.7333,0.6667,1.0,1.0,0.6667,0.0,1.0,0.6896,Agriculture / Agronomie,same
0.7333,0.6667,1.0,1.0,0.6667,0.0,1.0,0.6952,Agriculture / Agronomie,same
0.7333,0.6667,1.0,1.0,0.6667,0.0,1.0,0.6917,Agriculture / Agronomie,same
0.7333,0.6667,1.0,0.8,0.6667,0.2,1.0,0.6814,Agriculture / Agronomie,same
0.7333,0.6667,1.0,0.8,0.6667,0.2,1.0,0.7197,Agriculture / Agronomie,same
0.7333,0.6667,1.0,0.8,0.6667,0.2,1.0,0.6942,Agriculture / Agronomie,same
0.7333,0.6667,1.0,0.8,0.6667,0.2,1.0,0.7045,Agriculture / Agronomie,same
0.7333,0.6667,1.0,0.8,0.6667,0.2,1.0,0.7005,Agriculture / Agronomie,same
0.7333,0.6667,1.0,0.8,0.6667,0.2,1.0,0.6997,Agriculture / Agronomie,same
0.65,0.5,1.0,1.0,0.5,0.0,1.0,0.6284,Agriculture / Agronomie,same
0.65,0.5,1.0,1.0,0.5,0.0,1.0,0.6447,Agriculture / Agronomie,same
0.65,0.5,1.0,1.0,0.5,0.0,1.0,0.6329,Agriculture / Agronomie,same
0.65,0.5,1.0,0.8,0.5,0.2,1.0,0.6081,Agriculture / Agronomie,same
0.65,0.5,1.0,0.8,0.5,0.2,1.0,0.6243,Agriculture / Agronomie,same
0.65,0.5,1.0,0.8,0.5,0.2,1.0,0.6126,Agriculture / Agronomie,same
0.65,0.5,1.0,0.8,0.5,0.2,1.0,0.6249,Agriculture / Agronomie,same
0.65,0.5,1.0,0.8,0.5,0.2,1.0,0.6235,Agriculture / Agronomie,same
0.65,0.5,1.0,0.8,0.5,0.2,1.0,0.6202,Agriculture / Agronomie,same
0.65,0.5,1.0,1.0,0.5,0.0,1.0,0.6088,Agriculture / Agronomie,same
0.65,0.5,1.0,1.0,0.5,0.0,1.0,0.6212,Agriculture / Agronomie,same
0.65,0.5,1.0,1.0,0.5,0.0,1.0,0.6232,Agriculture / Agronomie,same
0.65,0.5,1.0,0.8,0.5,0.2,1.0,0.6352,Agriculture / Agronomie,same
0.65,0.5,1.0,0.8,0.5,0.2,1.0,0.6169,Agriculture / Agronomie,same
0.65,0.5,1.0,0.8,0.5,0.2,1.0,0.6244,Agriculture / Agronomie,same
0.65,0.5,1.0,0.8,0.5,0.2,1.0,0.6303,Agriculture / Agronomie,same
0.65,0.5,1.0,0.8,0.5,0.2,1.0,0.6111,Agriculture / Agronomie,same
0.65,0.5,1.0,0.8,0.5,0.2,1.0,0.6118,Agriculture / Agronomie,same
0.5666,0.3333,1.0,1.0,0.3333,0.0,1.0,0.5608,Agriculture / Agronomie,same
0.5666,0.3333,1.0,1.0,0.3333,0.0,1.0,0.5592,Agriculture / Agronomie,same
0.5666,0.3333,1.0,1.0,0.3333,0.0,1.0,0.5344,Agriculture / Agronomie,same
0.5666,0.3333,1.0,0.8,0.3333,0.2,1.0,0.567,Agriculture / Agronomie,same
0.5666,0.3333,1.0,0.8,0.3333,0.2,1.0,0.5575,Agriculture / Agronomie,same
0.5666,0.3333,1.0,0.8,0.3333,0.2,1.0,0.5471,Agriculture / Agronomie,same
0.5666,0.3333,1.0,0.8,0.3333,0.2,1.0,0.527,Agriculture / Agronomie,same
0.5666,0.3333,1.0,0.8,0.3333,0.2,1.0,0.5548,Agriculture / Agronomie,same
0.5666,0.3333,1.0,0.8,0.3333,0.2,1.0,0.5518,Agriculture / Agronomie,same
0.4834,0.1667,1.0,1.0,0.1667,0.0,0.65,0.2879,Agriculture / Agronomie,adjacent
0.4834,0.1667,1.0,0.8,0.1667,0.2,0.65,0.3053,Agriculture / Agronomie,adjacent
0.4834,0.1667,1.0,1.0,0.1667,0.0,0.65,0.292,Agriculture / Agronomie,adjacent
0.4834,0.1667,1.0,0.8,0.1667,0.2,0.65,0.2935,Agriculture / Agronomie,adjacent
0.4834,0.1667,1.0,1.0,0.1667,0.0,0.65,0.299,Agriculture / Agronomie,adjacent
0.4834,0.1667,1.0,0.8,0.1667,0.2,0.65,0.2803,Agriculture / Agronomie,adjacent
0.4,0.0,1.0,0.8,0.0,0.2,0.0,0.0451,Agriculture / Agronomie,different
0.4,0.0,1.0,1.0,0.0,0.0,0.0,0.04,Agriculture / Agronomie,different
0.4,0.0,1.0,1.0,0.0,-0.2,0.0,0.04,Agriculture / Agronomie,different
0.4,0.0,1.0,1.0,0.0,-0.2,0.0,0.0476,Agriculture / Agronomie,different
0.8167,0.8333,1.0,1.0,0.8333,0.0,1.0,0.7612,Transport / Conduite,same
0.8167,0.8333,1.0,1.0,0.8333,0.0,1.0,0.7894,Transport / Conduite,same
0.8167,0.8333,1.0,1.0,0.8333,0.0,1.0,0.7887,Transport / Conduite,same
0.8167,0.8333,1.0,1.0,0.8333,0.0,1.0,0.7611,Transport / Conduite,same
0.8167,0.8333,1.0,1.0,0.8333,0.0,1.0,0.794,Transport / Conduite,same
0.8167,0.8333,1.0,1.0,0.8333,0.0,1.0,0.7924,Transport / Conduite,same
0.8167,0.8333,1.0,1.0,0.8333,0.0,1.0,0.7685,Transport / Conduite,same
0.8167,0.8333,1.0,1.0,0.8333,0.0,1.0,0.7859,Transport / Conduite,same
0.8167,0.8333,1.0,1.0,0.8333,0.0,1.0,0.7657,Transport / Conduite,same
0.7333,0.6667,1.0,1.0,0.6667,0.0,1.0,0.6986,Transport / Conduite,same
0.7333,0.6667,1.0,1.0,0.6667,0.0,1.0,0.7167,Transport / Conduite,same
0.7333,0.6667,1.0,1.0,0.6667,0.0,1.0,0.6974,Transport / Conduite,same
0.7333,0.6667,1.0,1.0,0.6667,0.0,1.0,0.6857,Transport / Conduite,same
0.7333,0.6667,1.0,1.0,0.6667,0.0,1.0,0.7003,Transport / Conduite,same
0.7333,0.6667,1.0,1.0,0.6667,0.0,1.0,0.7223,Transport / Conduite,same
0.7333,0.6667,1.0,1.0,0.6667,0.0,1.0,0.7081,Transport / Conduite,same
0.7333,0.6667,1.0,1.0,0.6667,0.0,1.0,0.7035,Transport / Conduite,same
0.7333,0.6667,1.0,1.0,0.6667,0.0,1.0,0.7061,Transport / Conduite,same
0.65,0.5,1.0,1.0,0.5,0.0,1.0,0.6287,Transport / Conduite,same
0.65,0.5,1.0,1.0,0.5,0.0,1.0,0.5998,Transport / Conduite,same
0.65,0.5,1.0,1.0,0.5,0.0,1.0,0.6223,Transport / Conduite,same
0.65,0.5,1.0,1.0,0.5,0.0,1.0,0.6197,Transport / Conduite,same
0.65,0.5,1.0,1.0,0.5,0.0,1.0,0.625,Transport / Conduite,same
0.65,0.5,1.0,1.0,0.5,0.0,1.0,0.6241,Transport / Conduite,same
0.65,0.5,1.0,1.0,0.5,0.0,1.0,0.6262,Transport / Conduite,same
0.65,0.5,1.0,1.0,0.5,0.0,1.0,0.6235,Transport / Conduite,same
0.65,0.5,1.0,1.0,0.5,0.0,1.0,0.6359,Transport / Conduite,same
0.65,0.5,1.0,1.0,0.5,0.0,1.0,0.6283,Transport / Conduite,same
0.65,0.5,1.0,1.0,0.5,0.0,1.0,0.6316,Transport / Conduite,same
0.65,0.5,1.0,1.0,0.5,0.0,1.0,0.6214,Transport / Conduite,same
0.65,0.5,1.0,1.0,0.5,0.0,1.0,0.6281,Transport / Conduite,same
0.65,0.5,1.0,1.0,0.5,0.0,1.0,0.6242,Transport / Conduite,same
0.65,0.5,1.0,1.0,0.5,0.0,1.0,0.6312,Transport / Conduite,same
0.65,0.5,1.0,1.0,0.5,0.0,1.0,0.6071,Transport / Conduite,same
0.65,0.5,1.0,1.0,0.5,0.0,1.0,0.6202,Transport / Conduite,same
0.65,0.5,1.0,1.0,0.5,0.0,1.0,0.6179,Transport / Conduite,same
0.5666,0.3333,1.0,1.0,0.3333,0.0,1.0,0.5503,Transport / Conduite,same
0.5666,0.3333,1.0,1.0,0.3333,0.0,1.0,0.5767,Transport / Conduite,same
0.5666,0.3333,1.0,1.0,0.3333,0.0,1.0,0.5405,Transport / Conduite,same
0.5666,0.3333,1.0,1.0,0.3333,0.0,1.0,0.5703,Transport / Conduite,same
0.5666,0.3333,1.0,1.0,0.3333,0.0,1.0,0.5445,Transport / Conduite,same
0.5666,0.3333,1.0,1.0,0.3333,0.0,1.0,0.5474,Transport / Conduite,same
0.5666,0.3333,1.0,1.0,0.3333,0.0,1.0,0.5482,Transport / Conduite,same
0.5666,0.3333,1.0,1.0,0.3333,0.0,1.0,0.5465,Transport / Conduite,same
0.5666,0.3333,1.0,1.0,0.3333,0.0,1.0,0.5524,Transport / Conduite,same
0.4834,0.1667,1.0,1.0,0.1667,0.0,0.65,0.3142,Transport / Conduite,adjacent
0.4834,0.1667,1.0,1.0,0.1667,0.0,0.65,0.3116,Transport / Conduite,adjacent
0.4834,0.1667,1.0,1.0,0.1667,0.0,0.65,0.3035,Transport / Conduite,adjacent
0.4834,0.1667,1.0,1.0,0.1667,0.0,0.65,0.3172,Transport / Conduite,adjacent
0.4834,0.1667,1.0,1.0,0.1667,0.0,0.65,0.2832,Transport / Conduite,adjacent
0.4834,0.1667,1.0,1.0,0.1667,0.0,0.65,0.3015,Transport / Conduite,adjacent
0.4,0.0,1.0,1.0,0.0,0.0,0.0,0.04,Transport / Conduite,different
0.4,0.0,1.0,1.0,0.0,-0.6,0.0,0.0432,Transport / Conduite,different
0.4,0.0,1.0,1.0,0.0,-0.4,0.0,0.0573,Transport / Conduite,different
0.4,0.0,1.0,1.0,0.0,-0.2,0.0,0.04,Transport / Conduite,different
0.8286,0.8571,1.0,1.0,0.8571,0.0,1.0,0.8093,Administration / Secrétariat,same
0.8286,0.8571,1.0,1.0,0.8571,0.0,1.0,0.8065,Administration / Secrétariat,same
0.8286,0.8571,1.0,1.0,0.8571,0.0,1.0,0.7854,Administration / Secrétariat,same
0.8286,0.8571,1.0,0.8,0.8571,0.2,1.0,0.7841,Administration / Secrétariat,same
0.8286,0.8571,1.0,0.8,0.8571,0.2,1.0,0.7707,Administration / Secrétariat,same
0.8286,0.8571,1.0,0.8,0.8571,0.2,1.0,0.7877,Administration / Secrétariat,same
0.8286,0.8571,1.0,0.8,0.8571,0.2,1.0,0.7791,Administration / Secrétariat,same
0.8286,0.8571,1.0,0.8,0.8571,0.2,1.0,0.7881,Administration / Secrétariat,same
0.8286,0.8571,1.0,0.8,0.8571,0.2,1.0,0.7846,Administration / Secrétariat,same
0.7571,0.7143,1.0,1.0,0.7143,0.0,1.0,0.7049,Administration / Secrétariat,same
0.7571,0.7143,1.0,1.0,0.7143,0.0,1.0,0.717,Administration / Secrétariat,same
0.7571,0.7143,1.0,1.0,0.7143,0.0,1.0,0.7208,Administration / Secrétariat,same
0.7571,0.7143,1.0,0.8,0.7143,0.2,1.0,0.7199,Administration / Secrétariat,same
0.7571,0.7143,1.0,0.8,0.7143,0.2,1.0,0.7111,Administration / Secrétariat,same
0.7571,0.7143,1.0,0.8,0.7143,0.2,1.0,0.7389,Administration / Secrétariat,same
0.7571,0.7143,1.0,0.8,0.7143,0.2,1.0,0.7074,Administration / Secrétariat,same
0.7571,0.7143,1.0,0.8,0.7143,0.2,1.0,0.7352,Administration / Secrétariat,same
0.7571,0.7143,1.0,0.8,0.7143,0.2,1.0,0.7186,Administration / Secrétariat,same
0.6857,0.5714,1.0,1.0,0.5714,0.0,1.0,0.6648,Administration / Secrétariat,same
0.6857,0.5714,1.0,1.0,0.5714,0.0,1.0,0.6696,Administration / Secrétariat,same
0.6857,0.5714,1.0,1.0,0.5714,0.0,1.0,0.6558,Administration / Secrétariat,same
0.6857,0.5714,1.0,0.8,0.5714,0.2,1.0,0.6884,Administration / Secrétariat,same
0.6857,0.5714,1.0,0.8,0.5714,0.2,1.0,0.6494,Administration / Secrétariat,same
0.6857,0.5714,1.0,0.8,0.5714,0.2,1.0,0.6632,Administration / Secrétariat,same
0.6857,0.5714,1.0,0.8,0.5714,0.2,1.0,0.6647,Administration / Secrétariat,same
0.6857,0.5714,1.0,0.8,0.5714,0.2,1.0,0.6655,Administration / Secrétariat,same
0.6857,0.5714,1.0,0.8,0.5714,0.2,1.0,0.6595,Administration / Secrétariat,same
0.6143,0.4286,1.0,1.0,0.4286,0.0,1.0,0.5999,Administration / Secrétariat,same
0.6143,0.4286,1.0,1.0,0.4286,0.0,1.0,0.5826,Administration / Secrétariat,same
0.6143,0.4286,1.0,1.0,0.4286,0.0,1.0,0.6034,Administration / Secrétariat,same
0.6143,0.4286,1.0,0.8,0.4286,0.2,1.0,0.5847,Administration / Secrétariat,same
0.6143,0.4286,1.0,0.8,0.4286,0.2,1.0,0.5926,Administration / Secrétariat,same
0.6143,0.4286,1.0,0.8,0.4286,0.2,1.0,0.577,Administration / Secrétariat,same
0.6143,0.4286,1.0,0.8,0.4286,0.2,1.0,0.5758,Administration / Secrétariat,same
0.6143,0.4286,1.0,0.8,0.4286,0.2,1.0,0.5923,Administration / Secrétariat,same
0.6143,0.4286,1.0,0.8,0.4286,0.2,1.0,0.5802,Administration / Secrétariat,same
0.5429,0.2857,1.0,1.0,0.2857,0.0,1.0,0.5385,Administration / Secrétariat,same
0.5429,0.2857,1.0,1.0,0.2857,0.0,1.0,0.5449,Administration / Secrétariat,same
0.5429,0.2857,1.0,1.0,0.2857,0.0,1.0,0.5353,Administration / Secrétariat,same
0.5429,0.2857,1.0,0.8,0.2857,0.2,1.0,0.5354,Administration / Secrétariat,same
0.5429,0.2857,1.0,0.8,0.2857,0.2,1.0,0.5359,Administration / Secrétariat,same
0.5429,0.2857,1.0,0.8,0.2857,0.2,1.0,0.5448,Administration / Secrétariat,same
0.5429,0.2857,1.0,0.8,0.2857,0.2,1.0,0.5065,Administration / Secrétariat,same
0.5429,0.2857,1.0,0.8,0.2857,0.2,1.0,0.5108,Administration / Secrétariat,same
0.5429,0.2857,1.0,0.8,0.2857,0.2,1.0,0.5427,Administration / Secrétariat,same
0.4715,0.1429,1.0,1.0,0.1429,0.0,0.65,0.2868,Administration / Secrétariat,adjacent
0.4715,0.1429,1.0,0.8,0.1429,0.2,0.65,0.3046,Administration / Secrétariat,adjacent
0.4715,0.1429,1.0,1.0,0.1429,0.0,0.65,0.2958,Administration / Secrétariat,adjacent
0.4715,0.1429,1.0,0.8,0.1429,0.2,0.65,0.3215,Administration / Secrétariat,adjacent
0.4715,0.1429,1.0,1.0,0.1429,0.0,0.65,0.3064,Administration / Secrétariat,adjacent
0.4715,0.1429,1.0,0.8,0.1429,0.2,0.65,0.3084,Administration / Secrétariat,adjacent
0.4,0.0,1.0,0.8,0.0,0.2,0.0,0.0603,Administration / Secrétariat,different
0.4,0.0,1.0,1.0,0.0,-0.2,0.0,0.0581,Administration / Secrétariat,different
0.4,0.0,1.0,0.8,0.0,0.2,0.0,0.04,Administration / Secrétariat,different
0.4,0.0,1.0,1.0,0.0,-0.4,0.0,0.066,Administration / Secrétariat,different
0.8286,0.8571,1.0,1.0,0.8571,0.0,1.0,0.7629,Sécurité / Protection,same
0.8286,0.8571,1.0,1.0,0.8571,0.0,1.0,0.7911,Sécurité / Protection,same
0.8286,0.8571,1.0,1.0,0.8571,0.0,1.0,0.8041,Sécurité / Protection,same
0.8286,0.8571,1.0,1.0,0.8571,0.0,1.0,0.7974,Sécurité / Protection,same
0.8286,0.8571,1.0,1.0,0.8571,0.0,1.0,0.7795,Sécurité / Protection,same
0.8286,0.8571,1.0,1.0,0.8571,0.0,1.0,0.8034,Sécurité / Protection,same
0.8286,0.8571,1.0,1.0,0.8571,0.0,1.0,0.7791,Sécurité / Protection,same
0.8286,0.8571,1.0,1.0,0.8571,0.0,1.0,0.7807,Sécurité / Protection,same
0.8286,0.8571,1.0,1.0,0.8571,0.0,1.0,0.7899,Sécurité / Protection,same
0.7571,0.7143,1.0,1.0,0.7143,0.0,1.0,0.7161,Sécurité / Protection,same
0.7571,0.7143,1.0,1.0,0.7143,0.0,1.0,0.7138,Sécurité / Protection,same
0.7571,0.7143,1.0,1.0,0.7143,0.0,1.0,0.6908,Sécurité / Protection,same
0.7571,0.7143,1.0,1.0,0.7143,0.0,1.0,0.7184,Sécurité / Protection,same
0.7571,0.7143,1.0,1.0,0.7143,0.0,1.0,0.7237,Sécurité / Protection,same
0.7571,0.7143,1.0,1.0,0.7143,0.0,1.0,0.7147,Sécurité / Protection,same
0.7571,0.7143,1.0,1.0,0.7143,0.0,1.0,0.7426,Sécurité / Protection,same
0.7571,0.7143,1.0,1.0,0.7143,0.0,1.0,0.735,Sécurité / Protection,same
0.7571,0.7143,1.0,1.0,0.7143,0.0,1.0,0.7477,Sécurité / Protection,same
0.6857,0.5714,1.0,1.0,0.5714,0.0,1.0,0.6665,Sécurité / Protection,same
0.6857,0.5714,1.0,1.0,0.5714,0.0,1.0,0.645,Sécurité / Protection,same
0.6857,0.5714,1.0,1.0,0.5714,0.0,1.0,0.6521,Sécurité / Protection,same
0.6857,0.5714,1.0,1.0,0.5714,0.0,1.0,0.6555,Sécurité / Protection,same
0.6857,0.5714,1.0,1.0,0.5714,0.0,1.0,0.6742,Sécurité / Protection,same
0.6857,0.5714,1.0,1.0,0.5714,0.0,1.0,0.6699,Sécurité / Protection,same
0.6857,0.5714,1.0,1.0,0.5714,0.0,1.0,0.6602,Sécurité / Protection,same
0.6857,0.5714,1.0,1.0,0.5714,0.0,1.0,0.6601,Sécurité / Protection,same
0.6857,0.5714,1.0,1.0,0.5714,0.0,1.0,0.6588,Sécurité / Protection,same
0.6143,0.4286,1.0,1.0,0.4286,0.0,1.0,0.5845,Sécurité / Protection,same
0.6143,0.4286,1.0,1.0,0.4286,0.0,1.0,0.5967,Sécurité / Protection,same
0.6143,0.4286,1.0,1.0,0.4286,0.0,1.0,0.6044,Sécurité / Protection,same
0.6143,0.4286,1.0,1.0,0.4286,0.0,1.0,0.5818,Sécurité / Protection,same
0.6143,0.4286,1.0,1.0,0.4286,0.0,1.0,0.5668,Sécurité / Protection,same
0.6143,0.4286,1.0,1.0,0.4286,0.0,1.0,0.6066,Sécurité / Protection,same
0.6143,0.4286,1.0,1.0,0.4286,0.0,1.0,0.6009,Sécurité / Protection,same
0.6143,0.4286,1.0,1.0,0.4286,0.0,1.0,0.597,Sécurité / Protection,same
0.6143,0.4286,1.0,1.0,0.4286,0.0,1.0,0.5905,Sécurité / Protection,same
0.5429,0.2857,1.0,1.0,0.2857,0.0,1.0,0.5365,Sécurité / Protection,same
0.5429,0.2857,1.0,1.0,0.2857,0.0,1.0,0.5284,Sécurité / Protection,same
0.5429,0.2857,1.0,1.0,0.2857,0.0,1.0,0.5153,Sécurité / Protection,same
0.5429,0.2857,1.0,1.0,0.2857,0.0,1.0,0.5112,Sécurité / Protection,same
0.5429,0.2857,1.0,1.0,0.2857,0.0,1.0,0.5481,Sécurité / Protection,same
0.5429,0.2857,1.0,1.0,0.2857,0.0,1.0,0.5413,Sécurité / Protection,same
0.5429,0.2857,1.0,1.0,0.2857,0.0,1.0,0.5308,Sécurité / Protection,same
0.5429,0.2857,1.0,1.0,0.2857,0.0,1.0,0.5229,Sécurité / Protection,same
0.5429,0.2857,1.0,1.0,0.2857,0.0,1.0,0.5322,Sécurité / Protection,same
0.4715,0.1429,1.0,1.0,0.1429,0.0,0.65,0.2915,Sécurité / Protection,adjacent
0.4715,0.1429,1.0,1.0,0.1429,0.0,0.65,0.3042,Sécurité / Protection,adjacent
0.4715,0.1429,1.0,1.0,0.1429,0.0,0.65,0.287,Sécurité / Protection,adjacent
0.4715,0.1429,1.0,1.0,0.1429,0.0,0.65,0.2906,Sécurité / Protection,adjacent
0.4715,0.1429,1.0,1.0,0.1429,0.0,0.65,0.279,Sécurité / Protection,adjacent
0.4715,0.1429,1.0,1.0,0.1429,0.0,0.65,0.2835,Sécurité / Protection,adjacent
0.4,0.0,1.0,1.0,0.0,-0.4,0.0,0.0585,Sécurité / Protection,different
0.4,0.0,1.0,1.0,0.0,-0.2,0.0,0.0454,Sécurité / Protection,different
0.4,0.0,1.0,1.0,0.0,0.0,0.0,0.0744,Sécurité / Protection,different
0.4,0.0,1.0,1.0,0.0,-0.8,0.0,0.0503,Sécurité / Protection,different
0.8167,0.8333,1.0,1.0,0.8333,0.0,1.0,0.785,Biologie / Recherche Scientifique,same
0.8167,0.8333,1.0,1.0,0.8333,0.0,1.0,0.7621,Biologie / Recherche Scientifique,same
0.8167,0.8333,1.0,1.0,0.8333,0.0,1.0,0.783,Biologie / Recherche Scientifique,same
0.8167,0.8333,1.0,0.8,0.8333,0.2,1.0,0.784,Biologie / Recherche Scientifique,same
0.8167,0.8333,1.0,0.8,0.8333,0.2,1.0,0.7786,Biologie / Recherche Scientifique,same
0.8167,0.8333,1.0,0.8,0.8333,0.2,1.0,0.7802,Biologie / Recherche Scientifique,same
0.8167,0.8333,1.0,0.6,0.8333,0.4,1.0,0.7811,Biologie / Recherche Scientifique,same
0.8167,0.8333,1.0,0.6,0.8333,0.4,1.0,0.786,Biologie / Recherche Scientifique,same
0.8167,0.8333,1.0,0.6,0.8333,0.4,1.0,0.7653,Biologie / Recherche Scientifique,same
0.7333,0.6667,1.0,1.0,0.6667,0.0,1.0,0.6853,Biologie / Recherche Scientifique,same
0.7333,0.6667,1.0,1.0,0.6667,0.0,1.0,0.6842,Biologie / Recherche Scientifique,same
0.7333,0.6667,1.0,1.0,0.6667,0.0,1.0,0.7101,Biologie / Recherche Scientifique,same
0.7333,0.6667,1.0,0.8,0.6667,0.2,1.0,0.6652,Biologie / Recherche Scientifique,same
0.7333,0.6667,1.0,0.8,0.6667,0.2,1.0,0.7023,Biologie / Recherche Scientifique,same
0.7333,0.6667,1.0,0.8,0.6667,0.2,1.0,0.6889,Biologie / Recherche Scientifique,same
0.7333,0.6667,1.0,0.6,0.6667,0.4,1.0,0.6867,Biologie / Recherche Scientifique,same
0.7333,0.6667,1.0,0.6,0.6667,0.4,1.0,0.6962,Biologie / Recherche Scientifique,same
0.7333,0.6667,1.0,0.6,0.6667,0.4,1.0,0.7121,Biologie / Recherche Scientifique,same
0.65,0.5,1.0,1.0,0.5,0.0,1.0,0.6176,Biologie / Recherche Scientifique,same
0.65,0.5,1.0,1.0,0.5,0.0,1.0,0.6192,Biologie / Recherche Scientifique,same
0.65,0.5,1.0,1.0,0.5,0.0,1.0,0.6299,Biologie / Recherche Scientifique,same
0.65,0.5,1.0,0.8,0.5,0.2,1.0,0.6215,Biologie / Recherche Scientifique,same
0.65,0.5,1.0,0.8,0.5,0.2,1.0,0.6327,Biologie / Recherche Scientifique,same
0.65,0.5,1.0,0.8,0.5,0.2,1.0,0.6415,Biologie / Recherche Scientifique,same
0.65,0.5,1.0,0.6,0.5,0.4,1.0,0.6123,Biologie / Recherche Scientifique,same
0.65,0.5,1.0,0.6,0.5,0.4,1.0,0.6596,Biologie / Recherche Scientifique,same
0.65,0.5,1.0,0.6,0.5,0.4,1.0,0.6383,Biologie / Recherche Scientifique,same
0.65,0.5,1.0,1.0,0.5,0.0,1.0,0.6049,Biologie / Recherche Scientifique,same
0.65,0.5,1.0,1.0,0.5,0.0,1.0,0.6212,Biologie / Recherche Scientifique,same
0.65,0.5,1.0,1.0,0.5,0.0,1.0,0.6574,Biologie / Recherche Scientifique,same
0.65,0.5,1.0,0.8,0.5,0.2,1.0,0.6249,Biologie / Recherche Scientifique,same
0.65,0.5,1.0,0.8,0.5,0.2,1.0,0.6392,Biologie / Recherche Scientifique,same
0.65,0.5,1.0,0.8,0.5,0.2,1.0,0.6353,Biologie / Recherche Scientifique,same
0.65,0.5,1.0,0.6,0.5,0.4,1.0,0.6227,Biologie / Recherche Scientifique,same
0.65,0.5,1.0,0.6,0.5,0.4,1.0,0.647,Biologie / Recherche Scientifique,same
0.65,0.5,1.0,0.6,0.5,0.4,1.0,0.6285,Biologie / Recherche Scientifique,same
0.5666,0.3333,1.0,1.0,0.3333,0.0,1.0,0.548,Biologie / Recherche Scientifique,same
0.5666,0.3333,1.0,1.0,0.3333,0.0,1.0,0.5584,Biologie / Recherche Scientifique,same
0.5666,0.3333,1.0,1.0,0.3333,0.0,1.0,0.5498,Biologie / Recherche Scientifique,same
0.5666,0.3333,1.0,0.8,0.3333,0.2,1.0,0.5622,Biologie / Recherche Scientifique,same
0.5666,0.3333,1.0,0.8,0.3333,0.2,1.0,0.5324,Biologie / Recherche Scientifique,same
0.5666,0.3333,1.0,0.8,0.3333,0.2,1.0,0.536,Biologie / Recherche Scientifique,same
0.5666,0.3333,1.0,0.6,0.3333,0.4,1.0,0.5681,Biologie / Recherche Scientifique,same
0.5666,0.3333,1.0,0.6,0.3333,0.4,1.0,0.5542,Biologie / Recherche Scientifique,same
0.5666,0.3333,1.0,0.6,0.3333,0.4,1.0,0.5438,Biologie / Recherche Scientifique,same
0.4834,0.1667,1.0,1.0,0.1667,0.0,0.65,0.2818,Biologie / Recherche Scientifique,adjacent
0.4834,0.1667,1.0,0.8,0.1667,0.2,0.65,0.2881,Biologie / Recherche Scientifique,adjacent
0.4834,0.1667,1.0,1.0,0.1667,0.0,0.65,0.2914,Biologie / Recherche Scientifique,adjacent
0.4834,0.1667,1.0,0.8,0.1667,0.2,0.65,0.2748,Biologie / Recherche Scientifique,adjacent
0.4834,0.1667,1.0,1.0,0.1667,0.0,0.65,0.3183,Biologie / Recherche Scientifique,adjacent
0.4834,0.1667,1.0,0.8,0.1667,0.2,0.65,0.3033,Biologie / Recherche Scientifique,adjacent
0.4,0.0,1.0,1.0,0.0,0.0,0.0,0.0683,Biologie / Recherche Scientifique,different
0.4,0.0,1.0,0.8,0.0,0.2,0.0,0.0728,Biologie / Recherche Scientifique,different
0.4,0.0,1.0,0.6,0.0,0.4,0.0,0.0448,Biologie / Recherche Scientifique,different
0.4,0.0,1.0,0.4,0.0,0.6,0.0,0.0503,Biologie / Recherche Scientifique,different
0.8167,0.8333,1.0,1.0,0.8333,0.0,1.0,0.7779,Chimie Industrielle,same
0.8167,0.8333,1.0,1.0,0.8333,0.0,1.0,0.7894,Chimie Industrielle,same
0.8167,0.8333,1.0,1.0,0.8333,0.0,1.0,0.8018,Chimie Industrielle,same
0.8167,0.8333,1.0,0.8,0.8333,0.2,1.0,0.7751,Chimie Industrielle,same
0.8167,0.8333,1.0,0.8,0.8333,0.2,1.0,0.7769,Chimie Industrielle,same
0.8167,0.8333,1.0,0.8,0.8333,0.2,1.0,0.7811,Chimie Industrielle,same
0.8167,0.8333,1.0,0.6,0.8333,0.4,1.0,0.7695,Chimie Industrielle,same
0.8167,0.8333,1.0,0.6,0.8333,0.4,1.0,0.7487,Chimie Industrielle,same
0.8167,0.8333,1.0,0.6,0.8333,0.4,1.0,0.7809,Chimie Industrielle,same
0.7333,0.6667,1.0,1.0,0.6667,0.0,1.0,0.6912,Chimie Industrielle,same
0.7333,0.6667,1.0,1.0,0.6667,0.0,1.0,0.7158,Chimie Industrielle,same
0.7333,0.6667,1.0,1.0,0.6667,0.0,1.0,0.7022,Chimie Industrielle,same
0.7333,0.6667,1.0,0.8,0.6667,0.2,1.0,0.718,Chimie Industrielle,same
0.7333,0.6667,1.0,0.8,0.6667,0.2,1.0,0.6897,Chimie Industrielle,same
0.7333,0.6667,1.0,0.8,0.6667,0.2,1.0,0.7136,Chimie Industrielle,same
0.7333,0.6667,1.0,0.6,0.6667,0.4,1.0,0.6804,Chimie Industrielle,same
0.7333,0.6667,1.0,0.6,0.6667,0.4,1.0,0.7113,Chimie Industrielle,same
0.7333,0.6667,1.0,0.6,0.6667,0.4,1.0,0.6972,Chimie Industrielle,same
0.65,0.5,1.0,1.0,0.5,0.0,1.0,0.6362,Chimie Industrielle,same
0.65,0.5,1.0,1.0,0.5,0.0,1.0,0.6207,Chimie Industrielle,same
0.65,0.5,1.0,1.0,0.5,0.0,1.0,0.6332,Chimie Industrielle,same
0.65,0.5,1.0,0.8,0.5,0.2,1.0,0.631,Chimie Industrielle,same
0.65,0.5,1.0,0.8,0.5,0.2,1.0,0.6296,Chimie Industrielle,same
0.65,0.5,1.0,0.8,0.5,0.2,1.0,0.6303,Chimie Industrielle,same
0.65,0.5,1.0,0.6,0.5,0.4,1.0,0.6452,Chimie Industrielle,same
0.65,0.5,1.0,0.6,0.5,0.4,1.0,0.6183,Chimie Industrielle,same
0.65,0.5,1.0,0.6,0.5,0.4,1.0,0.6418,Chimie Industrielle,same
0.65,0.5,1.0,1.0,0.5,0.0,1.0,0.6208,Chimie Industrielle,same
0.65,0.5,1.0,1.0,0.5,0.0,1.0,0.6395,Chimie Industrielle,same
0.65,0.5,1.0,1.0,0.5,0.0,1.0,0.6531,Chimie Industrielle,same
0.65,0.5,1.0,0.8,0.5,0.2,1.0,0.6154,Chimie Industrielle,same
0.65,0.5,1.0,0.8,0.5,0.2,1.0,0.5991,Chimie Industrielle,same
0.65,0.5,1.0,0.8,0.5,0.2,1.0,0.627,Chimie Industrielle,same
0.65,0.5,1.0,0.6,0.5,0.4,1.0,0.6167,Chimie Industrielle,same
0.65,0.5,1.0,0.6,0.5,0.4,1.0,0.6187,Chimie Industrielle,same
0.65,0.5,1.0,0.6,0.5,0.4,1.0,0.621,Chimie Industrielle,same
0.5666,0.3333,1.0,1.0,0.3333,0.0,1.0,0.5436,Chimie Industrielle,same
0.5666,0.3333,1.0,1.0,0.3333,0.0,1.0,0.5672,Chimie Industrielle,same
0.5666,0.3333,1.0,1.0,0.3333,0.0,1.0,0.5635,Chimie Industrielle,same
0.5666,0.3333,1.0,0.8,0.3333,0.2,1.0,0.5639,Chimie Industrielle,same
0.5666,0.3333,1.0,0.8,0.3333,0.2,1.0,0.5777,Chimie Industrielle,same
0.5666,0.3333,1.0,0.8,0.3333,0.2,1.0,0.5408,Chimie Industrielle,same
0.5666,0.3333,1.0,0.6,0.3333,0.4,1.0,0.52,Chimie Industrielle,same
0.5666,0.3333,1.0,0.6,0.3333,0.4,1.0,0.5743,Chimie Industrielle,same
0.5666,0.3333,1.0,0.6,0.3333,0.4,1.0,0.553,Chimie Industrielle,same
0.4834,0.1667,1.0,1.0,0.1667,0.0,0.65,0.2993,Chimie Industrielle,adjacent
0.4834,0.1667,1.0,0.8,0.1667,0.2,0.65,0.2784,Chimie Industrielle,adjacent
0.4834,0.1667,1.0,1.0,0.1667,0.0,0.65,0.2838,Chimie Industrielle,adjacent
0.4834,0.1667,1.0,0.8,0.1667,0.2,0.65,0.3083,Chimie Industrielle,adjacent
0.4834,0.1667,1.0,1.0,0.1667,0.0,0.65,0.2983,Chimie Industrielle,adjacent
0.4834,0.1667,1.0,0.8,0.1667,0.2,0.65,0.2742,Chimie Industrielle,adjacent
0.4,0.0,1.0,0.8,0.0,0.2,0.0,0.04,Chimie Industrielle,different
0.4,0.0,1.0,0.6,0.0,0.4,0.0,0.044,Chimie Industrielle,different
0.4,0.0,1.0,0.6,0.0,0.4,0.0,0.0586,Chimie Industrielle,different
0.4,0.0,1.0,1.0,0.0,0.0,0.0,0.0582,Chimie Industrielle,different
0.8167,0.8333,1.0,1.0,0.8333,0.0,1.0,0.7756,Environnement / HSE,same
0.8167,0.8333,1.0,1.0,0.8333,0.0,1.0,0.7711,Environnement / HSE,same
0.8167,0.8333,1.0,1.0,0.8333,0.0,1.0,0.7646,Environnement / HSE,same
0.8167,0.8333,1.0,0.8,0.8333,0.2,1.0,0.7794,Environnement / HSE,same
0.8167,0.8333,1.0,0.8,0.8333,0.2,1.0,0.7564,Environnement / HSE,same
0.8167,0.8333,1.0,0.8,0.8333,0.2,1.0,0.7873,Environnement / HSE,same
0.8167,0.8333,1.0,0.6,0.8333,0.4,1.0,0.7788,Environnement / HSE,same
0.8167,0.8333,1.0,0.6,0.8333,0.4,1.0,0.7687,Environnement / HSE,same
0.8167,0.8333,1.0,0.6,0.8333,0.4,1.0,0.7785,Environnement / HSE,same
0.7333,0.6667,1.0,1.0,0.6667,0.0,1.0,0.6787,Environnement / HSE,same
0.7333,0.6667,1.0,1.0,0.6667,0.0,1.0,0.7128,Environnement / HSE,same
0.7333,0.6667,1.0,1.0,0.6667,0.0,1.0,0.6931,Environnement / HSE,same
0.7333,0.6667,1.0,0.8,0.6667,0.2,1.0,0.7094,Environnement / HSE,same
0.7333,0.6667,1.0,0.8,0.6667,0.2,1.0,0.7101,Environnement / HSE,same
0.7333,0.6667,1.0,0.8,0.6667,0.2,1.0,0.6814,Environnement / HSE,same
0.7333,0.6667,1.0,0.6,0.6667,0.4,1.0,0.6822,Environnement / HSE,same
0.7333,0.6667,1.0,0.6,0.6667,0.4,1.0,0.6905,Environnement / HSE,same
0.7333,0.6667,1.0,0.6,0.6667,0.4,1.0,0.702,Environnement / HSE,same
0.65,0.5,1.0,1.0,0.5,0.0,1.0,0.638,Environnement / HSE,same
0.65,0.5,1.0,1.0,0.5,0.0,1.0,0.626,Environnement / HSE,same
0.65,0.5,1.0,1.0,0.5,0.0,1.0,0.622,Environnement / HSE,same
0.65,0.5,1.0,0.8,0.5,0.2,1.0,0.6343,Environnement / HSE,same
0.65,0.5,1.0,0.8,0.5,0.2,1.0,0.6262,Environnement / HSE,same
0.65,0.5,1.0,0.8,0.5,0.2,1.0,0.6337,Environnement / HSE,same
0.65,0.5,1.0,0.6,0.5,0.4,1.0,0.6317,Environnement / HSE,same
0.65,0.5,1.0,0.6,0.5,0.4,1.0,0.6304,Environnement / HSE,same
0.65,0.5,1.0,0.6,0.5,0.4,1.0,0.6204,Environnement / HSE,same
0.65,0.5,1.0,1.0,0.5,0.0,1.0,0.6505,Environnement / HSE,same
0.65,0.5,1.0,1.0,0.5,0.0,1.0,0.638,Environnement / HSE,same
0.65,0.5,1.0,1.0,0.5,0.0,1.0,0.6358,Environnement / HSE,same
0.65,0.5,1.0,0.8,0.5,0.2,1.0,0.6235,Environnement / HSE,same
0.65,0.5,1.0,0.8,0.5,0.2,1.0,0.6503,Environnement / HSE,same
0.65,0.5,1.0,0.8,0.5,0.2,1.0,0.6227,Environnement / HSE,same
0.65,0.5,1.0,0.6,0.5,0.4,1.0,0.6214,Environnement / HSE,same
0.65,0.5,1.0,0.6,0.5,0.4,1.0,0.6128,Environnement / HSE,same
0.65,0.5,1.0,0.6,0.5,0.4,1.0,0.6157,Environnement / HSE,same
0.5666,0.3333,1.0,1.0,0.3333,0.0,1.0,0.5365,Environnement / HSE,same
0.5666,0.3333,1.0,1.0,0.3333,0.0,1.0,0.5464,Environnement / HSE,same
0.5666,0.3333,1.0,1.0,0.3333,0.0,1.0,0.5516,Environnement / HSE,same
0.5666,0.3333,1.0,0.8,0.3333,0.2,1.0,0.5342,Environnement / HSE,same
0.5666,0.3333,1.0,0.8,0.3333,0.2,1.0,0.5784,Environnement / HSE,same
0.5666,0.3333,1.0,0.8,0.3333,0.2,1.0,0.5372,Environnement / HSE,same
0.5666,0.3333,1.0,0.6,0.3333,0.4,1.0,0.5582,Environnement / HSE,same
0.5666,0.3333,1.0,0.6,0.3333,0.4,1.0,0.5634,Environnement / HSE,same
0.5666,0.3333,1.0,0.6,0.3333,0.4,1.0,0.5433,Environnement / HSE,same
0.4834,0.1667,1.0,1.0,0.1667,0.0,0.65,0.2946,Environnement / HSE,adjacent
0.4834,0.1667,1.0,0.8,0.1667,0.2,0.65,0.2915,Environnement / HSE,adjacent
0.4834,0.1667,1.0,1.0,0.1667,0.0,0.65,0.3099,Environnement / HSE,adjacent
0.4834,0.1667,1.0,0.8,0.1667,0.2,0.65,0.3068,Environnement / HSE,adjacent
0.4834,0.1667,1.0,1.0,0.1667,0.0,0.65,0.2867,Environnement / HSE,adjacent
0.4834,0.1667,1.0,0.8,0.1667,0.2,0.65,0.2957,Environnement / HSE,adjacent
0.4,0.0,1.0,0.6,0.0,0.4,0.0,0.0551,Environnement / HSE,different
0.4,0.0,1.0,1.0,0.0,-0.4,0.0,0.0501,Environnement / HSE,different
0.4,0.0,1.0,0.8,0.0,0.2,0.0,0.0572,Environnement / HSE,different
0.4,0.0,1.0,1.0,0.0,0.0,0.0,0.0512,Environnement / HSE,different
0.8167,0.8333,1.0,1.0,0.8333,0.0,1.0,0.7691,Optique / Optométrie,same
0.8167,0.8333,1.0,1.0,0.8333,0.0,1.0,0.776,Optique / Optométrie,same
0.8167,0.8333,1.0,1.0,0.8333,0.0,1.0,0.7779,Optique / Optométrie,same
0.8167,0.8333,1.0,0.8,0.8333,0.2,1.0,0.7618,Optique / Optométrie,same
0.8167,0.8333,1.0,0.8,0.8333,0.2,1.0,0.7824,Optique / Optométrie,same
0.8167,0.8333,1.0,0.8,0.8333,0.2,1.0,0.7692,Optique / Optométrie,same
0.8167,0.8333,1.0,0.8,0.8333,0.2,1.0,0.7675,Optique / Optométrie,same
0.8167,0.8333,1.0,0.8,0.8333,0.2,1.0,0.7658,Optique / Optométrie,same
0.8167,0.8333,1.0,0.8,0.8333,0.2,1.0,0.7669,Optique / Optométrie,same
0.7333,0.6667,1.0,1.0,0.6667,0.0,1.0,0.7085,Optique / Optométrie,same
0.7333,0.6667,1.0,1.0,0.6667,0.0,1.0,0.7014,Optique / Optométrie,same
0.7333,0.6667,1.0,1.0,0.6667,0.0,1.0,0.7033,Optique / Optométrie,same
0.7333,0.6667,1.0,0.8,0.6667,0.2,1.0,0.6913,Optique / Optométrie,same
0.7333,0.6667,1.0,0.8,0.6667,0.2,1.0,0.7035,Optique / Optométrie,same
0.7333,0.6667,1.0,0.8,0.6667,0.2,1.0,0.708,Optique / Optométrie,same
0.7333,0.6667,1.0,0.8,0.6667,0.2,1.0,0.6868,Optique / Optométrie,same
0.7333,0.6667,1.0,0.8,0.6667,0.2,1.0,0.7108,Optique / Optométrie,same
0.7333,0.6667,1.0,0.8,0.6667,0.2,1.0,0.7151,Optique / Optométrie,same
0.65,0.5,1.0,1.0,0.5,0.0,1.0,0.6396,Optique / Optométrie,same
0.65,0.5,1.0,1.0,0.5,0.0,1.0,0.6352,Optique / Optométrie,same
0.65,0.5,1.0,1.0,0.5,0.0,1.0,0.6294,Optique / Optométrie,same
0.65,0.5,1.0,0.8,0.5,0.2,1.0,0.6134,Optique / Optométrie,same
0.65,0.5,1.0,0.8,0.5,0.2,1.0,0.6253,Optique / Optométrie,same
0.65,0.5,1.0,0.8,0.5,0.2,1.0,0.6164,Optique / Optométrie,same
0.65,0.5,1.0,0.8,0.5,0.2,1.0,0.636,Optique / Optométrie,same
0.65,0.5,1.0,0.8,0.5,0.2,1.0,0.6294,Optique / Optométrie,same
0.65,0.5,1.0,0.8,0.5,0.2,1.0,0.5942,Optique / Optométrie,same
0.65,0.5,1.0,1.0,0.5,0.0,1.0,0.6206,Optique / Optométrie,same
0.65,0.5,1.0,1.0,0.5,0.0,1.0,0.6142,Optique / Optométrie,same
0.65,0.5,1.0,1.0,0.5,0.0,1.0,0.599,Optique / Optométrie,same
0.65,0.5,1.0,0.8,0.5,0.2,1.0,0.6171,Optique / Optométrie,same
0.65,0.5,1.0,0.8,0.5,0.2,1.0,0.6211,Optique / Optométrie,same
0.65,0.5,1.0,0.8,0.5,0.2,1.0,0.6214,Optique / Optométrie,same
0.65,0.5,1.0,0.8,0.5,0.2,1.0,0.6365,Optique / Optométrie,same
0.65,0.5,1.0,0.8,0.5,0.2,1.0,0.6269,Optique / Optométrie,same
0.65,0.5,1.0,0.8,0.5,0.2,1.0,0.6225,Optique / Optométrie,same
0.5666,0.3333,1.0,1.0,0.3333,0.0,1.0,0.537,Optique / Optométrie,same
0.5666,0.3333,1.0,1.0,0.3333,0.0,1.0,0.5437,Optique / Optométrie,same
0.5666,0.3333,1.0,1.0,0.3333,0.0,1.0,0.5192,Optique / Optométrie,same
0.5666,0.3333,1.0,0.8,0.3333,0.2,1.0,0.5352,Optique / Optométrie,same
0.5666,0.3333,1.0,0.8,0.3333,0.2,1.0,0.5676,Optique / Optométrie,same
0.5666,0.3333,1.0,0.8,0.3333,0.2,1.0,0.5734,Optique / Optométrie,same
0.5666,0.3333,1.0,0.8,0.3333,0.2,1.0,0.5222,Optique / Optométrie,same
0.5666,0.3333,1.0,0.8,0.3333,0.2,1.0,0.5592,Optique / Optométrie,same
0.5666,0.3333,1.0,0.8,0.3333,0.2,1.0,0.5541,Optique / Optométrie,same
0.4834,0.1667,1.0,1.0,0.1667,0.0,0.65,0.3072,Optique / Optométrie,adjacent
0.4834,0.1667,1.0,0.8,0.1667,0.2,0.65,0.3012,Optique / Optométrie,adjacent
0.4834,0.1667,1.0,1.0,0.1667,0.0,0.65,0.3033,Optique / Optométrie,adjacent
0.4834,0.1667,1.0,0.8,0.1667,0.2,0.65,0.316,Optique / Optométrie,adjacent
0.4834,0.1667,1.0,1.0,0.1667,0.0,0.65,0.3086,Optique / Optométrie,adjacent
0.4834,0.1667,1.0,0.8,0.1667,0.2,0.65,0.3066,Optique / Optométrie,adjacent
0.4,0.0,1.0,1.0,0.0,0.0,0.0,0.0713,Optique / Optométrie,different
0.4,0.0,1.0,1.0,0.0,-0.2,0.0,0.0725,Optique / Optométrie,different
0.4,0.0,1.0,0.8,0.0,0.2,0.0,0.04,Optique / Optométrie,different
0.4,0.0,1.0,1.0,0.0,-0.4,0.0,0.0415,Optique / Optométrie,different
0.8,0.8,1.0,1.0,0.8,0.0,1.0,0.7664,Petite Enfance / Crèche,same
0.8,0.8,1.0,1.0,0.8,0.0,1.0,0.7578,Petite Enfance / Crèche,same
0.8,0.8,1.0,1.0,0.8,0.0,1.0,0.7731,Petite Enfance / Crèche,same
0.8,0.8,1.0,0.8,0.8,0.2,1.0,0.7748,Petite Enfance / Crèche,same
0.8,0.8,1.0,0.8,0.8,0.2,1.0,0.7449,Petite Enfance / Crèche,same
0.8,0.8,1.0,0.8,0.8,0.2,1.0,0.7496,Petite Enfance / Crèche,same
0.8,0.8,1.0,0.8,0.8,0.2,1.0,0.7498,Petite Enfance / Crèche,same
0.8,0.8,1.0,0.8,0.8,0.2,1.0,0.7491,Petite Enfance / Crèche,same
0.8,0.8,1.0,0.8,0.8,0.2,1.0,0.766,Petite Enfance / Crèche,same
0.8,0.8,1.0,1.0,0.8,0.0,1.0,0.7695,Petite Enfance / Crèche,same
0.8,0.8,1.0,1.0,0.8,0.0,1.0,0.7728,Petite Enfance / Crèche,same
0.8,0.8,1.0,1.0,0.8,0.0,1.0,0.7615,Petite Enfance / Crèche,same
0.8,0.8,1.0,0.8,0.8,0.2,1.0,0.7316,Petite Enfance / Crèche,same
0.8,0.8,1.0,0.8,0.8,0.2,1.0,0.7737,Petite Enfance / Crèche,same
0.8,0.8,1.0,0.8,0.8,0.2,1.0,0.753,Petite Enfance / Crèche,same
0.8,0.8,1.0,0.8,0.8,0.2,1.0,0.7679,Petite Enfance / Crèche,same
0.8,0.8,1.0,0.8,0.8,0.2,1.0,0.7658,Petite Enfance / Crèche,same
0.8,0.8,1.0,0.8,0.8,0.2,1.0,0.7493,Petite Enfance / Crèche,same
0.7,0.6,1.0,1.0,0.6,0.0,1.0,0.6676,Petite Enfance / Crèche,same
0.7,0.6,1.0,1.0,0.6,0.0,1.0,0.66,Petite Enfance / Crèche,same
0.7,0.6,1.0,1.0,0.6,0.0,1.0,0.6763,Petite Enfance / Crèche,same
0.7,0.6,1.0,0.8,0.6,0.2,1.0,0.6536,Petite Enfance / Crèche,same
0.7,0.6,1.0,0.8,0.6,0.2,1.0,0.6715,Petite Enfance / Crèche,same
0.7,0.6,1.0,0.8,0.6,0.2,1.0,0.6794,Petite Enfance / Crèche,same
0.7,0.6,1.0,0.8,0.6,0.2,1.0,0.6722,Petite Enfance / Crèche,same
0.7,0.6,1.0,0.8,0.6,0.2,1.0,0.6802,Petite Enfance / Crèche,same
0.7,0.6,1.0,0.8,0.6,0.2,1.0,0.6829,Petite Enfance / Crèche,same
0.6,0.4,1.0,1.0,0.4,0.0,1.0,0.5788,Petite Enfance / Crèche,same
0.6,0.4,1.0,1.0,0.4,0.0,1.0,0.5768,Petite Enfance / Crèche,same
0.6,0.4,1.0,1.0,0.4,0.0,1.0,0.5883,Petite Enfance / Crèche,same
0.6,0.4,1.0,0.8,0.4,0.2,1.0,0.5731,Petite Enfance / Crèche,same
0.6,0.4,1.0,0.8,0.4,0.2,1.0,0.5815,Petite Enfance / Crèche,same
0.6,0.4,1.0,0.8,0.4,0.2,1.0,0.5998,Petite Enfance / Crèche,same
0.6,0.4,1.0,0.8,0.4,0.2,1.0,0.6025,Petite Enfance / Crèche,same
0.6,0.4,1.0,0.8,0.4,0.2,1.0,0.5678,Petite Enfance / Crèche,same
0.6,0.4,1.0,0.8,0.4,0.2,1.0,0.602,Petite Enfance / Crèche,same
0.5,0.2,1.0,1.0,0.2,0.0,1.0,0.4928,Petite Enfance / Crèche,same
0.5,0.2,1.0,1.0,0.2,0.0,1.0,0.4868,Petite Enfance / Crèche,same
0.5,0.2,1.0,1.0,0.2,0.0,1.0,0.4992,Petite Enfance / Crèche,same
0.5,0.2,1.0,0.8,0.2,0.2,1.0,0.4715,Petite Enfance / Crèche,same
0.5,0.2,1.0,0.8,0.2,0.2,1.0,0.491,Petite Enfance / Crèche,same
0.5,0.2,1.0,0.8,0.2,0.2,1.0,0.5097,Petite Enfance / Crèche,same
0.5,0.2,1.0,0.8,0.2,0.2,1.0,0.504,Petite Enfance / Crèche,same
0.5,0.2,1.0,0.8,0.2,0.2,1.0,0.5116,Petite Enfance / Crèche,same
0.5,0.2,1.0,0.8,0.2,0.2,1.0,0.5143,Petite Enfance / Crèche,same
0.5,0.2,1.0,1.0,0.2,0.0,0.65,0.289,Petite Enfance / Crèche,adjacent
0.5,0.2,1.0,0.8,0.2,0.2,0.65,0.3178,Petite Enfance / Crèche,adjacent
0.5,0.2,1.0,1.0,0.2,0.0,0.65,0.3085,Petite Enfance / Crèche,adjacent
0.5,0.2,1.0,0.8,0.2,0.2,0.65,0.3224,Petite Enfance / Crèche,adjacent
0.5,0.2,1.0,1.0,0.2,0.0,0.65,0.3053,Petite Enfance / Crèche,adjacent
0.5,0.2,1.0,0.8,0.2,0.2,0.65,0.3039,Petite Enfance / Crèche,adjacent
0.4,0.0,1.0,1.0,0.0,0.0,0.0,0.0488,Petite Enfance / Crèche,different
0.4,0.0,1.0,1.0,0.0,-0.2,0.0,0.04,Petite Enfance / Crèche,different
0.4,0.0,1.0,1.0,0.0,-0.6,0.0,0.0673,Petite Enfance / Crèche,different
0.4,0.0,1.0,1.0,0.0,-0.4,0.0,0.0576,Petite Enfance / Crèche,different
0.8167,0.8333,1.0,1.0,0.8333,0.0,1.0,0.7778,Management Technique / DSI,same
0.8167,0.8333,1.0,1.0,0.8333,0.0,1.0,0.7606,Management Technique / DSI,same
0.8167,0.8333,1.0,1.0,0.8333,0.0,1.0,0.7683,Management Technique / DSI,same
0.8167,0.8333,1.0,0.8,0.8333,0.2,1.0,0.7719,Management Technique / DSI,same
0.8167,0.8333,1.0,0.8,0.8333,0.2,1.0,0.7807,Management Technique / DSI,same
0.8167,0.8333,1.0,0.8,0.8333,0.2,1.0,0.7693,Management Technique / DSI,same
0.8167,0.8333,1.0,0.6,0.8333,0.4,1.0,0.7779,Management Technique / DSI,same
0.8167,0.8333,1.0,0.6,0.8333,0.4,1.0,0.7761,Management Technique / DSI,same
0.8167,0.8333,1.0,0.6,0.8333,0.4,1.0,0.7858,Management Technique / DSI,same
0.7333,0.6667,1.0,1.0,0.6667,0.0,1.0,0.7035,Management Technique / DSI,same
0.7333,0.6667,1.0,1.0,0.6667,0.0,1.0,0.7036,Management Technique / DSI,same
0.7333,0.6667,1.0,1.0,0.6667,0.0,1.0,0.7109,Management Technique / DSI,same
0.7333,0.6667,1.0,0.8,0.6667,0.2,1.0,0.6882,Management Technique / DSI,same
0.7333,0.6667,1.0,0.8,0.6667,0.2,1.0,0.7027,Management Technique / DSI,same
0.7333,0.6667,1.0,0.8,0.6667,0.2,1.0,0.7161,Management Technique / DSI,same
0.7333,0.6667,1.0,0.6,0.6667,0.4,1.0,0.6916,Management Technique / DSI,same
0.7333,0.6667,1.0,0.6,0.6667,0.4,1.0,0.7007,Management Technique / DSI,same
0.7333,0.6667,1.0,0.6,0.6667,0.4,1.0,0.7139,Management Technique / DSI,same
0.65,0.5,1.0,1.0,0.5,0.0,1.0,0.5962,Management Technique / DSI,same
0.65,0.5,1.0,1.0,0.5,0.0,1.0,0.6351,Management Technique / DSI,same
0.65,0.5,1.0,1.0,0.5,0.0,1.0,0.61,Management Technique / DSI,same
0.65,0.5,1.0,0.8,0.5,0.2,1.0,0.6274,Management Technique / DSI,same
0.65,0.5,1.0,0.8,0.5,0.2,1.0,0.6122,Management Technique / DSI,same
0.65,0.5,1.0,0.8,0.5,0.2,1.0,0.644,Management Technique / DSI,same
0.65,0.5,1.0,0.6,0.5,0.4,1.0,0.6238,Management Technique / DSI,same
0.65,0.5,1.0,0.6,0.5,0.4,1.0,0.6476,Management Technique / DSI,same
0.65,0.5,1.0,0.6,0.5,0.4,1.0,0.6274,Management Technique / DSI,same
0.65,0.5,1.0,1.0,0.5,0.0,1.0,0.6265,Management Technique / DSI,same
0.65,0.5,1.0,1.0,0.5,0.0,1.0,0.6474,Management Technique / DSI,same
0.65,0.5,1.0,1.0,0.5,0.0,1.0,0.6322,Management Technique / DSI,same
0.65,0.5,1.0,0.8,0.5,0.2,1.0,0.6266,Management Technique / DSI,same
0.65,0.5,1.0,0.8,0.5,0.2,1.0,0.6168,Management Technique / DSI,same
0.65,0.5,1.0,0.8,0.5,0.2,1.0,0.6265,Management Technique / DSI,same
0.65,0.5,1.0,0.6,0.5,0.4,1.0,0.6334,Management Technique / DSI,same
0.65,0.5,1.0,0.6,0.5,0.4,1.0,0.6297,Management Technique / DSI,same
0.65,0.5,1.0,0.6,0.5,0.4,1.0,0.6418,Management Technique / DSI,same
0.5666,0.3333,1.0,1.0,0.3333,0.0,1.0,0.5261,Management Technique / DSI,same
0.5666,0.3333,1.0,1.0,0.3333,0.0,1.0,0.548,Management Technique / DSI,same
0.5666,0.3333,1.0,1.0,0.3333,0.0,1.0,0.5678,Management Technique / DSI,same
0.5666,0.3333,1.0,0.8,0.3333,0.2,1.0,0.5463,Management Technique / DSI,same
0.5666,0.3333,1.0,0.8,0.3333,0.2,1.0,0.5437,Management Technique / DSI,same
0.5666,0.3333,1.0,0.8,0.3333,0.2,1.0,0.551,Management Technique / DSI,same
0.5666,0.3333,1.0,0.6,0.3333,0.4,1.0,0.56,Management Technique / DSI,same
0.5666,0.3333,1.0,0.6,0.3333,0.4,1.0,0.5691,Management Technique / DSI,same
0.5666,0.3333,1.0,0.6,0.3333,0.4,1.0,0.5527,Management Technique / DSI,same
0.4834,0.1667,1.0,1.0,0.1667,0.0,0.65,0.3162,Management Technique / DSI,adjacent
0.4834,0.1667,1.0,0.8,0.1667,0.2,0.65,0.3178,Management Technique / DSI,adjacent
0.4834,0.1667,1.0,1.0,0.1667,0.0,0.65,0.2934,Management Technique / DSI,adjacent
0.4834,0.1667,1.0,0.8,0.1667,0.2,0.65,0.2976,Management Technique / DSI,adjacent
0.4834,0.1667,1.0,1.0,0.1667,0.0,0.65,0.2907,Management Technique / DSI,adjacent
0.4834,0.1667,1.0,0.8,0.1667,0.2,0.65,0.3186,Management Technique / DSI,adjacent
0.4,0.0,0.8,0.8,0.0,0.2,0.0,0.04,Management Technique / DSI,different
0.4,0.0,1.0,0.4,0.0,0.6,0.0,0.0453,Management Technique / DSI,different
0.4,0.0,1.0,1.0,0.0,0.0,0.0,0.0638,Management Technique / DSI,different
0.4,0.0,0.2,1.0,0.0,0.0,0.0,0.0863,Management Technique / DSI,different
